ISO-10303-21;
HEADER;
/*Generated by software containing ST-Developer
 * from STEP Tools, Inc. (www.steptools.com) 
 */
/*OPTION: using custom renumber hook */
/*description */
/*implementation_level */
FILE_DESCRIPTION(('STEP AP242 Edition 2','STEP AP242 Edition 2''CAx-IF Rec.Pracs.---Representation and Presentation of Product Manufa
cturing Information (PMI)---4.0---2014-10-13','STEP AP242 Edition 2''CAx-IF Rec.Pracs.---Representation and Presentation of Product Manufa
cturing Information (PMI)---4.0---2014-10-13''CAx-IF Rec.Pracs.---3D Tessellated Geometry---0.4---2014-09-14','STEP AP242 Edition 2''CAx-IF Rec.Pracs.---Representation and Presentation of Product Manufa
cturing Information (PMI)---4.0---2014-10-13''CAx-IF Rec.Pracs.---3D Tessellated Geometry---0.4---2014-09-14''2;1','STEP AP242 Edition 2''CAx-IF Rec.Pracs.---Representation and Presentation of Product Manufa
cturing Information (PMI)---4.0---2014-10-13''CAx-IF Rec.Pracs.---3D Tessellated Geometry---0.4---2014-09-14''2;1''CAx-IF Rec.Pracs.---User Defined Attributes---1.5---2016-08-15'),'2;1');
/*name */
/*time_stamp */
/*author */
/*organization */
/*preprocessor_version */
/*originating_system */
/*authorisation */
FILE_NAME('/vol/tmp/translate-17658829317339735387/69b85135bb82eb80fa8ed338.step','2026-03-16T18:51:35',(''),(''),'ST-DEVELOPER v20','ONSHAPE BY PTC INC, 1.212','  ');
FILE_SCHEMA(('AP242_MANAGED_MODEL_BASED_3D_ENGINEERING_MIM_LF { 1 0 10303 442 3 1 4 }'));
ENDSEC;
DATA;
#10=ORIENTED_CLOSED_SHELL('',*,#8665,.F.);
#11=ORIENTED_CLOSED_SHELL('',*,#8666,.F.);
#12=DRAUGHTING_PRE_DEFINED_COLOUR('green');
#13=DRAUGHTING_PRE_DEFINED_COLOUR('white');
#14=DRAUGHTING_PRE_DEFINED_COLOUR('yellow');
#15=DRAUGHTING_PRE_DEFINED_COLOUR('red');
#16=CONICAL_SURFACE('',#9292,0.004167,0.0174532925199433);
#17=CONICAL_SURFACE('',#9310,0.02,0.0174532925199433);
#18=CONICAL_SURFACE('',#9337,0.02,0.0174532925199433);
#19=CONICAL_SURFACE('',#9347,0.002667,0.0174532925199433);
#20=CONICAL_SURFACE('',#9353,0.004375,0.0174532925199433);
#21=CONICAL_SURFACE('',#9359,0.0026732,0.0174532925199433);
#22=CONICAL_SURFACE('',#9390,0.022,0.026179938779915);
#23=CONICAL_SURFACE('',#9396,0.022,0.026179938779915);
#24=CONICAL_SURFACE('',#9399,0.0026732,0.0174532925199433);
#25=CONICAL_SURFACE('',#9411,0.004375,0.0174532925199433);
#26=CONICAL_SURFACE('',#9417,0.00396875,0.0174532925199433);
#27=CONICAL_SURFACE('',#9419,0.00396875,0.0174532925199433);
#28=CONICAL_SURFACE('',#9425,0.00396875,0.0174532925199433);
#29=CONICAL_SURFACE('',#9427,0.00396875,0.0174532925199433);
#30=CONICAL_SURFACE('',#9441,0.02,0.0174532925199433);
#31=CONICAL_SURFACE('',#9448,0.02,0.0174532925199433);
#32=CONICAL_SURFACE('',#9461,0.003175,0.0174532925199433);
#33=CONICAL_SURFACE('',#9473,0.003175,0.0174532925199433);
#34=CONICAL_SURFACE('',#9504,0.00825,0.785398163397476);
#35=CONICAL_SURFACE('',#9507,0.009525,0.785398163397431);
#36=CONICAL_SURFACE('',#9510,0.003,0.785398163397448);
#37=CONICAL_SURFACE('',#9532,0.022,0.026179938779915);
#38=CONICAL_SURFACE('',#9538,0.0029,0.00872664625997167);
#39=CONICAL_SURFACE('',#9541,0.0029,0.00872664625997167);
#40=CONICAL_SURFACE('',#9547,0.0215,0.785398163397455);
#41=CONICAL_SURFACE('',#9552,0.008,0.785398163397442);
#42=CONICAL_SURFACE('',#9593,0.00108749999999998,0.785398163397456);
#43=CONICAL_SURFACE('',#9594,0.00108749999999998,0.785398163397456);
#44=CONICAL_SURFACE('',#9611,0.0005875,0.785398163397443);
#45=CONICAL_SURFACE('',#9613,0.000587499999999993,0.785398163397445);
#46=CONICAL_SURFACE('',#9619,0.004167,0.00872664625997167);
#47=CONICAL_SURFACE('',#9628,0.003175,0.0174532925199433);
#48=CONICAL_SURFACE('',#9632,0.003175,0.0174532925199433);
#49=CONICAL_SURFACE('',#9643,0.022,0.026179938779915);
#50=CONICAL_SURFACE('',#9646,0.022,0.026179938779915);
#51=CONICAL_SURFACE('',#9653,0.022,0.026179938779915);
#52=CONICAL_SURFACE('',#9659,0.022,0.026179938779915);
#53=CONICAL_SURFACE('',#9670,0.0217500856687561,0.026179938779915);
#54=CONICAL_SURFACE('',#9684,0.0217500856687561,0.026179938779915);
#55=CONICAL_SURFACE('',#9738,0.000287825172483729,0.0175589624914899);
#56=CONICAL_SURFACE('',#9856,0.0217500856687561,0.026179938779915);
#57=CONICAL_SURFACE('',#9859,0.0217500856687561,0.026179938779915);
#58=CONICAL_SURFACE('',#9883,0.003867,0.0174532925199433);
#59=CONICAL_SURFACE('',#9891,0.005367,0.0174532925199433);
#60=ELLIPSE('',#9285,0.00020008830412074,0.0002);
#61=ELLIPSE('',#9287,0.000200088456426027,0.0002);
#62=ELLIPSE('',#9299,0.000199878082077676,0.000199780147419224);
#63=ELLIPSE('',#9300,0.000199878082077676,0.000199780147419224);
#64=ELLIPSE('',#9302,0.000199872798498593,0.000199774769859883);
#65=ELLIPSE('',#9304,0.000200030465608782,0.0002);
#66=ELLIPSE('',#9305,0.000200030465608782,0.0002);
#67=ELLIPSE('',#9314,0.000200088456426027,0.0002);
#68=ELLIPSE('',#9315,0.000500109656515124,0.0005);
#69=ELLIPSE('',#9317,0.000500077478385136,0.00049999116707393);
#70=ELLIPSE('',#9318,0.000200030465608782,0.0002);
#71=ELLIPSE('',#9321,0.000200030465608782,0.0002);
#72=ELLIPSE('',#9322,0.000500080375261784,0.00049999404590025);
#73=ELLIPSE('',#9324,0.000500109656515124,0.0005);
#74=ELLIPSE('',#9325,0.00020008830412074,0.0002);
#75=ELLIPSE('',#9327,0.00158804597014669,0.0015875);
#76=ELLIPSE('',#9328,0.00158804597014669,0.0015875);
#77=ELLIPSE('',#9336,0.389912216601533,0.00589337147935093);
#78=ELLIPSE('',#9343,0.389912216601533,0.00589337147935093);
#79=ELLIPSE('',#9345,0.281058526135137,0.00424809029168211);
#80=ELLIPSE('',#9365,0.0844124278960642,0.0014732);
#81=ELLIPSE('',#9370,0.0844124278960642,0.0014732);
#82=ELLIPSE('',#9372,0.00020006092657821,0.0002);
#83=ELLIPSE('',#9373,0.00020006092657821,0.0002);
#84=ELLIPSE('',#9375,0.000500077478385136,0.00049999116707393);
#85=ELLIPSE('',#9377,0.000500109656515124,0.0005);
#86=ELLIPSE('',#9382,0.000199990490368776,0.000199956558992972);
#87=ELLIPSE('',#9402,0.281058526135136,0.00424809029168209);
#88=ELLIPSE('',#9422,0.000200073234869321,0.000200003735477799);
#89=ELLIPSE('',#9430,0.000200071973612498,0.000200002485002506);
#90=ELLIPSE('',#9432,0.00213318927300884,0.0015875);
#91=ELLIPSE('',#9433,0.000278179121327959,0.0002);
#92=ELLIPSE('',#9435,0.000278179121327959,0.0002);
#93=ELLIPSE('',#9436,0.00213318927300884,0.0015875);
#94=ELLIPSE('',#9451,0.000500109656515124,0.0005);
#95=ELLIPSE('',#9453,0.000500080375261784,0.00049999404590025);
#96=ELLIPSE('',#9457,0.00020008830412074,0.0002);
#97=ELLIPSE('',#9460,0.000200088456426027,0.0002);
#98=ELLIPSE('',#9480,0.000199990685692398,0.000199956755014863);
#99=ELLIPSE('',#9484,0.000200071973612498,0.000200002485002506);
#100=ELLIPSE('',#9486,0.000200073234869321,0.000200003735477799);
#101=ELLIPSE('',#9530,0.000200030465608787,0.000200000000000005);
#102=ELLIPSE('',#9534,0.0364341853569104,0.0211548892093233);
#103=ELLIPSE('',#9712,0.0223435711509604,0.022);
#104=ELLIPSE('',#9713,0.0223306728167051,0.0219873);
#105=ELLIPSE('',#9717,0.0223435711509604,0.022);
#106=ELLIPSE('',#9718,0.0223306728167051,0.0219873);
#107=ELLIPSE('',#9866,0.00020006092657821,0.0002);
#108=ELLIPSE('',#9868,0.00020006092657821,0.0002);
#109=ELLIPSE('',#9876,0.00020006092657821,0.0002);
#110=ELLIPSE('',#9878,0.00020006092657821,0.0002);
#111=OVER_RIDING_STYLED_ITEM('',(#8673),#8265,#8669);
#112=OVER_RIDING_STYLED_ITEM('',(#8674),#8266,#8669);
#113=OVER_RIDING_STYLED_ITEM('',(#8675),#8267,#8669);
#114=OVER_RIDING_STYLED_ITEM('',(#8676),#8364,#8669);
#115=OVER_RIDING_STYLED_ITEM('',(#8677),#8365,#8669);
#116=OVER_RIDING_STYLED_ITEM('',(#8678),#8366,#8669);
#117=OVER_RIDING_STYLED_ITEM('',(#8679),#8368,#8669);
#118=OVER_RIDING_STYLED_ITEM('',(#8680),#8369,#8669);
#119=OVER_RIDING_STYLED_ITEM('',(#8681),#8370,#8669);
#120=OVER_RIDING_STYLED_ITEM('',(#8682),#8374,#8669);
#121=OVER_RIDING_STYLED_ITEM('',(#8683),#8383,#8669);
#122=OVER_RIDING_STYLED_ITEM('',(#8684),#8395,#8669);
#123=OVER_RIDING_STYLED_ITEM('',(#8685),#8422,#8669);
#124=OVER_RIDING_STYLED_ITEM('',(#8686),#8424,#8669);
#125=OVER_RIDING_STYLED_ITEM('',(#8687),#8429,#8669);
#126=OVER_RIDING_STYLED_ITEM('',(#8688),#8430,#8669);
#127=OVER_RIDING_STYLED_ITEM('',(#8689),#8431,#8669);
#128=OVER_RIDING_STYLED_ITEM('',(#8690),#8438,#8669);
#129=OVER_RIDING_STYLED_ITEM('',(#8691),#8439,#8669);
#130=OVER_RIDING_STYLED_ITEM('',(#8692),#8440,#8669);
#131=OVER_RIDING_STYLED_ITEM('',(#8693),#8447,#8669);
#132=OVER_RIDING_STYLED_ITEM('',(#8694),#8448,#8669);
#133=OVER_RIDING_STYLED_ITEM('',(#8695),#8451,#8669);
#134=OVER_RIDING_STYLED_ITEM('',(#8696),#8452,#8669);
#135=OVER_RIDING_STYLED_ITEM('',(#8697),#8456,#8669);
#136=OVER_RIDING_STYLED_ITEM('',(#8698),#8457,#8669);
#137=OVER_RIDING_STYLED_ITEM('',(#8699),#8458,#8669);
#138=OVER_RIDING_STYLED_ITEM('',(#8700),#8459,#8669);
#139=OVER_RIDING_STYLED_ITEM('',(#8701),#8460,#8669);
#140=OVER_RIDING_STYLED_ITEM('',(#8702),#8461,#8669);
#141=OVER_RIDING_STYLED_ITEM('',(#8703),#8462,#8669);
#142=OVER_RIDING_STYLED_ITEM('',(#8704),#8463,#8669);
#143=OVER_RIDING_STYLED_ITEM('',(#8705),#8464,#8669);
#144=OVER_RIDING_STYLED_ITEM('',(#8706),#8465,#8669);
#145=OVER_RIDING_STYLED_ITEM('',(#8707),#8466,#8669);
#146=OVER_RIDING_STYLED_ITEM('',(#8708),#8467,#8669);
#147=OVER_RIDING_STYLED_ITEM('',(#8709),#8468,#8669);
#148=OVER_RIDING_STYLED_ITEM('',(#8710),#8469,#8669);
#149=OVER_RIDING_STYLED_ITEM('',(#8711),#8470,#8669);
#150=OVER_RIDING_STYLED_ITEM('',(#8712),#8471,#8669);
#151=OVER_RIDING_STYLED_ITEM('',(#8713),#8472,#8669);
#152=OVER_RIDING_STYLED_ITEM('',(#8714),#8473,#8669);
#153=OVER_RIDING_STYLED_ITEM('',(#8715),#8474,#8669);
#154=OVER_RIDING_STYLED_ITEM('',(#8716),#8475,#8669);
#155=OVER_RIDING_STYLED_ITEM('',(#8717),#8476,#8669);
#156=OVER_RIDING_STYLED_ITEM('',(#8718),#8477,#8669);
#157=OVER_RIDING_STYLED_ITEM('',(#8719),#8478,#8669);
#158=OVER_RIDING_STYLED_ITEM('',(#8720),#8479,#8669);
#159=OVER_RIDING_STYLED_ITEM('',(#8721),#8480,#8669);
#160=OVER_RIDING_STYLED_ITEM('',(#8722),#8481,#8669);
#161=OVER_RIDING_STYLED_ITEM('',(#8723),#8482,#8669);
#162=OVER_RIDING_STYLED_ITEM('',(#8724),#8483,#8669);
#163=OVER_RIDING_STYLED_ITEM('',(#8725),#8484,#8669);
#164=OVER_RIDING_STYLED_ITEM('',(#8726),#8485,#8669);
#165=OVER_RIDING_STYLED_ITEM('',(#8727),#8506,#8669);
#166=OVER_RIDING_STYLED_ITEM('',(#8728),#8519,#8669);
#167=OVER_RIDING_STYLED_ITEM('',(#8729),#8528,#8669);
#168=OVER_RIDING_STYLED_ITEM('',(#8730),#8538,#8669);
#169=OVER_RIDING_STYLED_ITEM('',(#8731),#8550,#8669);
#170=OVER_RIDING_STYLED_ITEM('',(#8732),#8559,#8669);
#171=OVER_RIDING_STYLED_ITEM('',(#8733),#8567,#8669);
#172=OVER_RIDING_STYLED_ITEM('',(#8734),#8576,#8669);
#173=OVER_RIDING_STYLED_ITEM('',(#8735),#8589,#8669);
#174=OVER_RIDING_STYLED_ITEM('',(#8736),#8602,#8669);
#175=OVER_RIDING_STYLED_ITEM('',(#8737),#8615,#8669);
#176=OVER_RIDING_STYLED_ITEM('',(#8738),#8620,#8669);
#177=OVER_RIDING_STYLED_ITEM('',(#8739),#8622,#8669);
#178=OVER_RIDING_STYLED_ITEM('',(#8740),#8623,#8669);
#179=OVER_RIDING_STYLED_ITEM('',(#8741),#8624,#8669);
#180=OVER_RIDING_STYLED_ITEM('',(#8742),#8627,#8669);
#181=OVER_RIDING_STYLED_ITEM('',(#8743),#8628,#8669);
#182=OVER_RIDING_STYLED_ITEM('',(#8744),#8629,#8669);
#183=OVER_RIDING_STYLED_ITEM('',(#8745),#8633,#8669);
#184=OVER_RIDING_STYLED_ITEM('',(#8746),#8638,#8669);
#185=BREP_WITH_VOIDS('Kraken X44 Brushless Motor',#8664,(#10,#11));
#186=CONTEXT_DEPENDENT_SHAPE_REPRESENTATION(#192,#16360);
#187=CONTEXT_DEPENDENT_SHAPE_REPRESENTATION(#193,#16362);
#188=CONTEXT_DEPENDENT_SHAPE_REPRESENTATION(#194,#16364);
#189=NEXT_ASSEMBLY_USAGE_OCCURRENCE('NAUO1','Part 1','Part 1',#16365,#16366,'');
#190=NEXT_ASSEMBLY_USAGE_OCCURRENCE('NAUO2','Part 1','Part 1',#16365,#16367,'');
#191=NEXT_ASSEMBLY_USAGE_OCCURRENCE('NAUO3','Kraken X44 Brushless Motor','Kraken X44 Brushless Motor',#16365,#16368,'');
#192=(
REPRESENTATION_RELATIONSHIP(' ',' ',#9145,#9144)
REPRESENTATION_RELATIONSHIP_WITH_TRANSFORMATION(#195)
SHAPE_REPRESENTATION_RELATIONSHIP()
);
#193=(
REPRESENTATION_RELATIONSHIP(' ',' ',#9146,#9144)
REPRESENTATION_RELATIONSHIP_WITH_TRANSFORMATION(#196)
SHAPE_REPRESENTATION_RELATIONSHIP()
);
#194=(
REPRESENTATION_RELATIONSHIP(' ',' ',#9147,#9144)
REPRESENTATION_RELATIONSHIP_WITH_TRANSFORMATION(#197)
SHAPE_REPRESENTATION_RELATIONSHIP()
);
#195=ITEM_DEFINED_TRANSFORMATION(' ',' ',#9148,#9201);
#196=ITEM_DEFINED_TRANSFORMATION(' ',' ',#9148,#9220);
#197=ITEM_DEFINED_TRANSFORMATION(' ',' ',#9148,#9896);
#198=SHAPE_REPRESENTATION_RELATIONSHIP('','',#9145,#201);
#199=SHAPE_REPRESENTATION_RELATIONSHIP('','',#9146,#202);
#200=SHAPE_REPRESENTATION_RELATIONSHIP('','',#9147,#203);
#201=ADVANCED_BREP_SHAPE_REPRESENTATION('',(#9138),#16348);
#202=ADVANCED_BREP_SHAPE_REPRESENTATION('',(#9139),#16349);
#203=ADVANCED_BREP_SHAPE_REPRESENTATION('',(#185),#16350);
#204=TOROIDAL_SURFACE('',#9200,0.004,0.002);
#205=TOROIDAL_SURFACE('',#9458,0.00397046054737686,0.0002);
#206=TOROIDAL_SURFACE('',#9526,0.021794694257188,0.000200000000000005);
#207=TOROIDAL_SURFACE('',#9674,0.021794694257188,0.000200000000000005);
#208=TOROIDAL_SURFACE('',#9676,0.021794694257188,0.000200000000000005);
#209=TOROIDAL_SURFACE('',#9678,0.021794694257188,0.000200000000000005);
#210=TOROIDAL_SURFACE('',#9680,0.021794694257188,0.000200000000000005);
#211=(
B_SPLINE_SURFACE(3,2,((#12585,#12586,#12587),(#12588,#12589,#12590),(#12591,
#12592,#12593),(#12594,#12595,#12596)),.UNSPECIFIED.,.F.,.F.,.F.)
B_SPLINE_SURFACE_WITH_KNOTS((4,4),(3,3),(0.00292217135568594,0.00741381897099842),(0.,1.),.PIECEWISE_BEZIER_KNOTS.)
BOUNDED_SURFACE()
GEOMETRIC_REPRESENTATION_ITEM()
RATIONAL_B_SPLINE_SURFACE(((1.,0.706995440783962,1.),(1.,0.706995440783962,
1.),(1.,0.706995440783962,1.),(1.,0.706995440783962,1.)))
REPRESENTATION_ITEM('')
SURFACE()
);
#212=(
B_SPLINE_SURFACE(3,2,((#12618,#12619,#12620),(#12621,#12622,#12623),(#12624,
#12625,#12626),(#12627,#12628,#12629)),.UNSPECIFIED.,.F.,.F.,.F.)
B_SPLINE_SURFACE_WITH_KNOTS((4,4),(3,3),(0.00292217135568594,0.00741381897099842),(0.,1.),.PIECEWISE_BEZIER_KNOTS.)
BOUNDED_SURFACE()
GEOMETRIC_REPRESENTATION_ITEM()
RATIONAL_B_SPLINE_SURFACE(((1.,0.706995440783962,1.),(1.,0.706995440783962,
1.),(1.,0.706995440783962,1.),(1.,0.706995440783962,1.)))
REPRESENTATION_ITEM('')
SURFACE()
);
#213=(
B_SPLINE_SURFACE(3,2,((#12705,#12706,#12707),(#12708,#12709,#12710),(#12711,
#12712,#12713),(#12714,#12715,#12716)),.UNSPECIFIED.,.F.,.F.,.F.)
B_SPLINE_SURFACE_WITH_KNOTS((4,4),(3,3),(0.00292217135568594,0.00741381897099842),(0.,1.),.PIECEWISE_BEZIER_KNOTS.)
BOUNDED_SURFACE()
GEOMETRIC_REPRESENTATION_ITEM()
RATIONAL_B_SPLINE_SURFACE(((1.,0.706995440783961,1.),(1.,0.706995440783961,
1.),(1.,0.706995440783961,1.),(1.,0.706995440783961,1.)))
REPRESENTATION_ITEM('')
SURFACE()
);
#214=(
B_SPLINE_SURFACE(3,2,((#12832,#12833,#12834),(#12835,#12836,#12837),(#12838,
#12839,#12840),(#12841,#12842,#12843)),.UNSPECIFIED.,.F.,.F.,.F.)
B_SPLINE_SURFACE_WITH_KNOTS((4,4),(3,3),(0.00292217135568594,0.00741381897099842),(0.,1.),.PIECEWISE_BEZIER_KNOTS.)
BOUNDED_SURFACE()
GEOMETRIC_REPRESENTATION_ITEM()
RATIONAL_B_SPLINE_SURFACE(((1.,0.706995440783962,1.),(1.,0.706995440783962,
1.),(1.,0.706995440783962,1.),(1.,0.706995440783962,1.)))
REPRESENTATION_ITEM('')
SURFACE()
);
#215=(
B_SPLINE_SURFACE(3,2,((#12939,#12940,#12941),(#12942,#12943,#12944),(#12945,
#12946,#12947),(#12948,#12949,#12950)),.UNSPECIFIED.,.F.,.F.,.F.)
B_SPLINE_SURFACE_WITH_KNOTS((4,4),(3,3),(0.00292217135568594,0.00741381897099842),(0.,1.),.PIECEWISE_BEZIER_KNOTS.)
BOUNDED_SURFACE()
GEOMETRIC_REPRESENTATION_ITEM()
RATIONAL_B_SPLINE_SURFACE(((1.,0.706995440783962,1.),(1.,0.706995440783962,
1.),(1.,0.706995440783962,1.),(1.,0.706995440783962,1.)))
REPRESENTATION_ITEM('')
SURFACE()
);
#216=B_SPLINE_SURFACE_WITH_KNOTS('',3,3,((#12443,#12444,#12445,#12446,#12447),(#12448,#12449,#12450,#12451,#12452),(#12453,#12454,#12455,#12456,#12457),(#12458,#12459,#12460,#12461,#12462)),.UNSPECIFIED.,.F.,.F.,.F.,(4,4),(4,1,4),(0.,1.),(0.0599825083623802,0.416664853262875,1.),.UNSPECIFIED.);
#217=B_SPLINE_SURFACE_WITH_KNOTS('',3,3,((#12484,#12485,#12486,#12487,#12488),(#12489,#12490,#12491,#12492,#12493),(#12494,#12495,#12496,#12497,#12498),(#12499,#12500,#12501,#12502,#12503)),.UNSPECIFIED.,.F.,.F.,.F.,(4,4),(4,1,4),(0.,1.),(0.0163330369866155,0.416664853262875,1.),.UNSPECIFIED.);
#218=B_SPLINE_SURFACE_WITH_KNOTS('',3,3,((#12654,#12655,#12656,#12657,#12658),(#12659,#12660,#12661,#12662,#12663),(#12664,#12665,#12666,#12667,#12668),(#12669,#12670,#12671,#12672,#12673)),.UNSPECIFIED.,.F.,.F.,.F.,(4,4),(4,1,4),(0.,1.),(0.0163330369866155,0.416664853262875,1.),.UNSPECIFIED.);
#219=B_SPLINE_SURFACE_WITH_KNOTS('',3,3,((#12685,#12686,#12687,#12688,#12689),(#12690,#12691,#12692,#12693,#12694),(#12695,#12696,#12697,#12698,#12699),(#12700,#12701,#12702,#12703,#12704)),.UNSPECIFIED.,.F.,.F.,.F.,(4,4),(4,1,4),(0.,1.),(0.0599825083623802,0.416664853262875,1.),.UNSPECIFIED.);
#220=B_SPLINE_SURFACE_WITH_KNOTS('',3,3,((#12772,#12773,#12774,#12775,#12776),(#12777,#12778,#12779,#12780,#12781),(#12782,#12783,#12784,#12785,#12786),(#12787,#12788,#12789,#12790,#12791)),.UNSPECIFIED.,.F.,.F.,.F.,(4,4),(4,1,4),(0.,1.),(0.0163330369866155,0.416664853262875,1.),.UNSPECIFIED.);
#221=B_SPLINE_SURFACE_WITH_KNOTS('',3,3,((#12792,#12793,#12794,#12795,#12796),(#12797,#12798,#12799,#12800,#12801),(#12802,#12803,#12804,#12805,#12806),(#12807,#12808,#12809,#12810,#12811)),.UNSPECIFIED.,.F.,.F.,.F.,(4,4),(4,1,4),(0.,1.),(0.0599825083623804,0.416664853262875,1.),.UNSPECIFIED.);
#222=B_SPLINE_SURFACE_WITH_KNOTS('',3,3,((#12868,#12869,#12870,#12871,#12872),(#12873,#12874,#12875,#12876,#12877),(#12878,#12879,#12880,#12881,#12882),(#12883,#12884,#12885,#12886,#12887)),.UNSPECIFIED.,.F.,.F.,.F.,(4,4),(4,1,4),(0.,1.),(0.0163330369866155,0.416664853262875,1.),.UNSPECIFIED.);
#223=B_SPLINE_SURFACE_WITH_KNOTS('',3,3,((#12899,#12900,#12901,#12902,#12903),(#12904,#12905,#12906,#12907,#12908),(#12909,#12910,#12911,#12912,#12913),(#12914,#12915,#12916,#12917,#12918)),.UNSPECIFIED.,.F.,.F.,.F.,(4,4),(4,1,4),(0.,1.),(0.0599825083623805,0.416664853262875,1.),.UNSPECIFIED.);
#224=B_SPLINE_SURFACE_WITH_KNOTS('',3,3,((#12975,#12976,#12977,#12978,#12979),(#12980,#12981,#12982,#12983,#12984),(#12985,#12986,#12987,#12988,#12989),(#12990,#12991,#12992,#12993,#12994)),.UNSPECIFIED.,.F.,.F.,.F.,(4,4),(4,1,4),(0.,1.),(0.0163330369866155,0.416664853262875,1.),.UNSPECIFIED.);
#225=B_SPLINE_SURFACE_WITH_KNOTS('',3,3,((#13006,#13007,#13008,#13009,#13010),(#13011,#13012,#13013,#13014,#13015),(#13016,#13017,#13018,#13019,#13020),(#13021,#13022,#13023,#13024,#13025)),.UNSPECIFIED.,.F.,.F.,.F.,(4,4),(4,1,4),(0.,1.),(0.0599825083623805,0.416664853262875,1.),.UNSPECIFIED.);
#226=B_SPLINE_SURFACE_WITH_KNOTS('',3,1,((#15044,#15045),(#15046,#15047),(#15048,#15049),(#15050,#15051),(#15052,#15053),(#15054,#15055),(#15056,
#15057),(#15058,#15059),(#15060,#15061),(#15062,#15063),(#15064,#15065)),.SURF_OF_LINEAR_EXTRUSION.,.F.,.F.,.F.,(4,1,1,1,1,1,1,1,4),(2,2),(0.0194061959015653,0.138842303896703,0.258278411891841,0.377714519886979,0.497150627882117,0.616586735877255,0.736022843872393,0.855458951867531,0.974895059862669),(0.,1.),.UNSPECIFIED.);
#227=B_SPLINE_SURFACE_WITH_KNOTS('',3,1,((#15069,#15070),(#15071,#15072),(#15073,#15074),(#15075,#15076),(#15077,#15078),(#15079,#15080),(#15081,
#15082),(#15083,#15084),(#15085,#15086),(#15087,#15088),(#15089,#15090)),.SURF_OF_LINEAR_EXTRUSION.,.F.,.F.,.F.,(4,1,1,1,1,1,1,1,4),(2,2),(0.0194061959015675,0.138842303896705,0.258278411891843,0.377714519886981,0.497150627882119,0.616586735877257,0.736022843872395,0.855458951867533,0.974895059862671),(0.,1.),.UNSPECIFIED.);
#228=B_SPLINE_SURFACE_WITH_KNOTS('',3,1,((#15094,#15095),(#15096,#15097),(#15098,#15099),(#15100,#15101),(#15102,#15103),(#15104,#15105),(#15106,
#15107),(#15108,#15109),(#15110,#15111),(#15112,#15113),(#15114,#15115)),.SURF_OF_LINEAR_EXTRUSION.,.F.,.F.,.F.,(4,1,1,1,1,1,1,1,4),(2,2),(0.0194061959015674,0.138842303896705,0.258278411891843,0.377714519886981,0.497150627882119,0.616586735877257,0.736022843872394,0.855458951867532,0.97489505986267),(0.,1.),.UNSPECIFIED.);
#229=B_SPLINE_SURFACE_WITH_KNOTS('',3,1,((#15119,#15120),(#15121,#15122),(#15123,#15124),(#15125,#15126),(#15127,#15128),(#15129,#15130),(#15131,
#15132),(#15133,#15134),(#15135,#15136),(#15137,#15138),(#15139,#15140)),.SURF_OF_LINEAR_EXTRUSION.,.F.,.F.,.F.,(4,1,1,1,1,1,1,1,4),(2,2),(0.0194061959015676,0.138842303896705,0.258278411891843,0.377714519886981,0.497150627882119,0.616586735877257,0.736022843872394,0.855458951867532,0.97489505986267),(0.,1.),.UNSPECIFIED.);
#230=B_SPLINE_SURFACE_WITH_KNOTS('',3,1,((#15144,#15145),(#15146,#15147),(#15148,#15149),(#15150,#15151),(#15152,#15153),(#15154,#15155),(#15156,
#15157),(#15158,#15159),(#15160,#15161),(#15162,#15163),(#15164,#15165)),.SURF_OF_LINEAR_EXTRUSION.,.F.,.F.,.F.,(4,1,1,1,1,1,1,1,4),(2,2),(0.0194061959015671,0.138842303896705,0.258278411891843,0.377714519886981,0.497150627882119,0.616586735877257,0.736022843872395,0.855458951867533,0.974895059862671),(0.,1.),.UNSPECIFIED.);
#231=B_SPLINE_SURFACE_WITH_KNOTS('',3,1,((#15169,#15170),(#15171,#15172),(#15173,#15174),(#15175,#15176),(#15177,#15178),(#15179,#15180),(#15181,
#15182),(#15183,#15184),(#15185,#15186),(#15187,#15188),(#15189,#15190)),.SURF_OF_LINEAR_EXTRUSION.,.F.,.F.,.F.,(4,1,1,1,1,1,1,1,4),(2,2),(0.0194061959015704,0.138842303896708,0.258278411891846,0.377714519886983,0.497150627882121,0.616586735877258,0.736022843872396,0.855458951867533,0.974895059862671),(0.,1.),.UNSPECIFIED.);
#232=B_SPLINE_SURFACE_WITH_KNOTS('',3,1,((#15194,#15195),(#15196,#15197),(#15198,#15199),(#15200,#15201),(#15202,#15203),(#15204,#15205),(#15206,
#15207),(#15208,#15209),(#15210,#15211),(#15212,#15213),(#15214,#15215)),.SURF_OF_LINEAR_EXTRUSION.,.F.,.F.,.F.,(4,1,1,1,1,1,1,1,4),(2,2),(0.0194061959015674,0.138842303896705,0.258278411891844,0.377714519886982,0.49715062788212,0.616586735877258,0.736022843872396,0.855458951867534,0.974895059862672),(0.,1.),.UNSPECIFIED.);
#233=B_SPLINE_SURFACE_WITH_KNOTS('',3,1,((#15219,#15220),(#15221,#15222),(#15223,#15224),(#15225,#15226),(#15227,#15228),(#15229,#15230),(#15231,
#15232),(#15233,#15234),(#15235,#15236),(#15237,#15238),(#15239,#15240)),.SURF_OF_LINEAR_EXTRUSION.,.F.,.F.,.F.,(4,1,1,1,1,1,1,1,4),(2,2),(0.0194061959015722,0.13884230389671,0.258278411891848,0.377714519886985,0.497150627882123,0.616586735877261,0.736022843872399,0.855458951867536,0.974895059862674),(0.,1.),.UNSPECIFIED.);
#234=B_SPLINE_SURFACE_WITH_KNOTS('',3,1,((#15244,#15245),(#15246,#15247),(#15248,#15249),(#15250,#15251),(#15252,#15253),(#15254,#15255),(#15256,
#15257),(#15258,#15259),(#15260,#15261),(#15262,#15263),(#15264,#15265)),.SURF_OF_LINEAR_EXTRUSION.,.F.,.F.,.F.,(4,1,1,1,1,1,1,1,4),(2,2),(0.0194061959015699,0.138842303896708,0.258278411891845,0.377714519886983,0.497150627882121,0.616586735877259,0.736022843872396,0.855458951867534,0.974895059862672),(0.,1.),.UNSPECIFIED.);
#235=B_SPLINE_SURFACE_WITH_KNOTS('',3,1,((#15269,#15270),(#15271,#15272),(#15273,#15274),(#15275,#15276),(#15277,#15278),(#15279,#15280),(#15281,
#15282),(#15283,#15284),(#15285,#15286),(#15287,#15288),(#15289,#15290)),.SURF_OF_LINEAR_EXTRUSION.,.F.,.F.,.F.,(4,1,1,1,1,1,1,1,4),(2,2),(0.0194061959015689,0.138842303896707,0.258278411891844,0.377714519886982,0.49715062788212,0.616586735877258,0.736022843872395,0.855458951867533,0.974895059862671),(0.,1.),.UNSPECIFIED.);
#236=B_SPLINE_SURFACE_WITH_KNOTS('',3,1,((#15294,#15295),(#15296,#15297),(#15298,#15299),(#15300,#15301),(#15302,#15303),(#15304,#15305),(#15306,
#15307),(#15308,#15309),(#15310,#15311),(#15312,#15313),(#15314,#15315)),.SURF_OF_LINEAR_EXTRUSION.,.F.,.F.,.F.,(4,1,1,1,1,1,1,1,4),(2,2),(0.0194061959015697,0.138842303896707,0.258278411891845,0.377714519886983,0.497150627882121,0.616586735877259,0.736022843872396,0.855458951867534,0.974895059862672),(0.,1.),.UNSPECIFIED.);
#237=B_SPLINE_SURFACE_WITH_KNOTS('',3,1,((#15319,#15320),(#15321,#15322),(#15323,#15324),(#15325,#15326),(#15327,#15328),(#15329,#15330),(#15331,
#15332),(#15333,#15334),(#15335,#15336),(#15337,#15338),(#15339,#15340)),.SURF_OF_LINEAR_EXTRUSION.,.F.,.F.,.F.,(4,1,1,1,1,1,1,1,4),(2,2),(0.0194061959015697,0.138842303896707,0.258278411891845,0.377714519886983,0.497150627882121,0.616586735877259,0.736022843872396,0.855458951867534,0.974895059862672),(0.,1.),.UNSPECIFIED.);
#238=B_SPLINE_SURFACE_WITH_KNOTS('',3,1,((#15344,#15345),(#15346,#15347),(#15348,#15349),(#15350,#15351),(#15352,#15353),(#15354,#15355),(#15356,
#15357),(#15358,#15359),(#15360,#15361),(#15362,#15363),(#15364,#15365)),.SURF_OF_LINEAR_EXTRUSION.,.F.,.F.,.F.,(4,1,1,1,1,1,1,1,4),(2,2),(0.0194061959015675,0.138842303896706,0.258278411891844,0.377714519886983,0.497150627882121,0.61658673587726,0.736022843872398,0.855458951867537,0.974895059862675),(0.,1.),.UNSPECIFIED.);
#239=B_SPLINE_SURFACE_WITH_KNOTS('',3,1,((#15369,#15370),(#15371,#15372),(#15373,#15374),(#15375,#15376),(#15377,#15378),(#15379,#15380),(#15381,
#15382),(#15383,#15384),(#15385,#15386),(#15387,#15388),(#15389,#15390)),.SURF_OF_LINEAR_EXTRUSION.,.F.,.F.,.F.,(4,1,1,1,1,1,1,1,4),(2,2),(0.0194061959015679,0.138842303896706,0.258278411891844,0.377714519886982,0.497150627882119,0.616586735877257,0.736022843872395,0.855458951867533,0.974895059862671),(0.,1.),.UNSPECIFIED.);
#240=B_SPLINE_SURFACE_WITH_KNOTS('',3,1,((#15394,#15395),(#15396,#15397),(#15398,#15399),(#15400,#15401),(#15402,#15403),(#15404,#15405),(#15406,
#15407),(#15408,#15409),(#15410,#15411),(#15412,#15413),(#15414,#15415)),.SURF_OF_LINEAR_EXTRUSION.,.F.,.F.,.F.,(4,1,1,1,1,1,1,1,4),(2,2),(0.0194061959015709,0.138842303896709,0.258278411891846,0.377714519886984,0.497150627882121,0.616586735877259,0.736022843872397,0.855458951867534,0.974895059862672),(0.,1.),.UNSPECIFIED.);
#241=B_SPLINE_SURFACE_WITH_KNOTS('',1,3,((#15468,#15469,#15470,#15471,#15472,
#15473,#15474),(#15475,#15476,#15477,#15478,#15479,#15480,#15481)),.RULED_SURF.,.F.,.F.,.F.,(2,2),(4,3,4),(0.,0.83333333333517),(1.50121249711254E-16,0.00208655174020778,0.00209913176756045),.UNSPECIFIED.);
#242=B_SPLINE_SURFACE_WITH_KNOTS('',1,3,((#15489,#15490,#15491,#15492,#15493,
#15494,#15495),(#15496,#15497,#15498,#15499,#15500,#15501,#15502)),.RULED_SURF.,.F.,.F.,.F.,(2,2),(4,3,4),(0.,0.838333353326985),(-6.10595469029477E-06,2.62727033503212E-14,0.000996241497192898),.UNSPECIFIED.);
#243=B_SPLINE_SURFACE_WITH_KNOTS('',1,3,((#15525,#15526,#15527,#15528),(#15529,#15530,#15531,#15532)),.RULED_SURF.,.F.,.F.,.F.,(2,2),(4,4),(0.,0.8333333333372),(2.26356903503387E-17,0.00209669374450027),.UNSPECIFIED.);
#244=B_SPLINE_SURFACE_WITH_KNOTS('',1,3,((#15539,#15540,#15541,#15542,#15543,
#15544,#15545),(#15546,#15547,#15548,#15549,#15550,#15551,#15552)),.RULED_SURF.,.F.,.F.,.F.,(2,2),(4,3,4),(3.9998400008472E-05,0.833339999733291),(-5.16923475493146E-06,2.34717628727529E-14,0.000852114058882957),.UNSPECIFIED.);
#245=B_SPLINE_SURFACE_WITH_KNOTS('',1,3,((#15576,#15577,#15578,#15579),(#15580,#15581,#15582,#15583)),.RULED_SURF.,.F.,.F.,.F.,(2,2),(4,4),(0.,0.833333333336482),(7.152448122691E-18,0.00251310954119556),.UNSPECIFIED.);
#246=B_SPLINE_SURFACE_WITH_KNOTS('',1,3,((#15674,#15675,#15676,#15677,#15678,
#15679,#15680),(#15681,#15682,#15683,#15684,#15685,#15686,#15687)),.RULED_SURF.,.F.,.F.,.F.,(2,2),(4,3,4),(0.,0.833333333341201),(7.75791922889773E-18,0.00136484840219618,0.00137307037653318),.UNSPECIFIED.);
#247=B_SPLINE_SURFACE_WITH_KNOTS('',1,3,((#15694,#15695,#15696,#15697),(#15698,#15699,#15700,#15701)),.RULED_SURF.,.F.,.F.,.F.,(2,2),(4,4),(3.9998397519843E-05,0.833339999724622),(6.25697150598805E-14,0.00110465645323344),.UNSPECIFIED.);
#248=B_SPLINE_SURFACE_WITH_KNOTS('',1,3,((#15755,#15756,#15757,#15758),(#15759,#15760,#15761,#15762)),.RULED_SURF.,.F.,.F.,.F.,(2,2),(4,4),(0.,0.83333333334236),(9.81307786677359E-18,0.000821391973508754),.UNSPECIFIED.);
#249=B_SPLINE_SURFACE_WITH_KNOTS('',1,3,((#15769,#15770,#15771,#15772,#15773,
#15774,#15775),(#15776,#15777,#15778,#15779,#15780,#15781,#15782)),.RULED_SURF.,.F.,.F.,.F.,(2,2),(4,3,4),(3.9998400089815E-05,0.838339829174278),(-5.06473443705565E-06,2.61149453998123E-13,0.000829554265563002),.UNSPECIFIED.);
#250=B_SPLINE_SURFACE_WITH_KNOTS('',1,3,((#15814,#15815,#15816,#15817,#15818,
#15819,#15820),(#15821,#15822,#15823,#15824,#15825,#15826,#15827)),.RULED_SURF.,.F.,.F.,.F.,(2,2),(4,3,4),(0.,0.833333333337965),(1.06201352330456E-16,0.00082063980485654,0.000825654920926417),.UNSPECIFIED.);
#251=B_SPLINE_SURFACE_WITH_KNOTS('',1,3,((#15834,#15835,#15836,#15837),(#15838,#15839,#15840,#15841)),.RULED_SURF.,.F.,.F.,.F.,(2,2),(4,4),(0.,0.83333333333883),(1.46095838122599E-13,0.000831128922458656),.UNSPECIFIED.);
#252=B_SPLINE_SURFACE_WITH_KNOTS('',1,3,((#15873,#15874,#15875,#15876,#15877,
#15878,#15879,#15880,#15881),(#15882,#15883,#15884,#15885,#15886,#15887,
#15888,#15889,#15890)),.RULED_SURF.,.F.,.F.,.F.,(2,2),(4,3,2,4),(0.,0.83333333333345),(-1.29749518566258E-05,0.,0.00107655770095997,0.00215311540191995),.UNSPECIFIED.);
#253=B_SPLINE_SURFACE_WITH_KNOTS('',1,3,((#15910,#15911,#15912,#15913,#15914,
#15915,#15916),(#15917,#15918,#15919,#15920,#15921,#15922,#15923)),.RULED_SURF.,.F.,.F.,.F.,(2,2),(4,3,4),(0.,0.833333333333991),(-1.27767282972437E-05,0.,0.00212164273839104),.UNSPECIFIED.);
#254=B_SPLINE_SURFACE_WITH_KNOTS('',1,3,((#15936,#15937,#15938,#15939,#15940,
#15941,#15942),(#15943,#15944,#15945,#15946,#15947,#15948,#15949)),.RULED_SURF.,.F.,.F.,.F.,(2,2),(4,3,4),(0.,0.83333333373384),(7.20811003705861E-18,0.00254886262627677,0.00256419840973013),.UNSPECIFIED.);
#255=B_SPLINE_SURFACE_WITH_KNOTS('',1,3,((#15960,#15961,#15962,#15963),(#15964,#15965,#15966,#15967)),.RULED_SURF.,.F.,.F.,.F.,(2,2),(4,4),(0.,0.838333414948553),(0.,0.00209919813210643),.UNSPECIFIED.);
#256=B_SPLINE_SURFACE_WITH_KNOTS('',1,3,((#15978,#15979,#15980,#15981),(#15982,#15983,#15984,#15985)),.RULED_SURF.,.F.,.F.,.F.,(2,2),(4,4),(0.,0.838333359531002),(8.89423488866846E-10,0.00248929776546505),.UNSPECIFIED.);
#257=PLANE('',#9151);
#258=PLANE('',#9154);
#259=PLANE('',#9155);
#260=PLANE('',#9160);
#261=PLANE('',#9163);
#262=PLANE('',#9180);
#263=PLANE('',#9182);
#264=PLANE('',#9183);
#265=PLANE('',#9185);
#266=PLANE('',#9186);
#267=PLANE('',#9187);
#268=PLANE('',#9189);
#269=PLANE('',#9191);
#270=PLANE('',#9192);
#271=PLANE('',#9194);
#272=PLANE('',#9195);
#273=PLANE('',#9196);
#274=PLANE('',#9202);
#275=PLANE('',#9203);
#276=PLANE('',#9204);
#277=PLANE('',#9214);
#278=PLANE('',#9218);
#279=PLANE('',#9219);
#280=PLANE('',#9221);
#281=PLANE('',#9225);
#282=PLANE('',#9240);
#283=PLANE('',#9243);
#284=PLANE('',#9246);
#285=PLANE('',#9249);
#286=PLANE('',#9252);
#287=PLANE('',#9255);
#288=PLANE('',#9258);
#289=PLANE('',#9261);
#290=PLANE('',#9264);
#291=PLANE('',#9267);
#292=PLANE('',#9270);
#293=PLANE('',#9274);
#294=PLANE('',#9276);
#295=PLANE('',#9279);
#296=PLANE('',#9282);
#297=PLANE('',#9283);
#298=PLANE('',#9286);
#299=PLANE('',#9289);
#300=PLANE('',#9303);
#301=PLANE('',#9308);
#302=PLANE('',#9313);
#303=PLANE('',#9330);
#304=PLANE('',#9331);
#305=PLANE('',#9332);
#306=PLANE('',#9335);
#307=PLANE('',#9341);
#308=PLANE('',#9342);
#309=PLANE('',#9344);
#310=PLANE('',#9351);
#311=PLANE('',#9371);
#312=PLANE('',#9374);
#313=PLANE('',#9379);
#314=PLANE('',#9383);
#315=PLANE('',#9386);
#316=PLANE('',#9389);
#317=PLANE('',#9393);
#318=PLANE('',#9394);
#319=PLANE('',#9395);
#320=PLANE('',#9401);
#321=PLANE('',#9403);
#322=PLANE('',#9404);
#323=PLANE('',#9405);
#324=PLANE('',#9406);
#325=PLANE('',#9408);
#326=PLANE('',#9413);
#327=PLANE('',#9415);
#328=PLANE('',#9416);
#329=PLANE('',#9421);
#330=PLANE('',#9423);
#331=PLANE('',#9424);
#332=PLANE('',#9429);
#333=PLANE('',#9431);
#334=PLANE('',#9434);
#335=PLANE('',#9437);
#336=PLANE('',#9439);
#337=PLANE('',#9442);
#338=PLANE('',#9443);
#339=PLANE('',#9445);
#340=PLANE('',#9447);
#341=PLANE('',#9449);
#342=PLANE('',#9464);
#343=PLANE('',#9465);
#344=PLANE('',#9466);
#345=PLANE('',#9468);
#346=PLANE('',#9470);
#347=PLANE('',#9474);
#348=PLANE('',#9487);
#349=PLANE('',#9491);
#350=PLANE('',#9495);
#351=PLANE('',#9499);
#352=PLANE('',#9503);
#353=PLANE('',#9559);
#354=PLANE('',#9563);
#355=PLANE('',#9567);
#356=PLANE('',#9571);
#357=PLANE('',#9572);
#358=PLANE('',#9573);
#359=PLANE('',#9574);
#360=PLANE('',#9575);
#361=PLANE('',#9591);
#362=PLANE('',#9592);
#363=PLANE('',#9595);
#364=PLANE('',#9596);
#365=PLANE('',#9602);
#366=PLANE('',#9606);
#367=PLANE('',#9607);
#368=PLANE('',#9609);
#369=PLANE('',#9610);
#370=PLANE('',#9615);
#371=PLANE('',#9616);
#372=PLANE('',#9617);
#373=PLANE('',#9618);
#374=PLANE('',#9623);
#375=PLANE('',#9624);
#376=PLANE('',#9625);
#377=PLANE('',#9631);
#378=PLANE('',#9635);
#379=PLANE('',#9636);
#380=PLANE('',#9637);
#381=PLANE('',#9638);
#382=PLANE('',#9640);
#383=PLANE('',#9641);
#384=PLANE('',#9649);
#385=PLANE('',#9650);
#386=PLANE('',#9651);
#387=PLANE('',#9652);
#388=PLANE('',#9656);
#389=PLANE('',#9658);
#390=PLANE('',#9662);
#391=PLANE('',#9664);
#392=PLANE('',#9665);
#393=PLANE('',#9666);
#394=PLANE('',#9668);
#395=PLANE('',#9673);
#396=PLANE('',#9682);
#397=PLANE('',#9687);
#398=PLANE('',#9688);
#399=PLANE('',#9710);
#400=PLANE('',#9711);
#401=PLANE('',#9715);
#402=PLANE('',#9716);
#403=PLANE('',#9723);
#404=PLANE('',#9724);
#405=PLANE('',#9725);
#406=PLANE('',#9726);
#407=PLANE('',#9727);
#408=PLANE('',#9728);
#409=PLANE('',#9729);
#410=PLANE('',#9730);
#411=PLANE('',#9731);
#412=PLANE('',#9732);
#413=PLANE('',#9733);
#414=PLANE('',#9734);
#415=PLANE('',#9735);
#416=PLANE('',#9736);
#417=PLANE('',#9737);
#418=PLANE('',#9740);
#419=PLANE('',#9741);
#420=PLANE('',#9742);
#421=PLANE('',#9743);
#422=PLANE('',#9744);
#423=PLANE('',#9745);
#424=PLANE('',#9746);
#425=PLANE('',#9747);
#426=PLANE('',#9748);
#427=PLANE('',#9749);
#428=PLANE('',#9750);
#429=PLANE('',#9751);
#430=PLANE('',#9752);
#431=PLANE('',#9753);
#432=PLANE('',#9754);
#433=PLANE('',#9755);
#434=PLANE('',#9756);
#435=PLANE('',#9757);
#436=PLANE('',#9758);
#437=PLANE('',#9759);
#438=PLANE('',#9760);
#439=PLANE('',#9761);
#440=PLANE('',#9762);
#441=PLANE('',#9763);
#442=PLANE('',#9764);
#443=PLANE('',#9765);
#444=PLANE('',#9766);
#445=PLANE('',#9767);
#446=PLANE('',#9768);
#447=PLANE('',#9769);
#448=PLANE('',#9770);
#449=PLANE('',#9771);
#450=PLANE('',#9772);
#451=PLANE('',#9773);
#452=PLANE('',#9774);
#453=PLANE('',#9775);
#454=PLANE('',#9776);
#455=PLANE('',#9777);
#456=PLANE('',#9778);
#457=PLANE('',#9779);
#458=PLANE('',#9780);
#459=PLANE('',#9781);
#460=PLANE('',#9782);
#461=PLANE('',#9783);
#462=PLANE('',#9784);
#463=PLANE('',#9785);
#464=PLANE('',#9786);
#465=PLANE('',#9787);
#466=PLANE('',#9788);
#467=PLANE('',#9789);
#468=PLANE('',#9790);
#469=PLANE('',#9791);
#470=PLANE('',#9792);
#471=PLANE('',#9793);
#472=PLANE('',#9794);
#473=PLANE('',#9795);
#474=PLANE('',#9796);
#475=PLANE('',#9797);
#476=PLANE('',#9798);
#477=PLANE('',#9799);
#478=PLANE('',#9800);
#479=PLANE('',#9801);
#480=PLANE('',#9802);
#481=PLANE('',#9803);
#482=PLANE('',#9804);
#483=PLANE('',#9805);
#484=PLANE('',#9806);
#485=PLANE('',#9807);
#486=PLANE('',#9808);
#487=PLANE('',#9809);
#488=PLANE('',#9810);
#489=PLANE('',#9811);
#490=PLANE('',#9812);
#491=PLANE('',#9813);
#492=PLANE('',#9814);
#493=PLANE('',#9815);
#494=PLANE('',#9816);
#495=PLANE('',#9817);
#496=PLANE('',#9818);
#497=PLANE('',#9819);
#498=PLANE('',#9820);
#499=PLANE('',#9821);
#500=PLANE('',#9822);
#501=PLANE('',#9823);
#502=PLANE('',#9824);
#503=PLANE('',#9825);
#504=PLANE('',#9826);
#505=PLANE('',#9827);
#506=PLANE('',#9828);
#507=PLANE('',#9829);
#508=PLANE('',#9830);
#509=PLANE('',#9831);
#510=PLANE('',#9832);
#511=PLANE('',#9833);
#512=PLANE('',#9834);
#513=PLANE('',#9835);
#514=PLANE('',#9839);
#515=PLANE('',#9843);
#516=PLANE('',#9844);
#517=PLANE('',#9848);
#518=PLANE('',#9852);
#519=PLANE('',#9854);
#520=PLANE('',#9855);
#521=PLANE('',#9857);
#522=PLANE('',#9858);
#523=PLANE('',#9860);
#524=PLANE('',#9861);
#525=PLANE('',#9862);
#526=PLANE('',#9863);
#527=PLANE('',#9864);
#528=PLANE('',#9865);
#529=PLANE('',#9869);
#530=PLANE('',#9870);
#531=PLANE('',#9871);
#532=PLANE('',#9872);
#533=PLANE('',#9873);
#534=PLANE('',#9874);
#535=PLANE('',#9879);
#536=PLANE('',#9881);
#537=PLANE('',#9885);
#538=PLANE('',#9886);
#539=PLANE('',#9887);
#540=PLANE('',#9889);
#541=PLANE('',#9894);
#542=PLANE('',#9895);
#543=B_SPLINE_CURVE_WITH_KNOTS('',3,(#12140,#12141,#12142,#12143),.UNSPECIFIED.,.F.,.F.,(4,4),(0.,0.000204975912246628),.UNSPECIFIED.);
#544=B_SPLINE_CURVE_WITH_KNOTS('',3,(#12149,#12150,#12151,#12152),.UNSPECIFIED.,.F.,.F.,(4,4),(2.0318660557896E-14,5.35161465593349E-05),.UNSPECIFIED.);
#545=B_SPLINE_CURVE_WITH_KNOTS('',3,(#12154,#12155,#12156,#12157),.UNSPECIFIED.,.F.,.F.,(4,4),(1.73472347597681E-18,0.000278380658775512),.UNSPECIFIED.);
#546=B_SPLINE_CURVE_WITH_KNOTS('',3,(#12162,#12163,#12164,#12165),.UNSPECIFIED.,.F.,.F.,(4,4),(9.308004339602E-05,0.00039355589936581),.UNSPECIFIED.);
#547=B_SPLINE_CURVE_WITH_KNOTS('',3,(#12167,#12168,#12169,#12170),.UNSPECIFIED.,.F.,.F.,(4,4),(0.,0.000204975912246629),.UNSPECIFIED.);
#548=B_SPLINE_CURVE_WITH_KNOTS('',3,(#12176,#12177,#12178,#12179),.UNSPECIFIED.,.F.,.F.,(4,4),(2.01119735056105E-14,5.35161465593267E-05),.UNSPECIFIED.);
#549=B_SPLINE_CURVE_WITH_KNOTS('',3,(#12186,#12187,#12188,#12189),.UNSPECIFIED.,.F.,.F.,(4,4),(6.50521303491303E-19,5.35161465596487E-05),.UNSPECIFIED.);
#550=B_SPLINE_CURVE_WITH_KNOTS('',3,(#12197,#12198,#12199,#12200),.UNSPECIFIED.,.F.,.F.,(4,4),(0.,0.000204975912246627),.UNSPECIFIED.);
#551=B_SPLINE_CURVE_WITH_KNOTS('',3,(#12209,#12210,#12211,#12212),.UNSPECIFIED.,.F.,.F.,(4,4),(0.,0.000204975912246626),.UNSPECIFIED.);
#552=B_SPLINE_CURVE_WITH_KNOTS('',3,(#12218,#12219,#12220,#12221),.UNSPECIFIED.,.F.,.F.,(4,4),(2.00433395358803E-14,5.35161465593282E-05),.UNSPECIFIED.);
#553=B_SPLINE_CURVE_WITH_KNOTS('',3,(#12230,#12231,#12232,#12233),.UNSPECIFIED.,.F.,.F.,(4,4),(0.,0.000204975912246631),.UNSPECIFIED.);
#554=B_SPLINE_CURVE_WITH_KNOTS('',3,(#12239,#12240,#12241,#12242),.UNSPECIFIED.,.F.,.F.,(4,4),(2.01762820314578E-14,5.35161465593307E-05),.UNSPECIFIED.);
#555=B_SPLINE_CURVE_WITH_KNOTS('',3,(#12245,#12246,#12247,#12248),.UNSPECIFIED.,.F.,.F.,(4,4),(0.0189390741723798,0.02288150999534),.UNSPECIFIED.);
#556=B_SPLINE_CURVE_WITH_KNOTS('',3,(#12252,#12253,#12254,#12255,#12256,#12257,#12258,#12259,#12260,#12261,#12262),.UNSPECIFIED.,.F.,.F.,(4,1,1,1,1,1,1,1,4),(0.00862449120806625,0.0136272892609212,0.0161286882873486,0.0186300873137761,0.0211314863402035,0.023632885366631,0.0261342843930584,0.0273849839062721,0.0286356834194859),.UNSPECIFIED.);
#557=B_SPLINE_CURVE_WITH_KNOTS('',3,(#12266,#12267,#12268,#12269,#12270,#12271,#12272,#12273,#12274,#12275,#12276,#12277,#12278),.UNSPECIFIED.,.F.,.F.,(4,1,1,1,1,1,1,1,1,1,4),(2.02403724563651E-18,0.000584039385758646,0.00116807877151729,0.00233615754303458,0.00350423631455186,0.00467231508606915,0.00700847262910373,0.0093446301721383,0.0116807877151729,0.0140169452582074,0.0186892603442766),.UNSPECIFIED.);
#558=B_SPLINE_CURVE_WITH_KNOTS('',3,(#12281,#12282,#12283,#12284),.UNSPECIFIED.,.F.,.F.,(4,4),(0.0189390741723799,0.02288150999534),.UNSPECIFIED.);
#559=B_SPLINE_CURVE_WITH_KNOTS('',3,(#12288,#12289,#12290,#12291,#12292,#12293,#12294,#12295,#12296,#12297,#12298),.UNSPECIFIED.,.F.,.F.,(4,1,1,1,1,1,1,1,4),(0.00862449120806607,0.013627289260921,0.0161286882873485,0.018630087313776,0.0211314863402034,0.0236328853666309,0.0261342843930584,0.0273849839062721,0.0286356834194859),.UNSPECIFIED.);
#560=B_SPLINE_CURVE_WITH_KNOTS('',3,(#12302,#12303,#12304,#12305,#12306,#12307,#12308,#12309,#12310,#12311,#12312,#12313,#12314),.UNSPECIFIED.,.F.,.F.,(4,1,1,1,1,1,1,1,1,1,4),(1.2655960929973E-18,0.000584039385758646,0.00116807877151729,0.00233615754303458,0.00350423631455187,0.00467231508606916,0.00700847262910374,0.00934463017213832,0.0116807877151729,0.0140169452582075,0.0186892603442766),.UNSPECIFIED.);
#561=B_SPLINE_CURVE_WITH_KNOTS('',3,(#12317,#12318,#12319,#12320),.UNSPECIFIED.,.F.,.F.,(4,4),(0.0189390741723798,0.02288150999534),.UNSPECIFIED.);
#562=B_SPLINE_CURVE_WITH_KNOTS('',3,(#12324,#12325,#12326,#12327,#12328,#12329,#12330,#12331,#12332,#12333,#12334),.UNSPECIFIED.,.F.,.F.,(4,1,1,1,1,1,1,1,4),(0.00862449120806606,0.013627289260921,0.0161286882873485,0.018630087313776,0.0211314863402034,0.0236328853666309,0.0261342843930584,0.0273849839062721,0.0286356834194859),.UNSPECIFIED.);
#563=B_SPLINE_CURVE_WITH_KNOTS('',3,(#12338,#12339,#12340,#12341,#12342,#12343,#12344,#12345,#12346,#12347,#12348,#12349,#12350),.UNSPECIFIED.,.F.,.F.,(4,1,1,1,1,1,1,1,1,1,4),(1.78825470321649E-18,0.000584039385759378,0.00116807877151875,0.00233615754303751,0.00350423631455626,0.00467231508607501,0.00700847262911252,0.00934463017215003,0.0116807877151875,0.014016945258225,0.0186892603443),.UNSPECIFIED.);
#564=B_SPLINE_CURVE_WITH_KNOTS('',3,(#12353,#12354,#12355,#12356),.UNSPECIFIED.,.F.,.F.,(4,4),(0.0189390741723966,0.0228815099953401),.UNSPECIFIED.);
#565=B_SPLINE_CURVE_WITH_KNOTS('',3,(#12360,#12361,#12362,#12363,#12364,#12365,#12366,#12367,#12368,#12369,#12370),.UNSPECIFIED.,.F.,.F.,(4,1,1,1,1,1,1,1,4),(0.00862449120806646,0.0136272892609213,0.0161286882873487,0.0186300873137762,0.0211314863402036,0.023632885366631,0.0261342843930584,0.0273849839062721,0.0286356834194858),.UNSPECIFIED.);
#566=B_SPLINE_CURVE_WITH_KNOTS('',3,(#12374,#12375,#12376,#12377,#12378,#12379,#12380,#12381,#12382,#12383,#12384,#12385,#12386),.UNSPECIFIED.,.F.,.F.,(4,1,1,1,1,1,1,1,1,1,4),(1.61748130054931E-18,0.000584039385758637,0.00116807877151727,0.00233615754303454,0.00350423631455182,0.00467231508606909,0.00700847262910363,0.00934463017213817,0.0116807877151727,0.0140169452582073,0.0186892603442763),.UNSPECIFIED.);
#567=B_SPLINE_CURVE_WITH_KNOTS('',3,(#12389,#12390,#12391,#12392),.UNSPECIFIED.,.F.,.F.,(4,4),(0.0189390741723797,0.0228815099953399),.UNSPECIFIED.);
#568=B_SPLINE_CURVE_WITH_KNOTS('',3,(#12396,#12397,#12398,#12399,#12400,#12401,#12402,#12403,#12404,#12405,#12406),.UNSPECIFIED.,.F.,.F.,(4,1,1,1,1,1,1,1,4),(0.00862449120806646,0.0136272892609213,0.0161286882873487,0.0186300873137762,0.0211314863402036,0.023632885366631,0.0261342843930584,0.0273849839062722,0.0286356834194859),.UNSPECIFIED.);
#569=B_SPLINE_CURVE_WITH_KNOTS('',3,(#12410,#12411,#12412,#12413,#12414,#12415,#12416,#12417,#12418,#12419,#12420,#12421,#12422),.UNSPECIFIED.,.F.,.F.,(4,1,1,1,1,1,1,1,1,1,4),(4.71397986646217E-19,0.000584039385758643,0.00116807877151728,0.00233615754303457,0.00350423631455185,0.00467231508606914,0.0070084726291037,0.00934463017213827,0.0116807877151728,0.0140169452582074,0.0186892603442765),.UNSPECIFIED.);
#570=B_SPLINE_CURVE_WITH_KNOTS('',3,(#12427,#12428,#12429,#12430,#12431),.UNSPECIFIED.,.F.,.F.,(4,1,4),(0.,0.416664853262875,1.),.UNSPECIFIED.);
#571=B_SPLINE_CURVE_WITH_KNOTS('',3,(#12433,#12434,#12435,#12436),.UNSPECIFIED.,.F.,.F.,(4,4),(0.,0.00073755388698899),.UNSPECIFIED.);
#572=B_SPLINE_CURVE_WITH_KNOTS('',3,(#12438,#12439,#12440,#12441,#12442),.UNSPECIFIED.,.F.,.F.,(4,1,4),(0.,0.416664853262875,1.),.UNSPECIFIED.);
#573=B_SPLINE_CURVE_WITH_KNOTS('',3,(#12463,#12464,#12465,#12466,#12467),.UNSPECIFIED.,.F.,.F.,(4,1,4),(0.,0.0147366193264745,0.029473238652949),.UNSPECIFIED.);
#574=B_SPLINE_CURVE_WITH_KNOTS('',3,(#12468,#12469,#12470,#12471,#12472,#12473,#12474,#12475),.UNSPECIFIED.,.F.,.F.,(4,1,1,1,1,4),(7.152448122691E-18,0.00202298116908355,0.0040459623381671,0.0080919246763342,0.0121378870145013,0.0161838493526684),.UNSPECIFIED.);
#575=B_SPLINE_CURVE_WITH_KNOTS('',3,(#12479,#12480,#12481,#12482,#12483),.UNSPECIFIED.,.F.,.F.,(4,1,4),(0.,0.416664853262875,1.),.UNSPECIFIED.);
#576=B_SPLINE_CURVE_WITH_KNOTS('',3,(#12504,#12505,#12506,#12507,#12508),.UNSPECIFIED.,.F.,.F.,(4,1,4),(0.,0.416664853262875,1.),.UNSPECIFIED.);
#577=B_SPLINE_CURVE_WITH_KNOTS('',3,(#12512,#12513,#12514,#12515,#12516,#12517,#12518),.UNSPECIFIED.,.F.,.F.,(4,1,1,1,4),(1.62047652779718E-18,0.00404411535309451,0.00808823070618903,0.0121323460592835,0.0161764614123781),.UNSPECIFIED.);
#578=B_SPLINE_CURVE_WITH_KNOTS('',3,(#12519,#12520,#12521,#12522,#12523),.UNSPECIFIED.,.F.,.F.,(4,1,4),(8.7168775853027E-18,0.0147365649448289,0.0294731298896578),.UNSPECIFIED.);
#579=B_SPLINE_CURVE_WITH_KNOTS('',3,(#12527,#12528,#12529,#12530,#12531),.UNSPECIFIED.,.F.,.F.,(4,1,4),(0.,0.416664853262875,1.),.UNSPECIFIED.);
#580=B_SPLINE_CURVE_WITH_KNOTS('',3,(#12535,#12536,#12537,#12538,#12539),.UNSPECIFIED.,.F.,.F.,(4,1,4),(0.,0.416664853262875,1.),.UNSPECIFIED.);
#581=B_SPLINE_CURVE_WITH_KNOTS('',3,(#12540,#12541,#12542,#12543,#12544),.UNSPECIFIED.,.F.,.F.,(4,1,4),(0.,0.416664853262875,1.),.UNSPECIFIED.);
#582=B_SPLINE_CURVE_WITH_KNOTS('',3,(#12548,#12549,#12550,#12551,#12552),.UNSPECIFIED.,.F.,.F.,(4,1,4),(0.,0.416664853262875,1.),.UNSPECIFIED.);
#583=B_SPLINE_CURVE_WITH_KNOTS('',3,(#12553,#12554,#12555,#12556,#12557),.UNSPECIFIED.,.F.,.F.,(4,1,4),(0.,0.416664853262875,1.),.UNSPECIFIED.);
#584=B_SPLINE_CURVE_WITH_KNOTS('',3,(#12561,#12562,#12563,#12564,#12565),.UNSPECIFIED.,.F.,.F.,(4,1,4),(0.,0.416664853262875,1.),.UNSPECIFIED.);
#585=B_SPLINE_CURVE_WITH_KNOTS('',3,(#12566,#12567,#12568,#12569,#12570),.UNSPECIFIED.,.F.,.F.,(4,1,4),(0.,0.416664853262875,1.),.UNSPECIFIED.);
#586=B_SPLINE_CURVE_WITH_KNOTS('',3,(#12574,#12575,#12576,#12577,#12578),.UNSPECIFIED.,.F.,.F.,(4,1,4),(0.,0.416664853262875,1.),.UNSPECIFIED.);
#587=B_SPLINE_CURVE_WITH_KNOTS('',3,(#12581,#12582,#12583,#12584),.UNSPECIFIED.,.F.,.F.,(4,4),(0.,0.000758894719183951),.UNSPECIFIED.);
#588=B_SPLINE_CURVE_WITH_KNOTS('',3,(#12602,#12603,#12604,#12605,#12606),.UNSPECIFIED.,.F.,.F.,(4,1,4),(0.,0.416664853262875,1.),.UNSPECIFIED.);
#589=B_SPLINE_CURVE_WITH_KNOTS('',3,(#12608,#12609,#12610,#12611),.UNSPECIFIED.,.F.,.F.,(4,4),(0.,0.00073755388698899),.UNSPECIFIED.);
#590=B_SPLINE_CURVE_WITH_KNOTS('',3,(#12613,#12614,#12615,#12616,#12617),.UNSPECIFIED.,.F.,.F.,(4,1,4),(0.,0.416664853262875,1.),.UNSPECIFIED.);
#591=B_SPLINE_CURVE_WITH_KNOTS('',3,(#12630,#12631,#12632,#12633,#12634,#12635,#12636,#12637),.UNSPECIFIED.,.F.,.F.,(4,1,1,1,1,4),(1.55400630446897E-17,0.00202298116908356,0.0040459623381671,0.00809192467633419,0.0121378870145013,0.0161838493526684),.UNSPECIFIED.);
#592=B_SPLINE_CURVE_WITH_KNOTS('',3,(#12639,#12640,#12641,#12642,#12643,#12644,#12645),.UNSPECIFIED.,.F.,.F.,(4,1,1,1,4),(7.41074193791804E-18,0.00404411535309453,0.00808823070618906,0.0121323460592836,0.0161764614123781),.UNSPECIFIED.);
#593=B_SPLINE_CURVE_WITH_KNOTS('',3,(#12647,#12648,#12649,#12650),.UNSPECIFIED.,.F.,.F.,(4,4),(0.,0.000758894719183951),.UNSPECIFIED.);
#594=B_SPLINE_CURVE_WITH_KNOTS('',3,(#12674,#12675,#12676,#12677,#12678),.UNSPECIFIED.,.F.,.F.,(4,1,4),(5.2759554800502E-18,0.0147365649448289,0.0294731298896577),.UNSPECIFIED.);
#595=B_SPLINE_CURVE_WITH_KNOTS('',3,(#12680,#12681,#12682,#12683,#12684),.UNSPECIFIED.,.F.,.F.,(4,1,4),(0.,0.0147366193264745,0.029473238652949),.UNSPECIFIED.);
#596=B_SPLINE_CURVE_WITH_KNOTS('',3,(#12717,#12718,#12719,#12720,#12721,#12722,#12723,#12724),.UNSPECIFIED.,.F.,.F.,(4,1,1,1,1,4),(6.93889390390723E-18,0.00202298116908356,0.00404596233816711,0.00809192467633421,0.0121378870145013,0.0161838493526684),.UNSPECIFIED.);
#597=B_SPLINE_CURVE_WITH_KNOTS('',3,(#12727,#12728,#12729,#12730),.UNSPECIFIED.,.F.,.F.,(4,4),(0.,0.00073755388698899),.UNSPECIFIED.);
#598=B_SPLINE_CURVE_WITH_KNOTS('',3,(#12732,#12733,#12734,#12735,#12736,#12737,#12738),.UNSPECIFIED.,.F.,.F.,(4,1,1,1,4),(2.67760623403354E-17,0.00404411535309454,0.00808823070618905,0.0121323460592836,0.0161764614123781),.UNSPECIFIED.);
#599=B_SPLINE_CURVE_WITH_KNOTS('',3,(#12740,#12741,#12742,#12743),.UNSPECIFIED.,.F.,.F.,(4,4),(0.,0.000758894719183951),.UNSPECIFIED.);
#600=B_SPLINE_CURVE_WITH_KNOTS('',3,(#12751,#12752,#12753,#12754,#12755),.UNSPECIFIED.,.F.,.F.,(4,1,4),(0.,0.416664853262875,1.),.UNSPECIFIED.);
#601=B_SPLINE_CURVE_WITH_KNOTS('',3,(#12756,#12757,#12758,#12759,#12760),.UNSPECIFIED.,.F.,.F.,(4,1,4),(0.,0.416664853262875,1.),.UNSPECIFIED.);
#602=B_SPLINE_CURVE_WITH_KNOTS('',3,(#12762,#12763,#12764,#12765,#12766),.UNSPECIFIED.,.F.,.F.,(4,1,4),(0.,0.0147366193264745,0.029473238652949),.UNSPECIFIED.);
#603=B_SPLINE_CURVE_WITH_KNOTS('',3,(#12767,#12768,#12769,#12770,#12771),.UNSPECIFIED.,.F.,.F.,(4,1,4),(3.12731722069275E-18,0.0147365649448289,0.0294731298896578),.UNSPECIFIED.);
#604=B_SPLINE_CURVE_WITH_KNOTS('',3,(#12816,#12817,#12818,#12819,#12820),.UNSPECIFIED.,.F.,.F.,(4,1,4),(0.,0.416664853262875,1.),.UNSPECIFIED.);
#605=B_SPLINE_CURVE_WITH_KNOTS('',3,(#12822,#12823,#12824,#12825),.UNSPECIFIED.,.F.,.F.,(4,4),(0.,0.00073755388698899),.UNSPECIFIED.);
#606=B_SPLINE_CURVE_WITH_KNOTS('',3,(#12827,#12828,#12829,#12830,#12831),.UNSPECIFIED.,.F.,.F.,(4,1,4),(0.,0.416664853262875,1.),.UNSPECIFIED.);
#607=B_SPLINE_CURVE_WITH_KNOTS('',3,(#12844,#12845,#12846,#12847,#12848,#12849,#12850,#12851),.UNSPECIFIED.,.F.,.F.,(4,1,1,1,1,4),(6.93889390390723E-18,0.00202298116908355,0.0040459623381671,0.0080919246763342,0.0121378870145013,0.0161838493526684),.UNSPECIFIED.);
#608=B_SPLINE_CURVE_WITH_KNOTS('',3,(#12853,#12854,#12855,#12856,#12857,#12858,#12859),.UNSPECIFIED.,.F.,.F.,(4,1,1,1,4),(0.,0.00404411535309451,0.00808823070618902,0.0121323460592835,0.016176461412378),.UNSPECIFIED.);
#609=B_SPLINE_CURVE_WITH_KNOTS('',3,(#12861,#12862,#12863,#12864),.UNSPECIFIED.,.F.,.F.,(4,4),(0.,0.000758894719183951),.UNSPECIFIED.);
#610=B_SPLINE_CURVE_WITH_KNOTS('',3,(#12888,#12889,#12890,#12891,#12892),.UNSPECIFIED.,.F.,.F.,(4,1,4),(0.,0.0147365649448289,0.0294731298896578),.UNSPECIFIED.);
#611=B_SPLINE_CURVE_WITH_KNOTS('',3,(#12894,#12895,#12896,#12897,#12898),.UNSPECIFIED.,.F.,.F.,(4,1,4),(0.,0.0147366193264745,0.029473238652949),.UNSPECIFIED.);
#612=B_SPLINE_CURVE_WITH_KNOTS('',3,(#12923,#12924,#12925,#12926,#12927),.UNSPECIFIED.,.F.,.F.,(4,1,4),(0.,0.416664853262875,1.),.UNSPECIFIED.);
#613=B_SPLINE_CURVE_WITH_KNOTS('',3,(#12929,#12930,#12931,#12932),.UNSPECIFIED.,.F.,.F.,(4,4),(0.,0.00073755388698899),.UNSPECIFIED.);
#614=B_SPLINE_CURVE_WITH_KNOTS('',3,(#12934,#12935,#12936,#12937,#12938),.UNSPECIFIED.,.F.,.F.,(4,1,4),(0.,0.416664853262875,1.),.UNSPECIFIED.);
#615=B_SPLINE_CURVE_WITH_KNOTS('',3,(#12951,#12952,#12953,#12954,#12955,#12956,#12957,#12958),.UNSPECIFIED.,.F.,.F.,(4,1,1,1,1,4),(7.75791922889773E-18,0.00202298116908355,0.0040459623381671,0.0080919246763342,0.0121378870145013,0.0161838493526684),.UNSPECIFIED.);
#616=B_SPLINE_CURVE_WITH_KNOTS('',3,(#12960,#12961,#12962,#12963,#12964,#12965,#12966),.UNSPECIFIED.,.F.,.F.,(4,1,1,1,4),(8.67361737988404E-19,0.0040441153530945,0.00808823070618901,0.0121323460592835,0.016176461412378),.UNSPECIFIED.);
#617=B_SPLINE_CURVE_WITH_KNOTS('',3,(#12968,#12969,#12970,#12971),.UNSPECIFIED.,.F.,.F.,(4,4),(0.,0.000758894719183951),.UNSPECIFIED.);
#618=B_SPLINE_CURVE_WITH_KNOTS('',3,(#12995,#12996,#12997,#12998,#12999),.UNSPECIFIED.,.F.,.F.,(4,1,4),(7.90873279402294E-18,0.0147365649448289,0.0294731298896577),.UNSPECIFIED.);
#619=B_SPLINE_CURVE_WITH_KNOTS('',3,(#13001,#13002,#13003,#13004,#13005),.UNSPECIFIED.,.F.,.F.,(4,1,4),(0.,0.0147366193264744,0.0294732386529489),.UNSPECIFIED.);
#620=B_SPLINE_CURVE_WITH_KNOTS('',3,(#13222,#13223,#13224,#13225),.UNSPECIFIED.,.F.,.F.,(4,4),(0.00446320794773544,1.),.UNSPECIFIED.);
#621=B_SPLINE_CURVE_WITH_KNOTS('',3,(#13231,#13232,#13233,#13234),.UNSPECIFIED.,.F.,.F.,(4,4),(0.,0.999998931689948),.UNSPECIFIED.);
#622=B_SPLINE_CURVE_WITH_KNOTS('',3,(#13238,#13239,#13240,#13241),.UNSPECIFIED.,.F.,.F.,(4,4),(2.51569234279933E-07,1.),.UNSPECIFIED.);
#623=B_SPLINE_CURVE_WITH_KNOTS('',3,(#13253,#13254,#13255,#13256),.UNSPECIFIED.,.F.,.F.,(4,4),(8.16329936393838E-08,0.999999956778212),.UNSPECIFIED.);
#624=B_SPLINE_CURVE_WITH_KNOTS('',3,(#13262,#13263,#13264,#13265),.UNSPECIFIED.,.F.,.F.,(4,4),(0.,1.),.UNSPECIFIED.);
#625=B_SPLINE_CURVE_WITH_KNOTS('',3,(#13297,#13298,#13299,#13300),.UNSPECIFIED.,.F.,.F.,(4,4),(0.,0.999999954342295),.UNSPECIFIED.);
#626=B_SPLINE_CURVE_WITH_KNOTS('',3,(#13410,#13411,#13412,#13413),.UNSPECIFIED.,.F.,.F.,(4,4),(0.,0.999999954342332),.UNSPECIFIED.);
#627=B_SPLINE_CURVE_WITH_KNOTS('',3,(#13452,#13453,#13454,#13455),.UNSPECIFIED.,.F.,.F.,(4,4),(0.,0.000311963747411226),.UNSPECIFIED.);
#628=B_SPLINE_CURVE_WITH_KNOTS('',3,(#13546,#13547,#13548,#13549),.UNSPECIFIED.,.F.,.F.,(4,4),(0.,1.),.UNSPECIFIED.);
#629=B_SPLINE_CURVE_WITH_KNOTS('',3,(#13593,#13594,#13595,#13596),.UNSPECIFIED.,.F.,.F.,(4,4),(0.,1.),.UNSPECIFIED.);
#630=B_SPLINE_CURVE_WITH_KNOTS('',3,(#13604,#13605,#13606,#13607),.UNSPECIFIED.,.F.,.F.,(4,4),(0.,0.000311963747411226),.UNSPECIFIED.);
#631=B_SPLINE_CURVE_WITH_KNOTS('',3,(#13647,#13648,#13649,#13650),.UNSPECIFIED.,.F.,.F.,(4,4),(2.5404309012496E-05,0.00550093330451736),.UNSPECIFIED.);
#632=B_SPLINE_CURVE_WITH_KNOTS('',3,(#13666,#13667,#13668,#13669),.UNSPECIFIED.,.F.,.F.,(4,4),(0.,0.00547552899550467),.UNSPECIFIED.);
#633=B_SPLINE_CURVE_WITH_KNOTS('',3,(#13752,#13753,#13754,#13755),.UNSPECIFIED.,.F.,.F.,(4,4),(0.,1.),.UNSPECIFIED.);
#634=B_SPLINE_CURVE_WITH_KNOTS('',3,(#13788,#13789,#13790,#13791),.UNSPECIFIED.,.F.,.F.,(4,4),(0.,1.),.UNSPECIFIED.);
#635=B_SPLINE_CURVE_WITH_KNOTS('',3,(#13814,#13815,#13816,#13817),.UNSPECIFIED.,.F.,.F.,(4,4),(0.,0.00031768975397011),.UNSPECIFIED.);
#636=B_SPLINE_CURVE_WITH_KNOTS('',3,(#13853,#13854,#13855,#13856,#13857,#13858,#13859,#13860,#13861,#13862,#13863,#13864,#13865),.UNSPECIFIED.,.F.,.F.,(4,1,1,1,1,1,1,1,1,1,4),(0.,0.000301414420816236,0.000602828841632473,0.000904243262448709,0.00105495047285683,0.00120565768326495,0.00135636489367306,0.00150707210408118,0.00180848652489742,0.00210990094571365,0.00241131536652989),.UNSPECIFIED.);
#637=B_SPLINE_CURVE_WITH_KNOTS('',3,(#13870,#13871,#13872,#13873,#13874,#13875,#13876,#13877,#13878,#13879,#13880,#13881,#13882),.UNSPECIFIED.,.F.,.F.,(4,1,1,1,1,1,1,1,1,1,4),(0.,0.000301414420816248,0.000602828841632496,0.000904243262448745,0.00105495047285687,0.00120565768326499,0.00135636489367312,0.00150707210408124,0.00180848652489749,0.00210990094571374,0.00241131536652999),.UNSPECIFIED.);
#638=B_SPLINE_CURVE_WITH_KNOTS('',3,(#13886,#13887,#13888,#13889,#13890,#13891,#13892,#13893,#13894,#13895,#13896,#13897,#13898),.UNSPECIFIED.,.F.,.F.,(4,1,1,1,1,1,1,1,1,1,4),(0.,0.000301414420816229,0.000602828841632459,0.000904243262448688,0.0010549504728568,0.00120565768326492,0.00135636489367303,0.00150707210408115,0.00180848652489738,0.00210990094571361,0.00241131536652984),.UNSPECIFIED.);
#639=B_SPLINE_CURVE_WITH_KNOTS('',3,(#13902,#13903,#13904,#13905,#13906,#13907,#13908,#13909,#13910,#13911,#13912,#13913,#13914),.UNSPECIFIED.,.F.,.F.,(4,1,1,1,1,1,1,1,1,1,4),(0.,0.00030141442081624,0.00060282884163248,0.00090424326244872,0.00105495047285684,0.00120565768326496,0.00135636489367308,0.0015070721040812,0.00180848652489744,0.00210990094571368,0.00241131536652992),.UNSPECIFIED.);
#640=B_SPLINE_CURVE_WITH_KNOTS('',3,(#13918,#13919,#13920,#13921,#13922,#13923,#13924,#13925,#13926,#13927,#13928,#13929,#13930),.UNSPECIFIED.,.F.,.F.,(4,1,1,1,1,1,1,1,1,1,4),(0.,0.000301414420816259,0.000602828841632518,0.000904243262448777,0.00105495047285691,0.00120565768326504,0.00135636489367317,0.0015070721040813,0.00180848652489755,0.00210990094571381,0.00241131536653007),.UNSPECIFIED.);
#641=B_SPLINE_CURVE_WITH_KNOTS('',3,(#13934,#13935,#13936,#13937,#13938,#13939,#13940,#13941,#13942,#13943,#13944,#13945,#13946),.UNSPECIFIED.,.F.,.F.,(4,1,1,1,1,1,1,1,1,1,4),(0.,0.000301414420816245,0.000602828841632491,0.000904243262448736,0.00105495047285686,0.00120565768326498,0.0013563648936731,0.00150707210408123,0.00180848652489747,0.00210990094571372,0.00241131536652996),.UNSPECIFIED.);
#642=B_SPLINE_CURVE_WITH_KNOTS('',3,(#13950,#13951,#13952,#13953,#13954,#13955,#13956,#13957,#13958,#13959,#13960,#13961,#13962),.UNSPECIFIED.,.F.,.F.,(4,1,1,1,1,1,1,1,1,1,4),(0.,0.000301414420816244,0.000602828841632487,0.000904243262448731,0.00105495047285685,0.00120565768326497,0.0013563648936731,0.00150707210408122,0.00180848652489746,0.0021099009457137,0.00241131536652995),.UNSPECIFIED.);
#643=B_SPLINE_CURVE_WITH_KNOTS('',3,(#13966,#13967,#13968,#13969,#13970,#13971,#13972,#13973,#13974,#13975,#13976,#13977,#13978),.UNSPECIFIED.,.F.,.F.,(4,1,1,1,1,1,1,1,1,1,4),(0.,0.00030141442081623,0.00060282884163246,0.000904243262448689,0.0010549504728568,0.00120565768326492,0.00135636489367303,0.00150707210408115,0.00180848652489738,0.00210990094571361,0.00241131536652984),.UNSPECIFIED.);
#644=B_SPLINE_CURVE_WITH_KNOTS('',3,(#13982,#13983,#13984,#13985,#13986,#13987,#13988,#13989,#13990,#13991,#13992,#13993,#13994),.UNSPECIFIED.,.F.,.F.,(4,1,1,1,1,1,1,1,1,1,4),(0.,0.000301414420816236,0.000602828841632472,0.000904243262448708,0.00105495047285683,0.00120565768326494,0.00135636489367306,0.00150707210408118,0.00180848652489742,0.00210990094571365,0.00241131536652989),.UNSPECIFIED.);
#645=B_SPLINE_CURVE_WITH_KNOTS('',3,(#13998,#13999,#14000,#14001,#14002,#14003,#14004,#14005,#14006,#14007,#14008,#14009,#14010),.UNSPECIFIED.,.F.,.F.,(4,1,1,1,1,1,1,1,1,1,4),(0.,0.000301414420816262,0.000602828841632524,0.000904243262448786,0.00105495047285692,0.00120565768326505,0.00135636489367318,0.00150707210408131,0.00180848652489757,0.00210990094571383,0.0024113153665301),.UNSPECIFIED.);
#646=B_SPLINE_CURVE_WITH_KNOTS('',3,(#14014,#14015,#14016,#14017,#14018,#14019,#14020,#14021,#14022,#14023,#14024,#14025,#14026),.UNSPECIFIED.,.F.,.F.,(4,1,1,1,1,1,1,1,1,1,4),(0.,0.000301414420816243,0.000602828841632486,0.000904243262448728,0.00105495047285685,0.00120565768326497,0.00135636489367309,0.00150707210408121,0.00180848652489746,0.0021099009457137,0.00241131536652994),.UNSPECIFIED.);
#647=B_SPLINE_CURVE_WITH_KNOTS('',3,(#14030,#14031,#14032,#14033,#14034,#14035,#14036,#14037,#14038,#14039,#14040,#14041,#14042),.UNSPECIFIED.,.F.,.F.,(4,1,1,1,1,1,1,1,1,1,4),(0.,0.00030141442081624,0.00060282884163248,0.00090424326244872,0.00105495047285684,0.00120565768326496,0.00135636489367308,0.0015070721040812,0.00180848652489744,0.00210990094571368,0.00241131536652992),.UNSPECIFIED.);
#648=B_SPLINE_CURVE_WITH_KNOTS('',3,(#14046,#14047,#14048,#14049,#14050,#14051,#14052,#14053,#14054,#14055,#14056,#14057,#14058),.UNSPECIFIED.,.F.,.F.,(4,1,1,1,1,1,1,1,1,1,4),(0.,0.000301414420816243,0.000602828841632485,0.000904243262448728,0.00105495047285685,0.00120565768326497,0.00135636489367309,0.00150707210408121,0.00180848652489746,0.0021099009457137,0.00241131536652994),.UNSPECIFIED.);
#649=B_SPLINE_CURVE_WITH_KNOTS('',3,(#14062,#14063,#14064,#14065,#14066,#14067,#14068,#14069,#14070,#14071,#14072,#14073,#14074),.UNSPECIFIED.,.F.,.F.,(4,1,1,1,1,1,1,1,1,1,4),(0.,0.00030141442081623,0.000602828841632459,0.000904243262448689,0.0010549504728568,0.00120565768326492,0.00135636489367303,0.00150707210408115,0.00180848652489738,0.00210990094571361,0.00241131536652984),.UNSPECIFIED.);
#650=B_SPLINE_CURVE_WITH_KNOTS('',3,(#14078,#14079,#14080,#14081,#14082,#14083,#14084,#14085,#14086,#14087,#14088,#14089,#14090),.UNSPECIFIED.,.F.,.F.,(4,1,1,1,1,1,1,1,1,1,4),(0.,0.000301414420816262,0.000602828841632525,0.000904243262448787,0.00105495047285692,0.00120565768326505,0.00135636489367318,0.00150707210408131,0.00180848652489757,0.00210990094571384,0.0024113153665301),.UNSPECIFIED.);
#651=B_SPLINE_CURVE_WITH_KNOTS('',3,(#14097,#14098,#14099,#14100),.UNSPECIFIED.,.F.,.F.,(4,4),(5.05160264792926E-17,0.000317849468908716),.UNSPECIFIED.);
#652=B_SPLINE_CURVE_WITH_KNOTS('',3,(#14104,#14105,#14106,#14107),.UNSPECIFIED.,.F.,.F.,(4,4),(0.,0.00031784997584637),.UNSPECIFIED.);
#653=B_SPLINE_CURVE_WITH_KNOTS('',3,(#14276,#14277,#14278,#14279,#14280,#14281,#14282,#14283,#14284,#14285,#14286),.UNSPECIFIED.,.F.,.F.,(4,1,1,1,1,1,1,1,4),(0.,0.00022890784750318,0.000457815695006361,0.000686723542509541,0.000915631390012722,0.0011445392375159,0.00137344708501908,0.00160235493252226,0.00183126278002544),.UNSPECIFIED.);
#654=B_SPLINE_CURVE_WITH_KNOTS('',3,(#14290,#14291,#14292,#14293,#14294,#14295,#14296,#14297,#14298,#14299,#14300),.UNSPECIFIED.,.F.,.F.,(4,1,1,1,1,1,1,1,4),(0.,0.000228907847503179,0.000457815695006358,0.000686723542509537,0.000915631390012716,0.00114453923751589,0.00137344708501907,0.00160235493252225,0.00183126278002543),.UNSPECIFIED.);
#655=B_SPLINE_CURVE_WITH_KNOTS('',3,(#14304,#14305,#14306,#14307,#14308,#14309,#14310,#14311,#14312,#14313,#14314),.UNSPECIFIED.,.F.,.F.,(4,1,1,1,1,1,1,1,4),(0.,0.000228907847503179,0.000457815695006357,0.000686723542509536,0.000915631390012715,0.00114453923751589,0.00137344708501907,0.00160235493252225,0.00183126278002543),.UNSPECIFIED.);
#656=B_SPLINE_CURVE_WITH_KNOTS('',3,(#14318,#14319,#14320,#14321,#14322,#14323,#14324,#14325,#14326,#14327,#14328),.UNSPECIFIED.,.F.,.F.,(4,1,1,1,1,1,1,1,4),(0.,0.000228907847503182,0.000457815695006364,0.000686723542509546,0.000915631390012727,0.00114453923751591,0.00137344708501909,0.00160235493252227,0.00183126278002545),.UNSPECIFIED.);
#657=B_SPLINE_CURVE_WITH_KNOTS('',3,(#14332,#14333,#14334,#14335,#14336,#14337,#14338,#14339,#14340,#14341,#14342),.UNSPECIFIED.,.F.,.F.,(4,1,1,1,1,1,1,1,4),(0.,0.00022890784750318,0.000457815695006361,0.000686723542509541,0.000915631390012721,0.0011445392375159,0.00137344708501908,0.00160235493252226,0.00183126278002544),.UNSPECIFIED.);
#658=B_SPLINE_CURVE_WITH_KNOTS('',3,(#14346,#14347,#14348,#14349,#14350,#14351,#14352,#14353,#14354,#14355,#14356),.UNSPECIFIED.,.F.,.F.,(4,1,1,1,1,1,1,1,4),(0.,0.00022890784750318,0.000457815695006361,0.000686723542509541,0.000915631390012722,0.0011445392375159,0.00137344708501908,0.00160235493252226,0.00183126278002544),.UNSPECIFIED.);
#659=B_SPLINE_CURVE_WITH_KNOTS('',3,(#14360,#14361,#14362,#14363,#14364,#14365,#14366,#14367,#14368,#14369,#14370),.UNSPECIFIED.,.F.,.F.,(4,1,1,1,1,1,1,1,4),(0.,0.00022890784750318,0.00045781569500636,0.00068672354250954,0.000915631390012719,0.0011445392375159,0.00137344708501908,0.00160235493252226,0.00183126278002544),.UNSPECIFIED.);
#660=B_SPLINE_CURVE_WITH_KNOTS('',3,(#14374,#14375,#14376,#14377,#14378,#14379,#14380,#14381,#14382,#14383,#14384),.UNSPECIFIED.,.F.,.F.,(4,1,1,1,1,1,1,1,4),(0.,0.000228907847503181,0.000457815695006363,0.000686723542509544,0.000915631390012726,0.00114453923751591,0.00137344708501909,0.00160235493252227,0.00183126278002545),.UNSPECIFIED.);
#661=B_SPLINE_CURVE_WITH_KNOTS('',3,(#14388,#14389,#14390,#14391,#14392,#14393,#14394,#14395,#14396,#14397,#14398),.UNSPECIFIED.,.F.,.F.,(4,1,1,1,1,1,1,1,4),(0.,0.000228907847503183,0.000457815695006366,0.00068672354250955,0.000915631390012733,0.00114453923751592,0.0013734470850191,0.00160235493252228,0.00183126278002547),.UNSPECIFIED.);
#662=B_SPLINE_CURVE_WITH_KNOTS('',3,(#14402,#14403,#14404,#14405,#14406,#14407,#14408,#14409,#14410,#14411,#14412),.UNSPECIFIED.,.F.,.F.,(4,1,1,1,1,1,1,1,4),(0.,0.00022890784750318,0.000457815695006359,0.000686723542509539,0.000915631390012718,0.0011445392375159,0.00137344708501908,0.00160235493252226,0.00183126278002544),.UNSPECIFIED.);
#663=B_SPLINE_CURVE_WITH_KNOTS('',3,(#14416,#14417,#14418,#14419,#14420,#14421,#14422,#14423,#14424,#14425,#14426),.UNSPECIFIED.,.F.,.F.,(4,1,1,1,1,1,1,1,4),(0.,0.00022890784750318,0.00045781569500636,0.00068672354250954,0.00091563139001272,0.0011445392375159,0.00137344708501908,0.00160235493252226,0.00183126278002544),.UNSPECIFIED.);
#664=B_SPLINE_CURVE_WITH_KNOTS('',3,(#14430,#14431,#14432,#14433,#14434,#14435,#14436,#14437,#14438,#14439,#14440),.UNSPECIFIED.,.F.,.F.,(4,1,1,1,1,1,1,1,4),(0.,0.000228907847503181,0.000457815695006361,0.000686723542509542,0.000915631390012723,0.0011445392375159,0.00137344708501908,0.00160235493252226,0.00183126278002545),.UNSPECIFIED.);
#665=B_SPLINE_CURVE_WITH_KNOTS('',3,(#14444,#14445,#14446,#14447,#14448,#14449,#14450,#14451,#14452,#14453,#14454),.UNSPECIFIED.,.F.,.F.,(4,1,1,1,1,1,1,1,4),(0.,0.000228907847503184,0.000457815695006368,0.000686723542509551,0.000915631390012735,0.00114453923751592,0.0013734470850191,0.00160235493252229,0.00183126278002547),.UNSPECIFIED.);
#666=B_SPLINE_CURVE_WITH_KNOTS('',3,(#14458,#14459,#14460,#14461,#14462,#14463,#14464,#14465,#14466,#14467,#14468),.UNSPECIFIED.,.F.,.F.,(4,1,1,1,1,1,1,1,4),(0.,0.000228907847503184,0.000457815695006369,0.000686723542509553,0.000915631390012738,0.00114453923751592,0.00137344708501911,0.00160235493252229,0.00183126278002548),.UNSPECIFIED.);
#667=B_SPLINE_CURVE_WITH_KNOTS('',3,(#14472,#14473,#14474,#14475,#14476,#14477,#14478,#14479,#14480,#14481,#14482),.UNSPECIFIED.,.F.,.F.,(4,1,1,1,1,1,1,1,4),(0.,0.00022890784750318,0.00045781569500636,0.000686723542509541,0.000915631390012721,0.0011445392375159,0.00137344708501908,0.00160235493252226,0.00183126278002544),.UNSPECIFIED.);
#668=B_SPLINE_CURVE_WITH_KNOTS('',3,(#14646,#14647,#14648,#14649),.UNSPECIFIED.,.F.,.F.,(4,4),(0.000195051332469408,0.0034089790458816),.UNSPECIFIED.);
#669=B_SPLINE_CURVE_WITH_KNOTS('',3,(#14651,#14652,#14653,#14654),.UNSPECIFIED.,.F.,.F.,(4,4),(0.,0.00769819392893387),.UNSPECIFIED.);
#670=B_SPLINE_CURVE_WITH_KNOTS('',3,(#14656,#14657,#14658,#14659,#14660,#14661,#14662),.UNSPECIFIED.,.F.,.F.,(4,3,4),(2.00088731909526E-07,0.00321412650197906,0.00340897766633897),.UNSPECIFIED.);
#671=B_SPLINE_CURVE_WITH_KNOTS('',3,(#14688,#14689,#14690,#14691,#14692,#14693,#14694),.UNSPECIFIED.,.F.,.F.,(4,3,4),(-1.90946557288492E-05,0.000195051253223391,0.00340897766647046),.UNSPECIFIED.);
#672=B_SPLINE_CURVE_WITH_KNOTS('',3,(#14717,#14718,#14719,#14720),.UNSPECIFIED.,.F.,.F.,(4,4),(0.,0.00769819392893386),.UNSPECIFIED.);
#673=B_SPLINE_CURVE_WITH_KNOTS('',3,(#14722,#14723,#14724,#14725),.UNSPECIFIED.,.F.,.F.,(4,4),(2.00088812526519E-07,0.00321412780222472),.UNSPECIFIED.);
#674=B_SPLINE_CURVE_WITH_KNOTS('',3,(#14746,#14747,#14748,#14749,#14750,#14751,#14752),.UNSPECIFIED.,.F.,.F.,(4,3,4),(0.,3.41658398426467E-08,0.00155582097537778),.UNSPECIFIED.);
#675=B_SPLINE_CURVE_WITH_KNOTS('',3,(#14757,#14758,#14759,#14760,#14761,#14762,#14763),.UNSPECIFIED.,.F.,.F.,(4,3,4),(0.,0.00185095809428618,0.00185098885101903),.UNSPECIFIED.);
#676=B_SPLINE_CURVE_WITH_KNOTS('',3,(#14767,#14768,#14769,#14770),.UNSPECIFIED.,.F.,.F.,(4,4),(0.,0.00154458165976528),.UNSPECIFIED.);
#677=B_SPLINE_CURVE_WITH_KNOTS('',3,(#14774,#14775,#14776,#14777),.UNSPECIFIED.,.F.,.F.,(4,4),(0.,0.00181608851751658),.UNSPECIFIED.);
#678=B_SPLINE_CURVE_WITH_KNOTS('',3,(#14787,#14788,#14789,#14790,#14791,#14792,#14793,#14794,#14795),.UNSPECIFIED.,.F.,.F.,(4,3,2,4),(0.,4.1344614138762E-08,0.00079594187014551,0.00159184239567688),.UNSPECIFIED.);
#679=B_SPLINE_CURVE_WITH_KNOTS('',3,(#14809,#14810,#14811,#14812,#14813,#14814,#14815),.UNSPECIFIED.,.F.,.F.,(4,3,4),(0.,0.000596877080861984,0.000596943073706287),.UNSPECIFIED.);
#680=B_SPLINE_CURVE_WITH_KNOTS('',3,(#14817,#14818,#14819,#14820),.UNSPECIFIED.,.F.,.F.,(4,4),(0.,0.000607788120634256),.UNSPECIFIED.);
#681=B_SPLINE_CURVE_WITH_KNOTS('',3,(#14834,#14835,#14836,#14837),.UNSPECIFIED.,.F.,.F.,(4,4),(0.,0.000598487741200997),.UNSPECIFIED.);
#682=B_SPLINE_CURVE_WITH_KNOTS('',3,(#14839,#14840,#14841,#14842,#14843,#14844,#14845),.UNSPECIFIED.,.F.,.F.,(4,3,4),(0.,6.38077900896698E-08,0.000609264068284558),.UNSPECIFIED.);
#683=B_SPLINE_CURVE_WITH_KNOTS('',3,(#14859,#14860,#14861,#14862,#14863,#14864,#14865),.UNSPECIFIED.,.F.,.F.,(4,3,4),(0.,0.00099491475309537,0.000994938581068841),.UNSPECIFIED.);
#684=B_SPLINE_CURVE_WITH_KNOTS('',3,(#14867,#14868,#14869,#14870),.UNSPECIFIED.,.F.,.F.,(4,4),(0.,0.000809092550145486),.UNSPECIFIED.);
#685=B_SPLINE_CURVE_WITH_KNOTS('',3,(#14902,#14903,#14904,#14905),.UNSPECIFIED.,.F.,.F.,(4,4),(0.,0.00184057778109543),.UNSPECIFIED.);
#686=B_SPLINE_CURVE_WITH_KNOTS('',3,(#14929,#14930,#14931,#14932,#14933,#14934,#14935),.UNSPECIFIED.,.F.,.F.,(4,3,4),(0.,0.00153464720244559,0.00153469159305268),.UNSPECIFIED.);
#687=B_SPLINE_CURVE_WITH_KNOTS('',3,(#14937,#14938,#14939,#14940,#14941,#14942,#14943),.UNSPECIFIED.,.F.,.F.,(4,3,4),(0.,9.35014516475966E-08,0.000729313466281347),.UNSPECIFIED.);
#688=B_SPLINE_CURVE_WITH_KNOTS('',3,(#14953,#14954,#14955,#14956),.UNSPECIFIED.,.F.,.F.,(4,4),(0.,0.0015440184119616),.UNSPECIFIED.);
#689=B_SPLINE_CURVE_WITH_KNOTS('',3,(#14958,#14959,#14960,#14961,#14962,#14963,#14964),.UNSPECIFIED.,.F.,.F.,(4,3,4),(0.,4.11655111801409E-08,0.000624053896473974),.UNSPECIFIED.);
#690=B_SPLINE_CURVE_WITH_KNOTS('',3,(#14981,#14982,#14983,#14984),.UNSPECIFIED.,.F.,.F.,(4,4),(0.,0.000317858015177117),.UNSPECIFIED.);
#691=B_SPLINE_CURVE_WITH_KNOTS('',3,(#14988,#14989,#14990,#14991),.UNSPECIFIED.,.F.,.F.,(4,4),(1.38777878078145E-17,0.000319217214079373),.UNSPECIFIED.);
#692=B_SPLINE_CURVE_WITH_KNOTS('',3,(#14993,#14994,#14995,#14996),.UNSPECIFIED.,.F.,.F.,(4,4),(0.,0.000319235434487522),.UNSPECIFIED.);
#693=B_SPLINE_CURVE_WITH_KNOTS('',3,(#15000,#15001,#15002,#15003),.UNSPECIFIED.,.F.,.F.,(4,4),(0.,0.000319243373308949),.UNSPECIFIED.);
#694=B_SPLINE_CURVE_WITH_KNOTS('',3,(#15007,#15008,#15009,#15010),.UNSPECIFIED.,.F.,.F.,(4,4),(0.,0.000317858564468403),.UNSPECIFIED.);
#695=B_SPLINE_CURVE_WITH_KNOTS('',3,(#15012,#15013,#15014,#15015),.UNSPECIFIED.,.F.,.F.,(4,4),(0.,0.000319209417066212),.UNSPECIFIED.);
#696=B_SPLINE_CURVE_WITH_KNOTS('',3,(#15482,#15483,#15484,#15485,#15486),.UNSPECIFIED.,.F.,.F.,(4,1,4),(3.10363434380028E-16,0.000755924907059511,0.00151184981411871),.UNSPECIFIED.);
#697=B_SPLINE_CURVE_WITH_KNOTS('',3,(#15503,#15504,#15505,#15506),.UNSPECIFIED.,.F.,.F.,(4,4),(0.,0.000725126420501541),.UNSPECIFIED.);
#698=B_SPLINE_CURVE_WITH_KNOTS('',3,(#15533,#15534,#15535,#15536),.UNSPECIFIED.,.F.,.F.,(4,4),(0.,0.00153838099562195),.UNSPECIFIED.);
#699=B_SPLINE_CURVE_WITH_KNOTS('',3,(#15553,#15554,#15555,#15556),.UNSPECIFIED.,.F.,.F.,(4,4),(0.,0.000620061343670373),.UNSPECIFIED.);
#700=B_SPLINE_CURVE_WITH_KNOTS('',3,(#15584,#15585,#15586,#15587),.UNSPECIFIED.,.F.,.F.,(4,4),(0.,0.0018348554085519),.UNSPECIFIED.);
#701=B_SPLINE_CURVE_WITH_KNOTS('',3,(#15601,#15602,#15603,#15604),.UNSPECIFIED.,.F.,.F.,(4,4),(0.,1.),.UNSPECIFIED.);
#702=B_SPLINE_CURVE_WITH_KNOTS('',3,(#15608,#15609,#15610,#15611),.UNSPECIFIED.,.F.,.F.,(4,4),(0.,1.),.UNSPECIFIED.);
#703=B_SPLINE_CURVE_WITH_KNOTS('',3,(#15688,#15689,#15690,#15691),.UNSPECIFIED.,.F.,.F.,(4,4),(0.,0.000991662732205357),.UNSPECIFIED.);
#704=B_SPLINE_CURVE_WITH_KNOTS('',3,(#15702,#15703,#15704,#15705),.UNSPECIFIED.,.F.,.F.,(4,4),(0.,0.000804184089750391),.UNSPECIFIED.);
#705=B_SPLINE_CURVE_WITH_KNOTS('',3,(#15763,#15764,#15765,#15766),.UNSPECIFIED.,.F.,.F.,(4,4),(0.,0.000595238793806197),.UNSPECIFIED.);
#706=B_SPLINE_CURVE_WITH_KNOTS('',3,(#15783,#15784,#15785,#15786),.UNSPECIFIED.,.F.,.F.,(4,4),(0.,0.000605025023156355),.UNSPECIFIED.);
#707=B_SPLINE_CURVE_WITH_KNOTS('',3,(#15828,#15829,#15830,#15831),.UNSPECIFIED.,.F.,.F.,(4,4),(0.,0.000593773846509259),.UNSPECIFIED.);
#708=B_SPLINE_CURVE_WITH_KNOTS('',3,(#15842,#15843,#15844,#15845),.UNSPECIFIED.,.F.,.F.,(4,4),(0.,0.000603693533764372),.UNSPECIFIED.);
#709=B_SPLINE_CURVE_WITH_KNOTS('',3,(#15891,#15892,#15893,#15894,#15895,#15896),.UNSPECIFIED.,.F.,.F.,(4,2,4),(0.,0.000792087241114242,0.00158417448222849),.UNSPECIFIED.);
#710=B_SPLINE_CURVE_WITH_KNOTS('',3,(#15926,#15927,#15928,#15929),.UNSPECIFIED.,.F.,.F.,(4,4),(0.,0.00154817772540451),.UNSPECIFIED.);
#711=B_SPLINE_CURVE_WITH_KNOTS('',3,(#15950,#15951,#15952,#15953),.UNSPECIFIED.,.F.,.F.,(4,4),(0.,0.00184527195280727),.UNSPECIFIED.);
#712=B_SPLINE_CURVE_WITH_KNOTS('',3,(#15968,#15969,#15970,#15971),.UNSPECIFIED.,.F.,.F.,(4,4),(0.,0.00153677896169665),.UNSPECIFIED.);
#713=B_SPLINE_CURVE_WITH_KNOTS('',3,(#15986,#15987,#15988,#15989),.UNSPECIFIED.,.F.,.F.,(4,4),(0.,0.00181038479328789),.UNSPECIFIED.);
#714=B_SPLINE_CURVE_WITH_KNOTS('',3,(#16223,#16224,#16225,#16226),.UNSPECIFIED.,.F.,.F.,(4,4),(2.00088701010334E-07,0.00361430372843603),.UNSPECIFIED.);
#715=B_SPLINE_CURVE_WITH_KNOTS('',3,(#16228,#16229,#16230,#16231),.UNSPECIFIED.,.F.,.F.,(4,4),(2.00088782975944E-07,0.00361430225409545),.UNSPECIFIED.);
#716=B_SPLINE_CURVE_WITH_KNOTS('',3,(#16235,#16236,#16237,#16238),.UNSPECIFIED.,.F.,.F.,(4,4),(2.00088619756314E-07,0.00361430225393223),.UNSPECIFIED.);
#717=B_SPLINE_CURVE_WITH_KNOTS('',3,(#16240,#16241,#16242,#16243),.UNSPECIFIED.,.F.,.F.,(4,4),(2.00088864979761E-07,0.0036143037286),.UNSPECIFIED.);
#718=CIRCLE('',#9150,91.1464397345288);
#719=CIRCLE('',#9153,91.1464314179217);
#720=CIRCLE('',#9157,91.1465124579945);
#721=CIRCLE('',#9159,91.1462826953244);
#722=CIRCLE('',#9162,91.1465123161386);
#723=CIRCLE('',#9165,0.01);
#724=CIRCLE('',#9166,0.01);
#725=CIRCLE('',#9168,0.01);
#726=CIRCLE('',#9169,0.01);
#727=CIRCLE('',#9171,0.01);
#728=CIRCLE('',#9172,0.01);
#729=CIRCLE('',#9174,0.01);
#730=CIRCLE('',#9175,0.01);
#731=CIRCLE('',#9177,0.01);
#732=CIRCLE('',#9178,0.01);
#733=CIRCLE('',#9181,0.004);
#734=CIRCLE('',#9197,0.002);
#735=CIRCLE('',#9199,0.002);
#736=CIRCLE('',#9206,0.0015);
#737=CIRCLE('',#9207,0.0015);
#738=CIRCLE('',#9209,0.0015);
#739=CIRCLE('',#9210,0.0015);
#740=CIRCLE('',#9212,0.0015);
#741=CIRCLE('',#9213,0.0015);
#742=CIRCLE('',#9216,0.0015);
#743=CIRCLE('',#9217,0.0015);
#744=CIRCLE('',#9222,0.0020193);
#745=CIRCLE('',#9224,0.0020193);
#746=CIRCLE('',#9226,0.00108749999999998);
#747=CIRCLE('',#9227,0.00108749999999998);
#748=CIRCLE('',#9228,0.0215);
#749=CIRCLE('',#9229,0.009525);
#750=CIRCLE('',#9230,0.0020193);
#751=CIRCLE('',#9231,0.0020193);
#752=CIRCLE('',#9232,0.0020193);
#753=CIRCLE('',#9233,0.0020193);
#754=CIRCLE('',#9234,0.0020193);
#755=CIRCLE('',#9235,0.0020193);
#756=CIRCLE('',#9236,0.0020193);
#757=CIRCLE('',#9237,0.0020193);
#758=CIRCLE('',#9238,0.0020193);
#759=CIRCLE('',#9239,0.0020193);
#760=CIRCLE('',#9241,0.0020193);
#761=CIRCLE('',#9244,0.0020193);
#762=CIRCLE('',#9247,0.0020193);
#763=CIRCLE('',#9250,0.0020193);
#764=CIRCLE('',#9253,0.0020193);
#765=CIRCLE('',#9256,0.0020193);
#766=CIRCLE('',#9259,0.0020193);
#767=CIRCLE('',#9262,0.0020193);
#768=CIRCLE('',#9265,0.0020193);
#769=CIRCLE('',#9268,0.0020193);
#770=CIRCLE('',#9271,0.0020193);
#771=CIRCLE('',#9273,0.0020193);
#772=CIRCLE('',#9275,0.003);
#773=CIRCLE('',#9277,0.0014732);
#774=CIRCLE('',#9278,0.0200643847513771);
#775=CIRCLE('',#9280,0.0014732);
#776=CIRCLE('',#9281,0.0200643847513771);
#777=CIRCLE('',#9284,0.0216559827826164);
#778=CIRCLE('',#9288,0.0216559827826164);
#779=CIRCLE('',#9290,0.00413951385720623);
#780=CIRCLE('',#9291,0.0042630028571052);
#781=CIRCLE('',#9293,0.00431797932960311);
#782=CIRCLE('',#9294,0.0042630028571052);
#783=CIRCLE('',#9295,20.6341519927512);
#784=CIRCLE('',#9296,0.00417043008640814);
#785=CIRCLE('',#9297,20.6341551499706);
#786=CIRCLE('',#9306,0.00300259699249335);
#787=CIRCLE('',#9307,0.00300259699249335);
#788=CIRCLE('',#9309,97.04176087749);
#789=CIRCLE('',#9311,0.020095559498456);
#790=CIRCLE('',#9312,0.02);
#791=CIRCLE('',#9316,0.00321490227842591);
#792=CIRCLE('',#9319,0.00300259699249335);
#793=CIRCLE('',#9320,0.00300259699249335);
#794=CIRCLE('',#9323,0.00321490227842591);
#795=CIRCLE('',#9326,0.0217090089465624);
#796=CIRCLE('',#9329,0.0217090089465624);
#797=CIRCLE('',#9333,2.76888464231565);
#798=CIRCLE('',#9334,7.86704236169283);
#799=CIRCLE('',#9338,0.020095559498456);
#800=CIRCLE('',#9339,97.0417492570899);
#801=CIRCLE('',#9340,0.02);
#802=CIRCLE('',#9346,16.4343412362199);
#803=CIRCLE('',#9348,0.00276255949845602);
#804=CIRCLE('',#9349,16.4343485235365);
#805=CIRCLE('',#9350,0.002667);
#806=CIRCLE('',#9352,0.00413951385720623);
#807=CIRCLE('',#9354,0.004375);
#808=CIRCLE('',#9355,0.00438809129869617);
#809=CIRCLE('',#9356,0.004375);
#810=CIRCLE('',#9357,7.86704224521437);
#811=CIRCLE('',#9358,0.00434382525292108);
#812=CIRCLE('',#9360,2.76748851114375);
#813=CIRCLE('',#9361,0.0026088152486229);
#814=CIRCLE('',#9362,0.0026732);
#815=CIRCLE('',#9364,0.0014732);
#816=CIRCLE('',#9366,0.0014732);
#817=CIRCLE('',#9368,0.0014732);
#818=CIRCLE('',#9369,0.0014732);
#819=CIRCLE('',#9376,0.003175);
#820=CIRCLE('',#9378,0.00330047748086011);
#821=CIRCLE('',#9380,0.004375);
#822=CIRCLE('',#9381,0.00396875);
#823=CIRCLE('',#9384,0.000199966325205528);
#824=CIRCLE('',#9385,0.00396875);
#825=CIRCLE('',#9387,0.0026732);
#826=CIRCLE('',#9388,0.00434382525292108);
#827=CIRCLE('',#9391,0.0219047382359235);
#828=CIRCLE('',#9392,0.0217417413485239);
#829=CIRCLE('',#9397,0.0219047382359235);
#830=CIRCLE('',#9398,0.0217417413485239);
#831=CIRCLE('',#9400,0.0026088152486229);
#832=CIRCLE('',#9407,0.00396875);
#833=CIRCLE('',#9409,0.00396875);
#834=CIRCLE('',#9410,0.004375);
#835=CIRCLE('',#9412,0.00438809129869617);
#836=CIRCLE('',#9414,0.00397046054737686);
#837=CIRCLE('',#9418,0.00395565870130383);
#838=CIRCLE('',#9420,0.00395565870130383);
#839=CIRCLE('',#9426,0.00395565870130383);
#840=CIRCLE('',#9428,0.00395565870130383);
#841=CIRCLE('',#9438,0.02);
#842=CIRCLE('',#9440,39.448463925763);
#843=CIRCLE('',#9444,0.02);
#844=CIRCLE('',#9446,39.4484752669395);
#845=CIRCLE('',#9450,0.00330047748086011);
#846=CIRCLE('',#9452,0.003175);
#847=CIRCLE('',#9478,0.000199966355790964);
#848=CIRCLE('',#9489,0.0027813);
#849=CIRCLE('',#9490,0.0027813);
#850=CIRCLE('',#9492,0.0011303);
#851=CIRCLE('',#9494,0.0011303);
#852=CIRCLE('',#9497,0.0027813);
#853=CIRCLE('',#9498,0.0027813);
#854=CIRCLE('',#9500,0.0011303);
#855=CIRCLE('',#9502,0.0011303);
#856=CIRCLE('',#9505,0.008);
#857=CIRCLE('',#9506,0.00825);
#858=CIRCLE('',#9508,0.009275);
#859=CIRCLE('',#9509,0.009525);
#860=CIRCLE('',#9511,0.00397204478);
#861=CIRCLE('',#9512,0.00397204478);
#862=CIRCLE('',#9513,0.00397204478);
#863=CIRCLE('',#9514,0.00397204478);
#864=CIRCLE('',#9515,0.00397204478);
#865=CIRCLE('',#9516,0.00397204478);
#866=CIRCLE('',#9517,0.00397204478);
#867=CIRCLE('',#9518,0.00397204478);
#868=CIRCLE('',#9519,0.00397204478);
#869=CIRCLE('',#9520,0.00397204478);
#870=CIRCLE('',#9521,0.00397204478);
#871=CIRCLE('',#9522,0.00397204478);
#872=CIRCLE('',#9523,0.00397204478);
#873=CIRCLE('',#9524,0.00397204478);
#874=CIRCLE('',#9525,0.00397204478);
#875=CIRCLE('',#9527,0.0219946257221831);
#876=CIRCLE('',#9528,0.021794694257188);
#877=CIRCLE('',#9531,0.000200000000000006);
#878=CIRCLE('',#9533,0.0217090089465624);
#879=CIRCLE('',#9535,0.0217090089465624);
#880=CIRCLE('',#9536,78.8876384173587);
#881=CIRCLE('',#9537,78.8876384173587);
#882=CIRCLE('',#9539,0.0029);
#883=CIRCLE('',#9540,0.00292770780523566);
#884=CIRCLE('',#9542,0.0029);
#885=CIRCLE('',#9543,0.00292770780523566);
#886=CIRCLE('',#9545,0.0218);
#887=CIRCLE('',#9546,0.0218);
#888=CIRCLE('',#9548,0.022);
#889=CIRCLE('',#9550,0.0043434);
#890=CIRCLE('',#9551,0.0043434);
#891=CIRCLE('',#9553,0.00775);
#892=CIRCLE('',#9554,0.008);
#893=CIRCLE('',#9558,0.022);
#894=CIRCLE('',#9560,0.000587499999999993);
#895=CIRCLE('',#9561,0.004167);
#896=CIRCLE('',#9562,0.0005875);
#897=CIRCLE('',#9565,0.0015875);
#898=CIRCLE('',#9566,0.0015875);
#899=CIRCLE('',#9569,0.0015875);
#900=CIRCLE('',#9570,0.0015875);
#901=CIRCLE('',#9576,0.00397204478);
#902=CIRCLE('',#9577,0.00397204478);
#903=CIRCLE('',#9578,0.00397204478);
#904=CIRCLE('',#9579,0.00397204478);
#905=CIRCLE('',#9580,0.00397204478);
#906=CIRCLE('',#9581,0.00397204478);
#907=CIRCLE('',#9582,0.00397204478);
#908=CIRCLE('',#9583,0.00397204478);
#909=CIRCLE('',#9584,0.00397204478);
#910=CIRCLE('',#9585,0.00397204478);
#911=CIRCLE('',#9586,0.00397204478);
#912=CIRCLE('',#9587,0.00397204478);
#913=CIRCLE('',#9588,0.00397204478);
#914=CIRCLE('',#9589,0.00397204478);
#915=CIRCLE('',#9590,0.00397204478);
#916=CIRCLE('',#9597,0.0013875);
#917=CIRCLE('',#9598,0.0013875);
#918=CIRCLE('',#9599,0.0015875);
#919=CIRCLE('',#9600,0.0015875);
#920=CIRCLE('',#9601,0.022);
#921=CIRCLE('',#9603,0.0013875);
#922=CIRCLE('',#9604,0.0013875);
#923=CIRCLE('',#9612,0.0015875);
#924=CIRCLE('',#9614,0.0015875);
#925=CIRCLE('',#9620,0.00413929219476434);
#926=CIRCLE('',#9621,0.00413929219476434);
#927=CIRCLE('',#9622,0.00413929219476434);
#928=CIRCLE('',#9629,39.688029627991);
#929=CIRCLE('',#9630,0.00334082311793519);
#930=CIRCLE('',#9633,39.6880343709416);
#931=CIRCLE('',#9634,0.00334082311793519);
#932=CIRCLE('',#9639,0.0214640233392504);
#933=CIRCLE('',#9642,0.0217090089465624);
#934=CIRCLE('',#9644,79.168237107452);
#935=CIRCLE('',#9645,0.0219946257221831);
#936=CIRCLE('',#9647,0.0219946257221831);
#937=CIRCLE('',#9648,0.0219054033583313);
#938=CIRCLE('',#9654,0.0219054033583313);
#939=CIRCLE('',#9655,0.0219946257221831);
#940=CIRCLE('',#9657,0.0217090089465624);
#941=CIRCLE('',#9660,79.1682409414385);
#942=CIRCLE('',#9661,0.0219946257221831);
#943=CIRCLE('',#9663,0.0214640233392504);
#944=CIRCLE('',#9667,0.000288703210848259);
#945=CIRCLE('',#9669,78.0975925095522);
#946=CIRCLE('',#9671,0.0217499143018773);
#947=CIRCLE('',#9672,78.3786528007529);
#948=CIRCLE('',#9675,0.021794694257188);
#949=CIRCLE('',#9677,0.021794694257188);
#950=CIRCLE('',#9679,0.021794694257188);
#951=CIRCLE('',#9681,0.021794694257188);
#952=CIRCLE('',#9683,78.3786492131926);
#953=CIRCLE('',#9685,78.0975925103503);
#954=CIRCLE('',#9686,0.0217499143018773);
#955=CIRCLE('',#9689,0.0217499143018773);
#956=CIRCLE('',#9690,0.0217499143018773);
#957=CIRCLE('',#9691,0.022);
#958=CIRCLE('',#9708,5.10984318010473E-05);
#959=CIRCLE('',#9709,5.10983576411454E-05);
#960=CIRCLE('',#9720,5.10984318136356E-05);
#961=CIRCLE('',#9721,5.10983576425673E-05);
#962=CIRCLE('',#9739,0.000293093402670903);
#963=CIRCLE('',#9837,0.0035687);
#964=CIRCLE('',#9838,0.0035687);
#965=CIRCLE('',#9840,0.0018288);
#966=CIRCLE('',#9842,0.0018288);
#967=CIRCLE('',#9845,0.0035687);
#968=CIRCLE('',#9847,0.0035687);
#969=CIRCLE('',#9849,0.0018288);
#970=CIRCLE('',#9851,0.0018288);
#971=CIRCLE('',#9867,0.00377144050154398);
#972=CIRCLE('',#9880,0.003867);
#973=CIRCLE('',#9882,7.67006653941272);
#974=CIRCLE('',#9884,7.66632682746113);
#975=CIRCLE('',#9888,12.1389461070228);
#976=CIRCLE('',#9890,12.1389461063749);
#977=CIRCLE('',#9892,0.00521602067039689);
#978=CIRCLE('',#9893,0.005367);
#979=ORIENTED_EDGE('',*,*,#3425,.F.);
#980=ORIENTED_EDGE('',*,*,#3426,.T.);
#981=ORIENTED_EDGE('',*,*,#3427,.F.);
#982=ORIENTED_EDGE('',*,*,#3428,.F.);
#983=ORIENTED_EDGE('',*,*,#3429,.F.);
#984=ORIENTED_EDGE('',*,*,#3430,.F.);
#985=ORIENTED_EDGE('',*,*,#3431,.T.);
#986=ORIENTED_EDGE('',*,*,#3427,.T.);
#987=ORIENTED_EDGE('',*,*,#3432,.F.);
#988=ORIENTED_EDGE('',*,*,#3433,.T.);
#989=ORIENTED_EDGE('',*,*,#3434,.F.);
#990=ORIENTED_EDGE('',*,*,#3435,.F.);
#991=ORIENTED_EDGE('',*,*,#3436,.F.);
#992=ORIENTED_EDGE('',*,*,#3437,.F.);
#993=ORIENTED_EDGE('',*,*,#3438,.T.);
#994=ORIENTED_EDGE('',*,*,#3434,.T.);
#995=ORIENTED_EDGE('',*,*,#3439,.F.);
#996=ORIENTED_EDGE('',*,*,#3440,.F.);
#997=ORIENTED_EDGE('',*,*,#3441,.F.);
#998=ORIENTED_EDGE('',*,*,#3442,.T.);
#999=ORIENTED_EDGE('',*,*,#3443,.F.);
#1000=ORIENTED_EDGE('',*,*,#3444,.T.);
#1001=ORIENTED_EDGE('',*,*,#3442,.F.);
#1002=ORIENTED_EDGE('',*,*,#3445,.T.);
#1003=ORIENTED_EDGE('',*,*,#3446,.F.);
#1004=ORIENTED_EDGE('',*,*,#3447,.T.);
#1005=ORIENTED_EDGE('',*,*,#3448,.F.);
#1006=ORIENTED_EDGE('',*,*,#3449,.F.);
#1007=ORIENTED_EDGE('',*,*,#3450,.F.);
#1008=ORIENTED_EDGE('',*,*,#3451,.F.);
#1009=ORIENTED_EDGE('',*,*,#3452,.T.);
#1010=ORIENTED_EDGE('',*,*,#3448,.T.);
#1011=ORIENTED_EDGE('',*,*,#3453,.F.);
#1012=ORIENTED_EDGE('',*,*,#3454,.T.);
#1013=ORIENTED_EDGE('',*,*,#3455,.F.);
#1014=ORIENTED_EDGE('',*,*,#3456,.F.);
#1015=ORIENTED_EDGE('',*,*,#3457,.F.);
#1016=ORIENTED_EDGE('',*,*,#3458,.F.);
#1017=ORIENTED_EDGE('',*,*,#3459,.T.);
#1018=ORIENTED_EDGE('',*,*,#3455,.T.);
#1019=ORIENTED_EDGE('',*,*,#3460,.F.);
#1020=ORIENTED_EDGE('',*,*,#3453,.T.);
#1021=ORIENTED_EDGE('',*,*,#3461,.T.);
#1022=ORIENTED_EDGE('',*,*,#3462,.F.);
#1023=ORIENTED_EDGE('',*,*,#3463,.T.);
#1024=ORIENTED_EDGE('',*,*,#3464,.T.);
#1025=ORIENTED_EDGE('',*,*,#3465,.T.);
#1026=ORIENTED_EDGE('',*,*,#3437,.T.);
#1027=ORIENTED_EDGE('',*,*,#3466,.F.);
#1028=ORIENTED_EDGE('',*,*,#3432,.T.);
#1029=ORIENTED_EDGE('',*,*,#3467,.T.);
#1030=ORIENTED_EDGE('',*,*,#3468,.F.);
#1031=ORIENTED_EDGE('',*,*,#3469,.T.);
#1032=ORIENTED_EDGE('',*,*,#3470,.T.);
#1033=ORIENTED_EDGE('',*,*,#3471,.T.);
#1034=ORIENTED_EDGE('',*,*,#3451,.T.);
#1035=ORIENTED_EDGE('',*,*,#3472,.F.);
#1036=ORIENTED_EDGE('',*,*,#3446,.T.);
#1037=ORIENTED_EDGE('',*,*,#3473,.T.);
#1038=ORIENTED_EDGE('',*,*,#3474,.F.);
#1039=ORIENTED_EDGE('',*,*,#3475,.T.);
#1040=ORIENTED_EDGE('',*,*,#3476,.T.);
#1041=ORIENTED_EDGE('',*,*,#3477,.T.);
#1042=ORIENTED_EDGE('',*,*,#3440,.T.);
#1043=ORIENTED_EDGE('',*,*,#3478,.F.);
#1044=ORIENTED_EDGE('',*,*,#3443,.T.);
#1045=ORIENTED_EDGE('',*,*,#3479,.T.);
#1046=ORIENTED_EDGE('',*,*,#3480,.F.);
#1047=ORIENTED_EDGE('',*,*,#3481,.T.);
#1048=ORIENTED_EDGE('',*,*,#3482,.T.);
#1049=ORIENTED_EDGE('',*,*,#3483,.T.);
#1050=ORIENTED_EDGE('',*,*,#3430,.T.);
#1051=ORIENTED_EDGE('',*,*,#3484,.F.);
#1052=ORIENTED_EDGE('',*,*,#3425,.T.);
#1053=ORIENTED_EDGE('',*,*,#3485,.T.);
#1054=ORIENTED_EDGE('',*,*,#3486,.F.);
#1055=ORIENTED_EDGE('',*,*,#3487,.T.);
#1056=ORIENTED_EDGE('',*,*,#3488,.T.);
#1057=ORIENTED_EDGE('',*,*,#3489,.T.);
#1058=ORIENTED_EDGE('',*,*,#3458,.T.);
#1059=ORIENTED_EDGE('',*,*,#3490,.F.);
#1060=ORIENTED_EDGE('',*,*,#3491,.T.);
#1061=ORIENTED_EDGE('',*,*,#3492,.T.);
#1062=ORIENTED_EDGE('',*,*,#3493,.F.);
#1063=ORIENTED_EDGE('',*,*,#3494,.F.);
#1064=ORIENTED_EDGE('',*,*,#3493,.T.);
#1065=ORIENTED_EDGE('',*,*,#3495,.T.);
#1066=ORIENTED_EDGE('',*,*,#3496,.F.);
#1067=ORIENTED_EDGE('',*,*,#3497,.F.);
#1068=ORIENTED_EDGE('',*,*,#3481,.F.);
#1069=ORIENTED_EDGE('',*,*,#3445,.F.);
#1070=ORIENTED_EDGE('',*,*,#3441,.T.);
#1071=ORIENTED_EDGE('',*,*,#3477,.F.);
#1072=ORIENTED_EDGE('',*,*,#3498,.T.);
#1073=ORIENTED_EDGE('',*,*,#3499,.F.);
#1074=ORIENTED_EDGE('',*,*,#3500,.T.);
#1075=ORIENTED_EDGE('',*,*,#3491,.F.);
#1076=ORIENTED_EDGE('',*,*,#3501,.F.);
#1077=ORIENTED_EDGE('',*,*,#3479,.F.);
#1078=ORIENTED_EDGE('',*,*,#3502,.T.);
#1079=ORIENTED_EDGE('',*,*,#3498,.F.);
#1080=ORIENTED_EDGE('',*,*,#3476,.F.);
#1081=ORIENTED_EDGE('',*,*,#3503,.T.);
#1082=ORIENTED_EDGE('',*,*,#3504,.F.);
#1083=ORIENTED_EDGE('',*,*,#3505,.F.);
#1084=ORIENTED_EDGE('',*,*,#3470,.F.);
#1085=ORIENTED_EDGE('',*,*,#3506,.T.);
#1086=ORIENTED_EDGE('',*,*,#3507,.F.);
#1087=ORIENTED_EDGE('',*,*,#3508,.F.);
#1088=ORIENTED_EDGE('',*,*,#3464,.F.);
#1089=ORIENTED_EDGE('',*,*,#3509,.T.);
#1090=ORIENTED_EDGE('',*,*,#3510,.F.);
#1091=ORIENTED_EDGE('',*,*,#3511,.F.);
#1092=ORIENTED_EDGE('',*,*,#3488,.F.);
#1093=ORIENTED_EDGE('',*,*,#3512,.T.);
#1094=ORIENTED_EDGE('',*,*,#3513,.F.);
#1095=ORIENTED_EDGE('',*,*,#3514,.F.);
#1096=ORIENTED_EDGE('',*,*,#3482,.F.);
#1097=ORIENTED_EDGE('',*,*,#3497,.T.);
#1098=ORIENTED_EDGE('',*,*,#3515,.F.);
#1099=ORIENTED_EDGE('',*,*,#3496,.T.);
#1100=ORIENTED_EDGE('',*,*,#3516,.T.);
#1101=ORIENTED_EDGE('',*,*,#3499,.T.);
#1102=ORIENTED_EDGE('',*,*,#3515,.T.);
#1103=ORIENTED_EDGE('',*,*,#3495,.F.);
#1104=ORIENTED_EDGE('',*,*,#3492,.F.);
#1105=ORIENTED_EDGE('',*,*,#3500,.F.);
#1106=ORIENTED_EDGE('',*,*,#3516,.F.);
#1107=ORIENTED_EDGE('',*,*,#3494,.T.);
#1108=ORIENTED_EDGE('',*,*,#3480,.T.);
#1109=ORIENTED_EDGE('',*,*,#3501,.T.);
#1110=ORIENTED_EDGE('',*,*,#3490,.T.);
#1111=ORIENTED_EDGE('',*,*,#3517,.F.);
#1112=ORIENTED_EDGE('',*,*,#3518,.T.);
#1113=ORIENTED_EDGE('',*,*,#3519,.T.);
#1114=ORIENTED_EDGE('',*,*,#3520,.F.);
#1115=ORIENTED_EDGE('',*,*,#3521,.F.);
#1116=ORIENTED_EDGE('',*,*,#3519,.F.);
#1117=ORIENTED_EDGE('',*,*,#3522,.F.);
#1118=ORIENTED_EDGE('',*,*,#3523,.F.);
#1119=ORIENTED_EDGE('',*,*,#3524,.T.);
#1120=ORIENTED_EDGE('',*,*,#3523,.T.);
#1121=ORIENTED_EDGE('',*,*,#3525,.T.);
#1122=ORIENTED_EDGE('',*,*,#3513,.T.);
#1123=ORIENTED_EDGE('',*,*,#3485,.F.);
#1124=ORIENTED_EDGE('',*,*,#3428,.T.);
#1125=ORIENTED_EDGE('',*,*,#3431,.F.);
#1126=ORIENTED_EDGE('',*,*,#3483,.F.);
#1127=ORIENTED_EDGE('',*,*,#3514,.T.);
#1128=ORIENTED_EDGE('',*,*,#3525,.F.);
#1129=ORIENTED_EDGE('',*,*,#3522,.T.);
#1130=ORIENTED_EDGE('',*,*,#3518,.F.);
#1131=ORIENTED_EDGE('',*,*,#3526,.F.);
#1132=ORIENTED_EDGE('',*,*,#3527,.T.);
#1133=ORIENTED_EDGE('',*,*,#3486,.T.);
#1134=ORIENTED_EDGE('',*,*,#3526,.T.);
#1135=ORIENTED_EDGE('',*,*,#3517,.T.);
#1136=ORIENTED_EDGE('',*,*,#3527,.F.);
#1137=ORIENTED_EDGE('',*,*,#3520,.T.);
#1138=ORIENTED_EDGE('',*,*,#3521,.T.);
#1139=ORIENTED_EDGE('',*,*,#3524,.F.);
#1140=ORIENTED_EDGE('',*,*,#3512,.F.);
#1141=ORIENTED_EDGE('',*,*,#3487,.F.);
#1142=ORIENTED_EDGE('',*,*,#3528,.F.);
#1143=ORIENTED_EDGE('',*,*,#3529,.F.);
#1144=ORIENTED_EDGE('',*,*,#3530,.F.);
#1145=ORIENTED_EDGE('',*,*,#3531,.F.);
#1146=ORIENTED_EDGE('',*,*,#3532,.T.);
#1147=ORIENTED_EDGE('',*,*,#3531,.T.);
#1148=ORIENTED_EDGE('',*,*,#3533,.T.);
#1149=ORIENTED_EDGE('',*,*,#3507,.T.);
#1150=ORIENTED_EDGE('',*,*,#3534,.F.);
#1151=ORIENTED_EDGE('',*,*,#3535,.T.);
#1152=ORIENTED_EDGE('',*,*,#3529,.T.);
#1153=ORIENTED_EDGE('',*,*,#3536,.F.);
#1154=ORIENTED_EDGE('',*,*,#3537,.T.);
#1155=ORIENTED_EDGE('',*,*,#3468,.T.);
#1156=ORIENTED_EDGE('',*,*,#3538,.T.);
#1157=ORIENTED_EDGE('',*,*,#3534,.T.);
#1158=ORIENTED_EDGE('',*,*,#3467,.F.);
#1159=ORIENTED_EDGE('',*,*,#3435,.T.);
#1160=ORIENTED_EDGE('',*,*,#3438,.F.);
#1161=ORIENTED_EDGE('',*,*,#3465,.F.);
#1162=ORIENTED_EDGE('',*,*,#3508,.T.);
#1163=ORIENTED_EDGE('',*,*,#3533,.F.);
#1164=ORIENTED_EDGE('',*,*,#3530,.T.);
#1165=ORIENTED_EDGE('',*,*,#3535,.F.);
#1166=ORIENTED_EDGE('',*,*,#3538,.F.);
#1167=ORIENTED_EDGE('',*,*,#3537,.F.);
#1168=ORIENTED_EDGE('',*,*,#3536,.T.);
#1169=ORIENTED_EDGE('',*,*,#3528,.T.);
#1170=ORIENTED_EDGE('',*,*,#3532,.F.);
#1171=ORIENTED_EDGE('',*,*,#3506,.F.);
#1172=ORIENTED_EDGE('',*,*,#3469,.F.);
#1173=ORIENTED_EDGE('',*,*,#3539,.F.);
#1174=ORIENTED_EDGE('',*,*,#3540,.T.);
#1175=ORIENTED_EDGE('',*,*,#3541,.T.);
#1176=ORIENTED_EDGE('',*,*,#3542,.F.);
#1177=ORIENTED_EDGE('',*,*,#3543,.F.);
#1178=ORIENTED_EDGE('',*,*,#3541,.F.);
#1179=ORIENTED_EDGE('',*,*,#3544,.F.);
#1180=ORIENTED_EDGE('',*,*,#3545,.F.);
#1181=ORIENTED_EDGE('',*,*,#3546,.T.);
#1182=ORIENTED_EDGE('',*,*,#3545,.T.);
#1183=ORIENTED_EDGE('',*,*,#3547,.T.);
#1184=ORIENTED_EDGE('',*,*,#3504,.T.);
#1185=ORIENTED_EDGE('',*,*,#3473,.F.);
#1186=ORIENTED_EDGE('',*,*,#3449,.T.);
#1187=ORIENTED_EDGE('',*,*,#3452,.F.);
#1188=ORIENTED_EDGE('',*,*,#3471,.F.);
#1189=ORIENTED_EDGE('',*,*,#3505,.T.);
#1190=ORIENTED_EDGE('',*,*,#3547,.F.);
#1191=ORIENTED_EDGE('',*,*,#3544,.T.);
#1192=ORIENTED_EDGE('',*,*,#3540,.F.);
#1193=ORIENTED_EDGE('',*,*,#3548,.F.);
#1194=ORIENTED_EDGE('',*,*,#3549,.T.);
#1195=ORIENTED_EDGE('',*,*,#3474,.T.);
#1196=ORIENTED_EDGE('',*,*,#3548,.T.);
#1197=ORIENTED_EDGE('',*,*,#3539,.T.);
#1198=ORIENTED_EDGE('',*,*,#3549,.F.);
#1199=ORIENTED_EDGE('',*,*,#3542,.T.);
#1200=ORIENTED_EDGE('',*,*,#3543,.T.);
#1201=ORIENTED_EDGE('',*,*,#3546,.F.);
#1202=ORIENTED_EDGE('',*,*,#3503,.F.);
#1203=ORIENTED_EDGE('',*,*,#3475,.F.);
#1204=ORIENTED_EDGE('',*,*,#3550,.F.);
#1205=ORIENTED_EDGE('',*,*,#3551,.T.);
#1206=ORIENTED_EDGE('',*,*,#3552,.T.);
#1207=ORIENTED_EDGE('',*,*,#3553,.F.);
#1208=ORIENTED_EDGE('',*,*,#3554,.F.);
#1209=ORIENTED_EDGE('',*,*,#3552,.F.);
#1210=ORIENTED_EDGE('',*,*,#3555,.F.);
#1211=ORIENTED_EDGE('',*,*,#3556,.F.);
#1212=ORIENTED_EDGE('',*,*,#3557,.T.);
#1213=ORIENTED_EDGE('',*,*,#3556,.T.);
#1214=ORIENTED_EDGE('',*,*,#3558,.T.);
#1215=ORIENTED_EDGE('',*,*,#3510,.T.);
#1216=ORIENTED_EDGE('',*,*,#3461,.F.);
#1217=ORIENTED_EDGE('',*,*,#3456,.T.);
#1218=ORIENTED_EDGE('',*,*,#3459,.F.);
#1219=ORIENTED_EDGE('',*,*,#3489,.F.);
#1220=ORIENTED_EDGE('',*,*,#3511,.T.);
#1221=ORIENTED_EDGE('',*,*,#3558,.F.);
#1222=ORIENTED_EDGE('',*,*,#3555,.T.);
#1223=ORIENTED_EDGE('',*,*,#3551,.F.);
#1224=ORIENTED_EDGE('',*,*,#3559,.F.);
#1225=ORIENTED_EDGE('',*,*,#3560,.T.);
#1226=ORIENTED_EDGE('',*,*,#3462,.T.);
#1227=ORIENTED_EDGE('',*,*,#3559,.T.);
#1228=ORIENTED_EDGE('',*,*,#3550,.T.);
#1229=ORIENTED_EDGE('',*,*,#3560,.F.);
#1230=ORIENTED_EDGE('',*,*,#3553,.T.);
#1231=ORIENTED_EDGE('',*,*,#3554,.T.);
#1232=ORIENTED_EDGE('',*,*,#3557,.F.);
#1233=ORIENTED_EDGE('',*,*,#3509,.F.);
#1234=ORIENTED_EDGE('',*,*,#3463,.F.);
#1235=ORIENTED_EDGE('',*,*,#3561,.F.);
#1236=ORIENTED_EDGE('',*,*,#3466,.T.);
#1237=ORIENTED_EDGE('',*,*,#3450,.T.);
#1238=ORIENTED_EDGE('',*,*,#3447,.F.);
#1239=ORIENTED_EDGE('',*,*,#3472,.T.);
#1240=ORIENTED_EDGE('',*,*,#3439,.T.);
#1241=ORIENTED_EDGE('',*,*,#3444,.F.);
#1242=ORIENTED_EDGE('',*,*,#3478,.T.);
#1243=ORIENTED_EDGE('',*,*,#3429,.T.);
#1244=ORIENTED_EDGE('',*,*,#3426,.F.);
#1245=ORIENTED_EDGE('',*,*,#3484,.T.);
#1246=ORIENTED_EDGE('',*,*,#3457,.T.);
#1247=ORIENTED_EDGE('',*,*,#3454,.F.);
#1248=ORIENTED_EDGE('',*,*,#3460,.T.);
#1249=ORIENTED_EDGE('',*,*,#3436,.T.);
#1250=ORIENTED_EDGE('',*,*,#3433,.F.);
#1251=ORIENTED_EDGE('',*,*,#3562,.T.);
#1252=ORIENTED_EDGE('',*,*,#3561,.T.);
#1253=ORIENTED_EDGE('',*,*,#3562,.F.);
#1254=ORIENTED_EDGE('',*,*,#3502,.F.);
#1255=ORIENTED_EDGE('',*,*,#3563,.F.);
#1256=ORIENTED_EDGE('',*,*,#3564,.F.);
#1257=ORIENTED_EDGE('',*,*,#3565,.T.);
#1258=ORIENTED_EDGE('',*,*,#3566,.T.);
#1259=ORIENTED_EDGE('',*,*,#3567,.T.);
#1260=ORIENTED_EDGE('',*,*,#3568,.F.);
#1261=ORIENTED_EDGE('',*,*,#3569,.F.);
#1262=ORIENTED_EDGE('',*,*,#3564,.T.);
#1263=ORIENTED_EDGE('',*,*,#3570,.T.);
#1264=ORIENTED_EDGE('',*,*,#3571,.F.);
#1265=ORIENTED_EDGE('',*,*,#3572,.F.);
#1266=ORIENTED_EDGE('',*,*,#3568,.T.);
#1267=ORIENTED_EDGE('',*,*,#3573,.T.);
#1268=ORIENTED_EDGE('',*,*,#3574,.F.);
#1269=ORIENTED_EDGE('',*,*,#3575,.F.);
#1270=ORIENTED_EDGE('',*,*,#3576,.T.);
#1271=ORIENTED_EDGE('',*,*,#3577,.T.);
#1272=ORIENTED_EDGE('',*,*,#3578,.F.);
#1273=ORIENTED_EDGE('',*,*,#3579,.F.);
#1274=ORIENTED_EDGE('',*,*,#3566,.F.);
#1275=ORIENTED_EDGE('',*,*,#3580,.T.);
#1276=ORIENTED_EDGE('',*,*,#3571,.T.);
#1277=ORIENTED_EDGE('',*,*,#3581,.F.);
#1278=ORIENTED_EDGE('',*,*,#3582,.T.);
#1279=ORIENTED_EDGE('',*,*,#3565,.F.);
#1280=ORIENTED_EDGE('',*,*,#3569,.T.);
#1281=ORIENTED_EDGE('',*,*,#3572,.T.);
#1282=ORIENTED_EDGE('',*,*,#3580,.F.);
#1283=ORIENTED_EDGE('',*,*,#3577,.F.);
#1284=ORIENTED_EDGE('',*,*,#3575,.T.);
#1285=ORIENTED_EDGE('',*,*,#3573,.F.);
#1286=ORIENTED_EDGE('',*,*,#3581,.T.);
#1287=ORIENTED_EDGE('',*,*,#3563,.T.);
#1288=ORIENTED_EDGE('',*,*,#3579,.T.);
#1289=ORIENTED_EDGE('',*,*,#3570,.F.);
#1290=ORIENTED_EDGE('',*,*,#3567,.F.);
#1291=ORIENTED_EDGE('',*,*,#3578,.T.);
#1292=ORIENTED_EDGE('',*,*,#3576,.F.);
#1293=ORIENTED_EDGE('',*,*,#3574,.T.);
#1294=ORIENTED_EDGE('',*,*,#3582,.F.);
#1295=ORIENTED_EDGE('',*,*,#3583,.T.);
#1296=ORIENTED_EDGE('',*,*,#3583,.F.);
#1297=ORIENTED_EDGE('',*,*,#3584,.F.);
#1298=ORIENTED_EDGE('',*,*,#3585,.T.);
#1299=ORIENTED_EDGE('',*,*,#3586,.T.);
#1300=ORIENTED_EDGE('',*,*,#3587,.T.);
#1301=ORIENTED_EDGE('',*,*,#3588,.T.);
#1302=ORIENTED_EDGE('',*,*,#3589,.T.);
#1303=ORIENTED_EDGE('',*,*,#3590,.T.);
#1304=ORIENTED_EDGE('',*,*,#3591,.T.);
#1305=ORIENTED_EDGE('',*,*,#3592,.T.);
#1306=ORIENTED_EDGE('',*,*,#3593,.T.);
#1307=ORIENTED_EDGE('',*,*,#3594,.T.);
#1308=ORIENTED_EDGE('',*,*,#3595,.T.);
#1309=ORIENTED_EDGE('',*,*,#3596,.T.);
#1310=ORIENTED_EDGE('',*,*,#3597,.T.);
#1311=ORIENTED_EDGE('',*,*,#3598,.T.);
#1312=ORIENTED_EDGE('',*,*,#3599,.T.);
#1313=ORIENTED_EDGE('',*,*,#3600,.T.);
#1314=ORIENTED_EDGE('',*,*,#3601,.T.);
#1315=ORIENTED_EDGE('',*,*,#3584,.T.);
#1316=ORIENTED_EDGE('',*,*,#3602,.T.);
#1317=ORIENTED_EDGE('',*,*,#3602,.F.);
#1318=ORIENTED_EDGE('',*,*,#3601,.F.);
#1319=ORIENTED_EDGE('',*,*,#3603,.T.);
#1320=ORIENTED_EDGE('',*,*,#3603,.F.);
#1321=ORIENTED_EDGE('',*,*,#3600,.F.);
#1322=ORIENTED_EDGE('',*,*,#3604,.T.);
#1323=ORIENTED_EDGE('',*,*,#3604,.F.);
#1324=ORIENTED_EDGE('',*,*,#3599,.F.);
#1325=ORIENTED_EDGE('',*,*,#3605,.T.);
#1326=ORIENTED_EDGE('',*,*,#3605,.F.);
#1327=ORIENTED_EDGE('',*,*,#3598,.F.);
#1328=ORIENTED_EDGE('',*,*,#3606,.T.);
#1329=ORIENTED_EDGE('',*,*,#3606,.F.);
#1330=ORIENTED_EDGE('',*,*,#3597,.F.);
#1331=ORIENTED_EDGE('',*,*,#3607,.T.);
#1332=ORIENTED_EDGE('',*,*,#3607,.F.);
#1333=ORIENTED_EDGE('',*,*,#3596,.F.);
#1334=ORIENTED_EDGE('',*,*,#3608,.T.);
#1335=ORIENTED_EDGE('',*,*,#3608,.F.);
#1336=ORIENTED_EDGE('',*,*,#3595,.F.);
#1337=ORIENTED_EDGE('',*,*,#3609,.T.);
#1338=ORIENTED_EDGE('',*,*,#3609,.F.);
#1339=ORIENTED_EDGE('',*,*,#3594,.F.);
#1340=ORIENTED_EDGE('',*,*,#3610,.T.);
#1341=ORIENTED_EDGE('',*,*,#3610,.F.);
#1342=ORIENTED_EDGE('',*,*,#3593,.F.);
#1343=ORIENTED_EDGE('',*,*,#3611,.T.);
#1344=ORIENTED_EDGE('',*,*,#3611,.F.);
#1345=ORIENTED_EDGE('',*,*,#3592,.F.);
#1346=ORIENTED_EDGE('',*,*,#3612,.T.);
#1347=ORIENTED_EDGE('',*,*,#3612,.F.);
#1348=ORIENTED_EDGE('',*,*,#3613,.F.);
#1349=ORIENTED_EDGE('',*,*,#3614,.F.);
#1350=ORIENTED_EDGE('',*,*,#3613,.T.);
#1351=ORIENTED_EDGE('',*,*,#3615,.F.);
#1352=ORIENTED_EDGE('',*,*,#3616,.T.);
#1353=ORIENTED_EDGE('',*,*,#3617,.T.);
#1354=ORIENTED_EDGE('',*,*,#3618,.T.);
#1355=ORIENTED_EDGE('',*,*,#3619,.T.);
#1356=ORIENTED_EDGE('',*,*,#3620,.T.);
#1357=ORIENTED_EDGE('',*,*,#3621,.F.);
#1358=ORIENTED_EDGE('',*,*,#3622,.T.);
#1359=ORIENTED_EDGE('',*,*,#3623,.F.);
#1360=ORIENTED_EDGE('',*,*,#3624,.F.);
#1361=ORIENTED_EDGE('',*,*,#3625,.T.);
#1362=ORIENTED_EDGE('',*,*,#3626,.F.);
#1363=ORIENTED_EDGE('',*,*,#3627,.T.);
#1364=ORIENTED_EDGE('',*,*,#3628,.T.);
#1365=ORIENTED_EDGE('',*,*,#3629,.F.);
#1366=ORIENTED_EDGE('',*,*,#3630,.F.);
#1367=ORIENTED_EDGE('',*,*,#3631,.F.);
#1368=ORIENTED_EDGE('',*,*,#3632,.F.);
#1369=ORIENTED_EDGE('',*,*,#3633,.T.);
#1370=ORIENTED_EDGE('',*,*,#3634,.T.);
#1371=ORIENTED_EDGE('',*,*,#3635,.T.);
#1372=ORIENTED_EDGE('',*,*,#3636,.F.);
#1373=ORIENTED_EDGE('',*,*,#3637,.T.);
#1374=ORIENTED_EDGE('',*,*,#3638,.F.);
#1375=ORIENTED_EDGE('',*,*,#3639,.F.);
#1376=ORIENTED_EDGE('',*,*,#3640,.T.);
#1377=ORIENTED_EDGE('',*,*,#3641,.T.);
#1378=ORIENTED_EDGE('',*,*,#3642,.T.);
#1379=ORIENTED_EDGE('',*,*,#3643,.T.);
#1380=ORIENTED_EDGE('',*,*,#3644,.F.);
#1381=ORIENTED_EDGE('',*,*,#3645,.T.);
#1382=ORIENTED_EDGE('',*,*,#3646,.F.);
#1383=ORIENTED_EDGE('',*,*,#3638,.T.);
#1384=ORIENTED_EDGE('',*,*,#3647,.F.);
#1385=ORIENTED_EDGE('',*,*,#3648,.F.);
#1386=ORIENTED_EDGE('',*,*,#3649,.F.);
#1387=ORIENTED_EDGE('',*,*,#3642,.F.);
#1388=ORIENTED_EDGE('',*,*,#3650,.F.);
#1389=ORIENTED_EDGE('',*,*,#3640,.F.);
#1390=ORIENTED_EDGE('',*,*,#3637,.F.);
#1391=ORIENTED_EDGE('',*,*,#3651,.F.);
#1392=ORIENTED_EDGE('',*,*,#3652,.F.);
#1393=ORIENTED_EDGE('',*,*,#3653,.T.);
#1394=ORIENTED_EDGE('',*,*,#3654,.F.);
#1395=ORIENTED_EDGE('',*,*,#3655,.T.);
#1396=ORIENTED_EDGE('',*,*,#3656,.T.);
#1397=ORIENTED_EDGE('',*,*,#3657,.T.);
#1398=ORIENTED_EDGE('',*,*,#3658,.T.);
#1399=ORIENTED_EDGE('',*,*,#3659,.T.);
#1400=ORIENTED_EDGE('',*,*,#3660,.T.);
#1401=ORIENTED_EDGE('',*,*,#3661,.T.);
#1402=ORIENTED_EDGE('',*,*,#3662,.F.);
#1403=ORIENTED_EDGE('',*,*,#3663,.F.);
#1404=ORIENTED_EDGE('',*,*,#3664,.F.);
#1405=ORIENTED_EDGE('',*,*,#3665,.F.);
#1406=ORIENTED_EDGE('',*,*,#3666,.T.);
#1407=ORIENTED_EDGE('',*,*,#3667,.T.);
#1408=ORIENTED_EDGE('',*,*,#3662,.T.);
#1409=ORIENTED_EDGE('',*,*,#3668,.T.);
#1410=ORIENTED_EDGE('',*,*,#3669,.T.);
#1411=ORIENTED_EDGE('',*,*,#3670,.T.);
#1412=ORIENTED_EDGE('',*,*,#3671,.T.);
#1413=ORIENTED_EDGE('',*,*,#3672,.F.);
#1414=ORIENTED_EDGE('',*,*,#3673,.T.);
#1415=ORIENTED_EDGE('',*,*,#3674,.T.);
#1416=ORIENTED_EDGE('',*,*,#3675,.T.);
#1417=ORIENTED_EDGE('',*,*,#3676,.F.);
#1418=ORIENTED_EDGE('',*,*,#3677,.F.);
#1419=ORIENTED_EDGE('',*,*,#3678,.F.);
#1420=ORIENTED_EDGE('',*,*,#3679,.F.);
#1421=ORIENTED_EDGE('',*,*,#3680,.F.);
#1422=ORIENTED_EDGE('',*,*,#3681,.T.);
#1423=ORIENTED_EDGE('',*,*,#3682,.T.);
#1424=ORIENTED_EDGE('',*,*,#3683,.T.);
#1425=ORIENTED_EDGE('',*,*,#3684,.F.);
#1426=ORIENTED_EDGE('',*,*,#3685,.T.);
#1427=ORIENTED_EDGE('',*,*,#3686,.T.);
#1428=ORIENTED_EDGE('',*,*,#3687,.T.);
#1429=ORIENTED_EDGE('',*,*,#3688,.T.);
#1430=ORIENTED_EDGE('',*,*,#3689,.T.);
#1431=ORIENTED_EDGE('',*,*,#3690,.T.);
#1432=ORIENTED_EDGE('',*,*,#3691,.T.);
#1433=ORIENTED_EDGE('',*,*,#3692,.T.);
#1434=ORIENTED_EDGE('',*,*,#3693,.T.);
#1435=ORIENTED_EDGE('',*,*,#3694,.F.);
#1436=ORIENTED_EDGE('',*,*,#3695,.T.);
#1437=ORIENTED_EDGE('',*,*,#3696,.F.);
#1438=ORIENTED_EDGE('',*,*,#3697,.T.);
#1439=ORIENTED_EDGE('',*,*,#3698,.T.);
#1440=ORIENTED_EDGE('',*,*,#3699,.F.);
#1441=ORIENTED_EDGE('',*,*,#3700,.F.);
#1442=ORIENTED_EDGE('',*,*,#3696,.T.);
#1443=ORIENTED_EDGE('',*,*,#3701,.F.);
#1444=ORIENTED_EDGE('',*,*,#3702,.T.);
#1445=ORIENTED_EDGE('',*,*,#3703,.T.);
#1446=ORIENTED_EDGE('',*,*,#3704,.F.);
#1447=ORIENTED_EDGE('',*,*,#3705,.F.);
#1448=ORIENTED_EDGE('',*,*,#3706,.T.);
#1449=ORIENTED_EDGE('',*,*,#3707,.T.);
#1450=ORIENTED_EDGE('',*,*,#3704,.T.);
#1451=ORIENTED_EDGE('',*,*,#3708,.T.);
#1452=ORIENTED_EDGE('',*,*,#3709,.F.);
#1453=ORIENTED_EDGE('',*,*,#3710,.T.);
#1454=ORIENTED_EDGE('',*,*,#3648,.T.);
#1455=ORIENTED_EDGE('',*,*,#3711,.F.);
#1456=ORIENTED_EDGE('',*,*,#3712,.T.);
#1457=ORIENTED_EDGE('',*,*,#3713,.T.);
#1458=ORIENTED_EDGE('',*,*,#3714,.F.);
#1459=ORIENTED_EDGE('',*,*,#3715,.F.);
#1460=ORIENTED_EDGE('',*,*,#3698,.F.);
#1461=ORIENTED_EDGE('',*,*,#3716,.F.);
#1462=ORIENTED_EDGE('',*,*,#3717,.F.);
#1463=ORIENTED_EDGE('',*,*,#3718,.F.);
#1464=ORIENTED_EDGE('',*,*,#3719,.T.);
#1465=ORIENTED_EDGE('',*,*,#3720,.T.);
#1466=ORIENTED_EDGE('',*,*,#3718,.T.);
#1467=ORIENTED_EDGE('',*,*,#3721,.T.);
#1468=ORIENTED_EDGE('',*,*,#3722,.F.);
#1469=ORIENTED_EDGE('',*,*,#3723,.F.);
#1470=ORIENTED_EDGE('',*,*,#3724,.F.);
#1471=ORIENTED_EDGE('',*,*,#3725,.F.);
#1472=ORIENTED_EDGE('',*,*,#3726,.T.);
#1473=ORIENTED_EDGE('',*,*,#3727,.T.);
#1474=ORIENTED_EDGE('',*,*,#3728,.F.);
#1475=ORIENTED_EDGE('',*,*,#3729,.F.);
#1476=ORIENTED_EDGE('',*,*,#3730,.T.);
#1477=ORIENTED_EDGE('',*,*,#3731,.F.);
#1478=ORIENTED_EDGE('',*,*,#3732,.F.);
#1479=ORIENTED_EDGE('',*,*,#3733,.T.);
#1480=ORIENTED_EDGE('',*,*,#3734,.F.);
#1481=ORIENTED_EDGE('',*,*,#3651,.T.);
#1482=ORIENTED_EDGE('',*,*,#3636,.T.);
#1483=ORIENTED_EDGE('',*,*,#3735,.F.);
#1484=ORIENTED_EDGE('',*,*,#3736,.T.);
#1485=ORIENTED_EDGE('',*,*,#3737,.F.);
#1486=ORIENTED_EDGE('',*,*,#3738,.T.);
#1487=ORIENTED_EDGE('',*,*,#3739,.F.);
#1488=ORIENTED_EDGE('',*,*,#3644,.T.);
#1489=ORIENTED_EDGE('',*,*,#3740,.T.);
#1490=ORIENTED_EDGE('',*,*,#3741,.F.);
#1491=ORIENTED_EDGE('',*,*,#3742,.F.);
#1492=ORIENTED_EDGE('',*,*,#3743,.T.);
#1493=ORIENTED_EDGE('',*,*,#3737,.T.);
#1494=ORIENTED_EDGE('',*,*,#3744,.T.);
#1495=ORIENTED_EDGE('',*,*,#3740,.F.);
#1496=ORIENTED_EDGE('',*,*,#3643,.F.);
#1497=ORIENTED_EDGE('',*,*,#3649,.T.);
#1498=ORIENTED_EDGE('',*,*,#3710,.F.);
#1499=ORIENTED_EDGE('',*,*,#3663,.T.);
#1500=ORIENTED_EDGE('',*,*,#3745,.F.);
#1501=ORIENTED_EDGE('',*,*,#3746,.F.);
#1502=ORIENTED_EDGE('',*,*,#3747,.F.);
#1503=ORIENTED_EDGE('',*,*,#3748,.F.);
#1504=ORIENTED_EDGE('',*,*,#3749,.F.);
#1505=ORIENTED_EDGE('',*,*,#3750,.F.);
#1506=ORIENTED_EDGE('',*,*,#3751,.T.);
#1507=ORIENTED_EDGE('',*,*,#3752,.F.);
#1508=ORIENTED_EDGE('',*,*,#3753,.T.);
#1509=ORIENTED_EDGE('',*,*,#3660,.F.);
#1510=ORIENTED_EDGE('',*,*,#3754,.F.);
#1511=ORIENTED_EDGE('',*,*,#3755,.T.);
#1512=ORIENTED_EDGE('',*,*,#3616,.F.);
#1513=ORIENTED_EDGE('',*,*,#3756,.T.);
#1514=ORIENTED_EDGE('',*,*,#3757,.F.);
#1515=ORIENTED_EDGE('',*,*,#3758,.T.);
#1516=ORIENTED_EDGE('',*,*,#3759,.T.);
#1517=ORIENTED_EDGE('',*,*,#3620,.F.);
#1518=ORIENTED_EDGE('',*,*,#3760,.F.);
#1519=ORIENTED_EDGE('',*,*,#3761,.F.);
#1520=ORIENTED_EDGE('',*,*,#3762,.T.);
#1521=ORIENTED_EDGE('',*,*,#3713,.F.);
#1522=ORIENTED_EDGE('',*,*,#3763,.T.);
#1523=ORIENTED_EDGE('',*,*,#3732,.T.);
#1524=ORIENTED_EDGE('',*,*,#3764,.T.);
#1525=ORIENTED_EDGE('',*,*,#3765,.F.);
#1526=ORIENTED_EDGE('',*,*,#3766,.T.);
#1527=ORIENTED_EDGE('',*,*,#3755,.F.);
#1528=ORIENTED_EDGE('',*,*,#3625,.F.);
#1529=ORIENTED_EDGE('',*,*,#3767,.T.);
#1530=ORIENTED_EDGE('',*,*,#3768,.T.);
#1531=ORIENTED_EDGE('',*,*,#3769,.F.);
#1532=ORIENTED_EDGE('',*,*,#3770,.T.);
#1533=ORIENTED_EDGE('',*,*,#3771,.F.);
#1534=ORIENTED_EDGE('',*,*,#3772,.F.);
#1535=ORIENTED_EDGE('',*,*,#3773,.T.);
#1536=ORIENTED_EDGE('',*,*,#3774,.T.);
#1537=ORIENTED_EDGE('',*,*,#3775,.F.);
#1538=ORIENTED_EDGE('',*,*,#3776,.T.);
#1539=ORIENTED_EDGE('',*,*,#3777,.T.);
#1540=ORIENTED_EDGE('',*,*,#3778,.T.);
#1541=ORIENTED_EDGE('',*,*,#3779,.T.);
#1542=ORIENTED_EDGE('',*,*,#3719,.F.);
#1543=ORIENTED_EDGE('',*,*,#3667,.F.);
#1544=ORIENTED_EDGE('',*,*,#3780,.T.);
#1545=ORIENTED_EDGE('',*,*,#3781,.T.);
#1546=ORIENTED_EDGE('',*,*,#3782,.T.);
#1547=ORIENTED_EDGE('',*,*,#3745,.T.);
#1548=ORIENTED_EDGE('',*,*,#3783,.T.);
#1549=ORIENTED_EDGE('',*,*,#3707,.F.);
#1550=ORIENTED_EDGE('',*,*,#3784,.F.);
#1551=ORIENTED_EDGE('',*,*,#3723,.T.);
#1552=ORIENTED_EDGE('',*,*,#3751,.F.);
#1553=ORIENTED_EDGE('',*,*,#3785,.T.);
#1554=ORIENTED_EDGE('',*,*,#3754,.T.);
#1555=ORIENTED_EDGE('',*,*,#3664,.T.);
#1556=ORIENTED_EDGE('',*,*,#3786,.F.);
#1557=ORIENTED_EDGE('',*,*,#3787,.T.);
#1558=ORIENTED_EDGE('',*,*,#3788,.T.);
#1559=ORIENTED_EDGE('',*,*,#3789,.T.);
#1560=ORIENTED_EDGE('',*,*,#3790,.T.);
#1561=ORIENTED_EDGE('',*,*,#3689,.F.);
#1562=ORIENTED_EDGE('',*,*,#3791,.T.);
#1563=ORIENTED_EDGE('',*,*,#3792,.F.);
#1564=ORIENTED_EDGE('',*,*,#3793,.T.);
#1565=ORIENTED_EDGE('',*,*,#3690,.F.);
#1566=ORIENTED_EDGE('',*,*,#3790,.F.);
#1567=ORIENTED_EDGE('',*,*,#3794,.T.);
#1568=ORIENTED_EDGE('',*,*,#3795,.F.);
#1569=ORIENTED_EDGE('',*,*,#3796,.T.);
#1570=ORIENTED_EDGE('',*,*,#3765,.T.);
#1571=ORIENTED_EDGE('',*,*,#3797,.T.);
#1572=ORIENTED_EDGE('',*,*,#3798,.T.);
#1573=ORIENTED_EDGE('',*,*,#3799,.T.);
#1574=ORIENTED_EDGE('',*,*,#3692,.F.);
#1575=ORIENTED_EDGE('',*,*,#3800,.T.);
#1576=ORIENTED_EDGE('',*,*,#3801,.T.);
#1577=ORIENTED_EDGE('',*,*,#3802,.T.);
#1578=ORIENTED_EDGE('',*,*,#3803,.T.);
#1579=ORIENTED_EDGE('',*,*,#3804,.T.);
#1580=ORIENTED_EDGE('',*,*,#3805,.T.);
#1581=ORIENTED_EDGE('',*,*,#3694,.T.);
#1582=ORIENTED_EDGE('',*,*,#3806,.T.);
#1583=ORIENTED_EDGE('',*,*,#3807,.T.);
#1584=ORIENTED_EDGE('',*,*,#3808,.F.);
#1585=ORIENTED_EDGE('',*,*,#3695,.F.);
#1586=ORIENTED_EDGE('',*,*,#3805,.F.);
#1587=ORIENTED_EDGE('',*,*,#3809,.T.);
#1588=ORIENTED_EDGE('',*,*,#3722,.T.);
#1589=ORIENTED_EDGE('',*,*,#3810,.T.);
#1590=ORIENTED_EDGE('',*,*,#3702,.F.);
#1591=ORIENTED_EDGE('',*,*,#3783,.F.);
#1592=ORIENTED_EDGE('',*,*,#3742,.T.);
#1593=ORIENTED_EDGE('',*,*,#3811,.T.);
#1594=ORIENTED_EDGE('',*,*,#3812,.F.);
#1595=ORIENTED_EDGE('',*,*,#3639,.T.);
#1596=ORIENTED_EDGE('',*,*,#3646,.T.);
#1597=ORIENTED_EDGE('',*,*,#3813,.T.);
#1598=ORIENTED_EDGE('',*,*,#3814,.F.);
#1599=ORIENTED_EDGE('',*,*,#3815,.F.);
#1600=ORIENTED_EDGE('',*,*,#3816,.F.);
#1601=ORIENTED_EDGE('',*,*,#3817,.T.);
#1602=ORIENTED_EDGE('',*,*,#3727,.F.);
#1603=ORIENTED_EDGE('',*,*,#3818,.T.);
#1604=ORIENTED_EDGE('',*,*,#3752,.T.);
#1605=ORIENTED_EDGE('',*,*,#3785,.F.);
#1606=ORIENTED_EDGE('',*,*,#3750,.T.);
#1607=ORIENTED_EDGE('',*,*,#3819,.F.);
#1608=ORIENTED_EDGE('',*,*,#3820,.T.);
#1609=ORIENTED_EDGE('',*,*,#3816,.T.);
#1610=ORIENTED_EDGE('',*,*,#3821,.F.);
#1611=ORIENTED_EDGE('',*,*,#3729,.T.);
#1612=ORIENTED_EDGE('',*,*,#3822,.T.);
#1613=ORIENTED_EDGE('',*,*,#3817,.F.);
#1614=ORIENTED_EDGE('',*,*,#3820,.F.);
#1615=ORIENTED_EDGE('',*,*,#3728,.T.);
#1616=ORIENTED_EDGE('',*,*,#3819,.T.);
#1617=ORIENTED_EDGE('',*,*,#3749,.T.);
#1618=ORIENTED_EDGE('',*,*,#3823,.T.);
#1619=ORIENTED_EDGE('',*,*,#3824,.F.);
#1620=ORIENTED_EDGE('',*,*,#3825,.T.);
#1621=ORIENTED_EDGE('',*,*,#3826,.T.);
#1622=ORIENTED_EDGE('',*,*,#3705,.T.);
#1623=ORIENTED_EDGE('',*,*,#3716,.T.);
#1624=ORIENTED_EDGE('',*,*,#3697,.F.);
#1625=ORIENTED_EDGE('',*,*,#3700,.T.);
#1626=ORIENTED_EDGE('',*,*,#3724,.T.);
#1627=ORIENTED_EDGE('',*,*,#3784,.T.);
#1628=ORIENTED_EDGE('',*,*,#3706,.F.);
#1629=ORIENTED_EDGE('',*,*,#3826,.F.);
#1630=ORIENTED_EDGE('',*,*,#3827,.F.);
#1631=ORIENTED_EDGE('',*,*,#3828,.F.);
#1632=ORIENTED_EDGE('',*,*,#3829,.F.);
#1633=ORIENTED_EDGE('',*,*,#3776,.F.);
#1634=ORIENTED_EDGE('',*,*,#3830,.T.);
#1635=ORIENTED_EDGE('',*,*,#3738,.F.);
#1636=ORIENTED_EDGE('',*,*,#3743,.F.);
#1637=ORIENTED_EDGE('',*,*,#3814,.T.);
#1638=ORIENTED_EDGE('',*,*,#3831,.T.);
#1639=ORIENTED_EDGE('',*,*,#3832,.T.);
#1640=ORIENTED_EDGE('',*,*,#3833,.T.);
#1641=ORIENTED_EDGE('',*,*,#3778,.F.);
#1642=ORIENTED_EDGE('',*,*,#3834,.F.);
#1643=ORIENTED_EDGE('',*,*,#3835,.T.);
#1644=ORIENTED_EDGE('',*,*,#3836,.F.);
#1645=ORIENTED_EDGE('',*,*,#3791,.F.);
#1646=ORIENTED_EDGE('',*,*,#3837,.F.);
#1647=ORIENTED_EDGE('',*,*,#3838,.T.);
#1648=ORIENTED_EDGE('',*,*,#3824,.T.);
#1649=ORIENTED_EDGE('',*,*,#3834,.T.);
#1650=ORIENTED_EDGE('',*,*,#3777,.F.);
#1651=ORIENTED_EDGE('',*,*,#3829,.T.);
#1652=ORIENTED_EDGE('',*,*,#3839,.T.);
#1653=ORIENTED_EDGE('',*,*,#3838,.F.);
#1654=ORIENTED_EDGE('',*,*,#3840,.T.);
#1655=ORIENTED_EDGE('',*,*,#3827,.T.);
#1656=ORIENTED_EDGE('',*,*,#3825,.F.);
#1657=ORIENTED_EDGE('',*,*,#3837,.T.);
#1658=ORIENTED_EDGE('',*,*,#3794,.F.);
#1659=ORIENTED_EDGE('',*,*,#3789,.F.);
#1660=ORIENTED_EDGE('',*,*,#3841,.T.);
#1661=ORIENTED_EDGE('',*,*,#3835,.F.);
#1662=ORIENTED_EDGE('',*,*,#3839,.F.);
#1663=ORIENTED_EDGE('',*,*,#3828,.T.);
#1664=ORIENTED_EDGE('',*,*,#3840,.F.);
#1665=ORIENTED_EDGE('',*,*,#3842,.T.);
#1666=ORIENTED_EDGE('',*,*,#3843,.T.);
#1667=ORIENTED_EDGE('',*,*,#3844,.T.);
#1668=ORIENTED_EDGE('',*,*,#3845,.T.);
#1669=ORIENTED_EDGE('',*,*,#3846,.T.);
#1670=ORIENTED_EDGE('',*,*,#3781,.F.);
#1671=ORIENTED_EDGE('',*,*,#3822,.F.);
#1672=ORIENTED_EDGE('',*,*,#3847,.F.);
#1673=ORIENTED_EDGE('',*,*,#3848,.F.);
#1674=ORIENTED_EDGE('',*,*,#3803,.F.);
#1675=ORIENTED_EDGE('',*,*,#3849,.F.);
#1676=ORIENTED_EDGE('',*,*,#3746,.T.);
#1677=ORIENTED_EDGE('',*,*,#3782,.F.);
#1678=ORIENTED_EDGE('',*,*,#3846,.F.);
#1679=ORIENTED_EDGE('',*,*,#3850,.T.);
#1680=ORIENTED_EDGE('',*,*,#3748,.T.);
#1681=ORIENTED_EDGE('',*,*,#3851,.T.);
#1682=ORIENTED_EDGE('',*,*,#3847,.T.);
#1683=ORIENTED_EDGE('',*,*,#3823,.F.);
#1684=ORIENTED_EDGE('',*,*,#3845,.F.);
#1685=ORIENTED_EDGE('',*,*,#3852,.T.);
#1686=ORIENTED_EDGE('',*,*,#3809,.F.);
#1687=ORIENTED_EDGE('',*,*,#3804,.F.);
#1688=ORIENTED_EDGE('',*,*,#3848,.T.);
#1689=ORIENTED_EDGE('',*,*,#3851,.F.);
#1690=ORIENTED_EDGE('',*,*,#3747,.T.);
#1691=ORIENTED_EDGE('',*,*,#3850,.F.);
#1692=ORIENTED_EDGE('',*,*,#3821,.T.);
#1693=ORIENTED_EDGE('',*,*,#3815,.T.);
#1694=ORIENTED_EDGE('',*,*,#3849,.T.);
#1695=ORIENTED_EDGE('',*,*,#3802,.F.);
#1696=ORIENTED_EDGE('',*,*,#3853,.F.);
#1697=ORIENTED_EDGE('',*,*,#3798,.F.);
#1698=ORIENTED_EDGE('',*,*,#3854,.T.);
#1699=ORIENTED_EDGE('',*,*,#3730,.F.);
#1700=ORIENTED_EDGE('',*,*,#3836,.T.);
#1701=ORIENTED_EDGE('',*,*,#3701,.T.);
#1702=ORIENTED_EDGE('',*,*,#3699,.T.);
#1703=ORIENTED_EDGE('',*,*,#3715,.T.);
#1704=ORIENTED_EDGE('',*,*,#3855,.T.);
#1705=ORIENTED_EDGE('',*,*,#3795,.T.);
#1706=ORIENTED_EDGE('',*,*,#3856,.F.);
#1707=ORIENTED_EDGE('',*,*,#3792,.T.);
#1708=ORIENTED_EDGE('',*,*,#3757,.T.);
#1709=ORIENTED_EDGE('',*,*,#3857,.F.);
#1710=ORIENTED_EDGE('',*,*,#3858,.F.);
#1711=ORIENTED_EDGE('',*,*,#3859,.T.);
#1712=ORIENTED_EDGE('',*,*,#3756,.F.);
#1713=ORIENTED_EDGE('',*,*,#3615,.T.);
#1714=ORIENTED_EDGE('',*,*,#3860,.T.);
#1715=ORIENTED_EDGE('',*,*,#3857,.T.);
#1716=ORIENTED_EDGE('',*,*,#3618,.F.);
#1717=ORIENTED_EDGE('',*,*,#3861,.F.);
#1718=ORIENTED_EDGE('',*,*,#3858,.T.);
#1719=ORIENTED_EDGE('',*,*,#3860,.F.);
#1720=ORIENTED_EDGE('',*,*,#3617,.F.);
#1721=ORIENTED_EDGE('',*,*,#3758,.F.);
#1722=ORIENTED_EDGE('',*,*,#3859,.F.);
#1723=ORIENTED_EDGE('',*,*,#3861,.T.);
#1724=ORIENTED_EDGE('',*,*,#3862,.T.);
#1725=ORIENTED_EDGE('',*,*,#3761,.T.);
#1726=ORIENTED_EDGE('',*,*,#3863,.T.);
#1727=ORIENTED_EDGE('',*,*,#3864,.F.);
#1728=ORIENTED_EDGE('',*,*,#3865,.T.);
#1729=ORIENTED_EDGE('',*,*,#3621,.T.);
#1730=ORIENTED_EDGE('',*,*,#3762,.F.);
#1731=ORIENTED_EDGE('',*,*,#3862,.F.);
#1732=ORIENTED_EDGE('',*,*,#3619,.F.);
#1733=ORIENTED_EDGE('',*,*,#3866,.F.);
#1734=ORIENTED_EDGE('',*,*,#3863,.F.);
#1735=ORIENTED_EDGE('',*,*,#3760,.T.);
#1736=ORIENTED_EDGE('',*,*,#3622,.F.);
#1737=ORIENTED_EDGE('',*,*,#3865,.F.);
#1738=ORIENTED_EDGE('',*,*,#3864,.T.);
#1739=ORIENTED_EDGE('',*,*,#3866,.T.);
#1740=ORIENTED_EDGE('',*,*,#3759,.F.);
#1741=ORIENTED_EDGE('',*,*,#3867,.T.);
#1742=ORIENTED_EDGE('',*,*,#3868,.T.);
#1743=ORIENTED_EDGE('',*,*,#3869,.T.);
#1744=ORIENTED_EDGE('',*,*,#3870,.F.);
#1745=ORIENTED_EDGE('',*,*,#3871,.T.);
#1746=ORIENTED_EDGE('',*,*,#3872,.T.);
#1747=ORIENTED_EDGE('',*,*,#3873,.F.);
#1748=ORIENTED_EDGE('',*,*,#3874,.T.);
#1749=ORIENTED_EDGE('',*,*,#3875,.T.);
#1750=ORIENTED_EDGE('',*,*,#3876,.F.);
#1751=ORIENTED_EDGE('',*,*,#3799,.F.);
#1752=ORIENTED_EDGE('',*,*,#3853,.T.);
#1753=ORIENTED_EDGE('',*,*,#3801,.F.);
#1754=ORIENTED_EDGE('',*,*,#3693,.F.);
#1755=ORIENTED_EDGE('',*,*,#3793,.F.);
#1756=ORIENTED_EDGE('',*,*,#3856,.T.);
#1757=ORIENTED_EDGE('',*,*,#3800,.F.);
#1758=ORIENTED_EDGE('',*,*,#3691,.F.);
#1759=ORIENTED_EDGE('',*,*,#3877,.F.);
#1760=ORIENTED_EDGE('',*,*,#3878,.T.);
#1761=ORIENTED_EDGE('',*,*,#3786,.T.);
#1762=ORIENTED_EDGE('',*,*,#3688,.F.);
#1763=ORIENTED_EDGE('',*,*,#3879,.T.);
#1764=ORIENTED_EDGE('',*,*,#3629,.T.);
#1765=ORIENTED_EDGE('',*,*,#3739,.T.);
#1766=ORIENTED_EDGE('',*,*,#3830,.F.);
#1767=ORIENTED_EDGE('',*,*,#3813,.F.);
#1768=ORIENTED_EDGE('',*,*,#3645,.F.);
#1769=ORIENTED_EDGE('',*,*,#3632,.T.);
#1770=ORIENTED_EDGE('',*,*,#3880,.F.);
#1771=ORIENTED_EDGE('',*,*,#3668,.F.);
#1772=ORIENTED_EDGE('',*,*,#3808,.T.);
#1773=ORIENTED_EDGE('',*,*,#3881,.T.);
#1774=ORIENTED_EDGE('',*,*,#3882,.T.);
#1775=ORIENTED_EDGE('',*,*,#3770,.F.);
#1776=ORIENTED_EDGE('',*,*,#3883,.F.);
#1777=ORIENTED_EDGE('',*,*,#3884,.F.);
#1778=ORIENTED_EDGE('',*,*,#3672,.T.);
#1779=ORIENTED_EDGE('',*,*,#3885,.T.);
#1780=ORIENTED_EDGE('',*,*,#3769,.T.);
#1781=ORIENTED_EDGE('',*,*,#3886,.T.);
#1782=ORIENTED_EDGE('',*,*,#3673,.F.);
#1783=ORIENTED_EDGE('',*,*,#3884,.T.);
#1784=ORIENTED_EDGE('',*,*,#3883,.T.);
#1785=ORIENTED_EDGE('',*,*,#3670,.F.);
#1786=ORIENTED_EDGE('',*,*,#3887,.T.);
#1787=ORIENTED_EDGE('',*,*,#3772,.T.);
#1788=ORIENTED_EDGE('',*,*,#3888,.F.);
#1789=ORIENTED_EDGE('',*,*,#3888,.T.);
#1790=ORIENTED_EDGE('',*,*,#3771,.T.);
#1791=ORIENTED_EDGE('',*,*,#3885,.F.);
#1792=ORIENTED_EDGE('',*,*,#3671,.F.);
#1793=ORIENTED_EDGE('',*,*,#3889,.F.);
#1794=ORIENTED_EDGE('',*,*,#3890,.T.);
#1795=ORIENTED_EDGE('',*,*,#3869,.F.);
#1796=ORIENTED_EDGE('',*,*,#3891,.F.);
#1797=ORIENTED_EDGE('',*,*,#3676,.T.);
#1798=ORIENTED_EDGE('',*,*,#3892,.F.);
#1799=ORIENTED_EDGE('',*,*,#3659,.F.);
#1800=ORIENTED_EDGE('',*,*,#3893,.F.);
#1801=ORIENTED_EDGE('',*,*,#3894,.F.);
#1802=ORIENTED_EDGE('',*,*,#3677,.T.);
#1803=ORIENTED_EDGE('',*,*,#3893,.T.);
#1804=ORIENTED_EDGE('',*,*,#3658,.F.);
#1805=ORIENTED_EDGE('',*,*,#3895,.F.);
#1806=ORIENTED_EDGE('',*,*,#3678,.T.);
#1807=ORIENTED_EDGE('',*,*,#3894,.T.);
#1808=ORIENTED_EDGE('',*,*,#3657,.F.);
#1809=ORIENTED_EDGE('',*,*,#3896,.F.);
#1810=ORIENTED_EDGE('',*,*,#3679,.T.);
#1811=ORIENTED_EDGE('',*,*,#3895,.T.);
#1812=ORIENTED_EDGE('',*,*,#3656,.F.);
#1813=ORIENTED_EDGE('',*,*,#3655,.F.);
#1814=ORIENTED_EDGE('',*,*,#3897,.F.);
#1815=ORIENTED_EDGE('',*,*,#3680,.T.);
#1816=ORIENTED_EDGE('',*,*,#3896,.T.);
#1817=ORIENTED_EDGE('',*,*,#3654,.T.);
#1818=ORIENTED_EDGE('',*,*,#3898,.T.);
#1819=ORIENTED_EDGE('',*,*,#3681,.F.);
#1820=ORIENTED_EDGE('',*,*,#3897,.T.);
#1821=ORIENTED_EDGE('',*,*,#3675,.F.);
#1822=ORIENTED_EDGE('',*,*,#3899,.T.);
#1823=ORIENTED_EDGE('',*,*,#3652,.T.);
#1824=ORIENTED_EDGE('',*,*,#3892,.T.);
#1825=ORIENTED_EDGE('',*,*,#3875,.F.);
#1826=ORIENTED_EDGE('',*,*,#3900,.F.);
#1827=ORIENTED_EDGE('',*,*,#3684,.T.);
#1828=ORIENTED_EDGE('',*,*,#3901,.F.);
#1829=ORIENTED_EDGE('',*,*,#3900,.T.);
#1830=ORIENTED_EDGE('',*,*,#3874,.F.);
#1831=ORIENTED_EDGE('',*,*,#3902,.T.);
#1832=ORIENTED_EDGE('',*,*,#3685,.F.);
#1833=ORIENTED_EDGE('',*,*,#3873,.T.);
#1834=ORIENTED_EDGE('',*,*,#3903,.T.);
#1835=ORIENTED_EDGE('',*,*,#3686,.F.);
#1836=ORIENTED_EDGE('',*,*,#3902,.F.);
#1837=ORIENTED_EDGE('',*,*,#3683,.F.);
#1838=ORIENTED_EDGE('',*,*,#3904,.F.);
#1839=ORIENTED_EDGE('',*,*,#3876,.T.);
#1840=ORIENTED_EDGE('',*,*,#3901,.T.);
#1841=ORIENTED_EDGE('',*,*,#3833,.F.);
#1842=ORIENTED_EDGE('',*,*,#3905,.T.);
#1843=ORIENTED_EDGE('',*,*,#3720,.F.);
#1844=ORIENTED_EDGE('',*,*,#3779,.F.);
#1845=ORIENTED_EDGE('',*,*,#3666,.F.);
#1846=ORIENTED_EDGE('',*,*,#3906,.T.);
#1847=ORIENTED_EDGE('',*,*,#3842,.F.);
#1848=ORIENTED_EDGE('',*,*,#3780,.F.);
#1849=ORIENTED_EDGE('',*,*,#3855,.F.);
#1850=ORIENTED_EDGE('',*,*,#3714,.T.);
#1851=ORIENTED_EDGE('',*,*,#3766,.F.);
#1852=ORIENTED_EDGE('',*,*,#3796,.F.);
#1853=ORIENTED_EDGE('',*,*,#3764,.F.);
#1854=ORIENTED_EDGE('',*,*,#3731,.T.);
#1855=ORIENTED_EDGE('',*,*,#3854,.F.);
#1856=ORIENTED_EDGE('',*,*,#3797,.F.);
#1857=ORIENTED_EDGE('',*,*,#3844,.F.);
#1858=ORIENTED_EDGE('',*,*,#3907,.T.);
#1859=ORIENTED_EDGE('',*,*,#3806,.F.);
#1860=ORIENTED_EDGE('',*,*,#3852,.F.);
#1861=ORIENTED_EDGE('',*,*,#3788,.F.);
#1862=ORIENTED_EDGE('',*,*,#3908,.T.);
#1863=ORIENTED_EDGE('',*,*,#3831,.F.);
#1864=ORIENTED_EDGE('',*,*,#3841,.F.);
#1865=ORIENTED_EDGE('',*,*,#3909,.T.);
#1866=ORIENTED_EDGE('',*,*,#3910,.T.);
#1867=ORIENTED_EDGE('',*,*,#3911,.F.);
#1868=ORIENTED_EDGE('',*,*,#3912,.F.);
#1869=ORIENTED_EDGE('',*,*,#3913,.T.);
#1870=ORIENTED_EDGE('',*,*,#3914,.F.);
#1871=ORIENTED_EDGE('',*,*,#3913,.F.);
#1872=ORIENTED_EDGE('',*,*,#3915,.F.);
#1873=ORIENTED_EDGE('',*,*,#3914,.T.);
#1874=ORIENTED_EDGE('',*,*,#3915,.T.);
#1875=ORIENTED_EDGE('',*,*,#3916,.F.);
#1876=ORIENTED_EDGE('',*,*,#3917,.T.);
#1877=ORIENTED_EDGE('',*,*,#3918,.F.);
#1878=ORIENTED_EDGE('',*,*,#3917,.F.);
#1879=ORIENTED_EDGE('',*,*,#3919,.F.);
#1880=ORIENTED_EDGE('',*,*,#3918,.T.);
#1881=ORIENTED_EDGE('',*,*,#3919,.T.);
#1882=ORIENTED_EDGE('',*,*,#3920,.F.);
#1883=ORIENTED_EDGE('',*,*,#3921,.F.);
#1884=ORIENTED_EDGE('',*,*,#3922,.F.);
#1885=ORIENTED_EDGE('',*,*,#3923,.F.);
#1886=ORIENTED_EDGE('',*,*,#3614,.T.);
#1887=ORIENTED_EDGE('',*,*,#3924,.F.);
#1888=ORIENTED_EDGE('',*,*,#3925,.F.);
#1889=ORIENTED_EDGE('',*,*,#3926,.F.);
#1890=ORIENTED_EDGE('',*,*,#3927,.F.);
#1891=ORIENTED_EDGE('',*,*,#3928,.F.);
#1892=ORIENTED_EDGE('',*,*,#3929,.F.);
#1893=ORIENTED_EDGE('',*,*,#3930,.F.);
#1894=ORIENTED_EDGE('',*,*,#3931,.F.);
#1895=ORIENTED_EDGE('',*,*,#3932,.F.);
#1896=ORIENTED_EDGE('',*,*,#3933,.F.);
#1897=ORIENTED_EDGE('',*,*,#3934,.F.);
#1898=ORIENTED_EDGE('',*,*,#3935,.F.);
#1899=ORIENTED_EDGE('',*,*,#3936,.F.);
#1900=ORIENTED_EDGE('',*,*,#3937,.F.);
#1901=ORIENTED_EDGE('',*,*,#3938,.F.);
#1902=ORIENTED_EDGE('',*,*,#3939,.F.);
#1903=ORIENTED_EDGE('',*,*,#3940,.F.);
#1904=ORIENTED_EDGE('',*,*,#3941,.F.);
#1905=ORIENTED_EDGE('',*,*,#3942,.F.);
#1906=ORIENTED_EDGE('',*,*,#3943,.F.);
#1907=ORIENTED_EDGE('',*,*,#3944,.F.);
#1908=ORIENTED_EDGE('',*,*,#3945,.F.);
#1909=ORIENTED_EDGE('',*,*,#3946,.F.);
#1910=ORIENTED_EDGE('',*,*,#3947,.F.);
#1911=ORIENTED_EDGE('',*,*,#3948,.F.);
#1912=ORIENTED_EDGE('',*,*,#3949,.F.);
#1913=ORIENTED_EDGE('',*,*,#3950,.F.);
#1914=ORIENTED_EDGE('',*,*,#3951,.F.);
#1915=ORIENTED_EDGE('',*,*,#3952,.F.);
#1916=ORIENTED_EDGE('',*,*,#3953,.F.);
#1917=ORIENTED_EDGE('',*,*,#3954,.T.);
#1918=ORIENTED_EDGE('',*,*,#3955,.F.);
#1919=ORIENTED_EDGE('',*,*,#3956,.F.);
#1920=ORIENTED_EDGE('',*,*,#3957,.F.);
#1921=ORIENTED_EDGE('',*,*,#3958,.T.);
#1922=ORIENTED_EDGE('',*,*,#3959,.T.);
#1923=ORIENTED_EDGE('',*,*,#3960,.T.);
#1924=ORIENTED_EDGE('',*,*,#3961,.F.);
#1925=ORIENTED_EDGE('',*,*,#3962,.F.);
#1926=ORIENTED_EDGE('',*,*,#3963,.T.);
#1927=ORIENTED_EDGE('',*,*,#3964,.F.);
#1928=ORIENTED_EDGE('',*,*,#3965,.F.);
#1929=ORIENTED_EDGE('',*,*,#3954,.F.);
#1930=ORIENTED_EDGE('',*,*,#3966,.F.);
#1931=ORIENTED_EDGE('',*,*,#3967,.T.);
#1932=ORIENTED_EDGE('',*,*,#3968,.T.);
#1933=ORIENTED_EDGE('',*,*,#3969,.F.);
#1934=ORIENTED_EDGE('',*,*,#3970,.T.);
#1935=ORIENTED_EDGE('',*,*,#3971,.T.);
#1936=ORIENTED_EDGE('',*,*,#3972,.T.);
#1937=ORIENTED_EDGE('',*,*,#3973,.F.);
#1938=ORIENTED_EDGE('',*,*,#3974,.T.);
#1939=ORIENTED_EDGE('',*,*,#3975,.T.);
#1940=ORIENTED_EDGE('',*,*,#3976,.T.);
#1941=ORIENTED_EDGE('',*,*,#3977,.F.);
#1942=ORIENTED_EDGE('',*,*,#3978,.F.);
#1943=ORIENTED_EDGE('',*,*,#3589,.F.);
#1944=ORIENTED_EDGE('',*,*,#3979,.F.);
#1945=ORIENTED_EDGE('',*,*,#3980,.F.);
#1946=ORIENTED_EDGE('',*,*,#3981,.F.);
#1947=ORIENTED_EDGE('',*,*,#3982,.T.);
#1948=ORIENTED_EDGE('',*,*,#3983,.F.);
#1949=ORIENTED_EDGE('',*,*,#3984,.T.);
#1950=ORIENTED_EDGE('',*,*,#3985,.F.);
#1951=ORIENTED_EDGE('',*,*,#3920,.T.);
#1952=ORIENTED_EDGE('',*,*,#3985,.T.);
#1953=ORIENTED_EDGE('',*,*,#3923,.T.);
#1954=ORIENTED_EDGE('',*,*,#3591,.F.);
#1955=ORIENTED_EDGE('',*,*,#3986,.T.);
#1956=ORIENTED_EDGE('',*,*,#3987,.T.);
#1957=ORIENTED_EDGE('',*,*,#3980,.T.);
#1958=ORIENTED_EDGE('',*,*,#3988,.F.);
#1959=ORIENTED_EDGE('',*,*,#3912,.T.);
#1960=ORIENTED_EDGE('',*,*,#3916,.T.);
#1961=ORIENTED_EDGE('',*,*,#3989,.T.);
#1962=ORIENTED_EDGE('',*,*,#3990,.T.);
#1963=ORIENTED_EDGE('',*,*,#3991,.T.);
#1964=ORIENTED_EDGE('',*,*,#3992,.T.);
#1965=ORIENTED_EDGE('',*,*,#3993,.T.);
#1966=ORIENTED_EDGE('',*,*,#3994,.T.);
#1967=ORIENTED_EDGE('',*,*,#3995,.T.);
#1968=ORIENTED_EDGE('',*,*,#3996,.T.);
#1969=ORIENTED_EDGE('',*,*,#3997,.T.);
#1970=ORIENTED_EDGE('',*,*,#3998,.T.);
#1971=ORIENTED_EDGE('',*,*,#3999,.T.);
#1972=ORIENTED_EDGE('',*,*,#4000,.T.);
#1973=ORIENTED_EDGE('',*,*,#4001,.T.);
#1974=ORIENTED_EDGE('',*,*,#4002,.T.);
#1975=ORIENTED_EDGE('',*,*,#4003,.T.);
#1976=ORIENTED_EDGE('',*,*,#4004,.T.);
#1977=ORIENTED_EDGE('',*,*,#4005,.T.);
#1978=ORIENTED_EDGE('',*,*,#4006,.T.);
#1979=ORIENTED_EDGE('',*,*,#4007,.F.);
#1980=ORIENTED_EDGE('',*,*,#3711,.T.);
#1981=ORIENTED_EDGE('',*,*,#3647,.T.);
#1982=ORIENTED_EDGE('',*,*,#3641,.F.);
#1983=ORIENTED_EDGE('',*,*,#3650,.T.);
#1984=ORIENTED_EDGE('',*,*,#3734,.T.);
#1985=ORIENTED_EDGE('',*,*,#4008,.F.);
#1986=ORIENTED_EDGE('',*,*,#4009,.F.);
#1987=ORIENTED_EDGE('',*,*,#4010,.F.);
#1988=ORIENTED_EDGE('',*,*,#4011,.T.);
#1989=ORIENTED_EDGE('',*,*,#3972,.F.);
#1990=ORIENTED_EDGE('',*,*,#4012,.T.);
#1991=ORIENTED_EDGE('',*,*,#4013,.T.);
#1992=ORIENTED_EDGE('',*,*,#4014,.T.);
#1993=ORIENTED_EDGE('',*,*,#3968,.F.);
#1994=ORIENTED_EDGE('',*,*,#4015,.F.);
#1995=ORIENTED_EDGE('',*,*,#4016,.F.);
#1996=ORIENTED_EDGE('',*,*,#4017,.F.);
#1997=ORIENTED_EDGE('',*,*,#4018,.T.);
#1998=ORIENTED_EDGE('',*,*,#4019,.F.);
#1999=ORIENTED_EDGE('',*,*,#4020,.T.);
#2000=ORIENTED_EDGE('',*,*,#4021,.T.);
#2001=ORIENTED_EDGE('',*,*,#4022,.T.);
#2002=ORIENTED_EDGE('',*,*,#4023,.F.);
#2003=ORIENTED_EDGE('',*,*,#4024,.T.);
#2004=ORIENTED_EDGE('',*,*,#4025,.F.);
#2005=ORIENTED_EDGE('',*,*,#4026,.T.);
#2006=ORIENTED_EDGE('',*,*,#4027,.T.);
#2007=ORIENTED_EDGE('',*,*,#4028,.T.);
#2008=ORIENTED_EDGE('',*,*,#4023,.T.);
#2009=ORIENTED_EDGE('',*,*,#4029,.T.);
#2010=ORIENTED_EDGE('',*,*,#4030,.F.);
#2011=ORIENTED_EDGE('',*,*,#4031,.T.);
#2012=ORIENTED_EDGE('',*,*,#4027,.F.);
#2013=ORIENTED_EDGE('',*,*,#4032,.T.);
#2014=ORIENTED_EDGE('',*,*,#4025,.T.);
#2015=ORIENTED_EDGE('',*,*,#4033,.T.);
#2016=ORIENTED_EDGE('',*,*,#3987,.F.);
#2017=ORIENTED_EDGE('',*,*,#4034,.T.);
#2018=ORIENTED_EDGE('',*,*,#3988,.T.);
#2019=ORIENTED_EDGE('',*,*,#4035,.T.);
#2020=ORIENTED_EDGE('',*,*,#4030,.T.);
#2021=ORIENTED_EDGE('',*,*,#3922,.T.);
#2022=ORIENTED_EDGE('',*,*,#3921,.T.);
#2023=ORIENTED_EDGE('',*,*,#3983,.T.);
#2024=ORIENTED_EDGE('',*,*,#3984,.F.);
#2025=ORIENTED_EDGE('',*,*,#4036,.F.);
#2026=ORIENTED_EDGE('',*,*,#4037,.F.);
#2027=ORIENTED_EDGE('',*,*,#4038,.F.);
#2028=ORIENTED_EDGE('',*,*,#4039,.F.);
#2029=ORIENTED_EDGE('',*,*,#4040,.F.);
#2030=ORIENTED_EDGE('',*,*,#4041,.F.);
#2031=ORIENTED_EDGE('',*,*,#4042,.F.);
#2032=ORIENTED_EDGE('',*,*,#4043,.F.);
#2033=ORIENTED_EDGE('',*,*,#4044,.F.);
#2034=ORIENTED_EDGE('',*,*,#4045,.F.);
#2035=ORIENTED_EDGE('',*,*,#4046,.F.);
#2036=ORIENTED_EDGE('',*,*,#4047,.F.);
#2037=ORIENTED_EDGE('',*,*,#4048,.F.);
#2038=ORIENTED_EDGE('',*,*,#4049,.F.);
#2039=ORIENTED_EDGE('',*,*,#4050,.F.);
#2040=ORIENTED_EDGE('',*,*,#4051,.F.);
#2041=ORIENTED_EDGE('',*,*,#4052,.F.);
#2042=ORIENTED_EDGE('',*,*,#4053,.F.);
#2043=ORIENTED_EDGE('',*,*,#4054,.F.);
#2044=ORIENTED_EDGE('',*,*,#4055,.F.);
#2045=ORIENTED_EDGE('',*,*,#4056,.F.);
#2046=ORIENTED_EDGE('',*,*,#4057,.F.);
#2047=ORIENTED_EDGE('',*,*,#4058,.F.);
#2048=ORIENTED_EDGE('',*,*,#4059,.F.);
#2049=ORIENTED_EDGE('',*,*,#4060,.F.);
#2050=ORIENTED_EDGE('',*,*,#4061,.F.);
#2051=ORIENTED_EDGE('',*,*,#4062,.F.);
#2052=ORIENTED_EDGE('',*,*,#4063,.F.);
#2053=ORIENTED_EDGE('',*,*,#4064,.F.);
#2054=ORIENTED_EDGE('',*,*,#4065,.F.);
#2055=ORIENTED_EDGE('',*,*,#3982,.F.);
#2056=ORIENTED_EDGE('',*,*,#3981,.T.);
#2057=ORIENTED_EDGE('',*,*,#4033,.F.);
#2058=ORIENTED_EDGE('',*,*,#4066,.F.);
#2059=ORIENTED_EDGE('',*,*,#3590,.F.);
#2060=ORIENTED_EDGE('',*,*,#3979,.T.);
#2061=ORIENTED_EDGE('',*,*,#3588,.F.);
#2062=ORIENTED_EDGE('',*,*,#4067,.F.);
#2063=ORIENTED_EDGE('',*,*,#4035,.F.);
#2064=ORIENTED_EDGE('',*,*,#4066,.T.);
#2065=ORIENTED_EDGE('',*,*,#4024,.F.);
#2066=ORIENTED_EDGE('',*,*,#4068,.F.);
#2067=ORIENTED_EDGE('',*,*,#3585,.F.);
#2068=ORIENTED_EDGE('',*,*,#4067,.T.);
#2069=ORIENTED_EDGE('',*,*,#3587,.F.);
#2070=ORIENTED_EDGE('',*,*,#4069,.F.);
#2071=ORIENTED_EDGE('',*,*,#4031,.F.);
#2072=ORIENTED_EDGE('',*,*,#4068,.T.);
#2073=ORIENTED_EDGE('',*,*,#4028,.F.);
#2074=ORIENTED_EDGE('',*,*,#4069,.T.);
#2075=ORIENTED_EDGE('',*,*,#3586,.F.);
#2076=ORIENTED_EDGE('',*,*,#4070,.F.);
#2077=ORIENTED_EDGE('',*,*,#3975,.F.);
#2078=ORIENTED_EDGE('',*,*,#4071,.F.);
#2079=ORIENTED_EDGE('',*,*,#4072,.F.);
#2080=ORIENTED_EDGE('',*,*,#4073,.F.);
#2081=ORIENTED_EDGE('',*,*,#4074,.F.);
#2082=ORIENTED_EDGE('',*,*,#4075,.T.);
#2083=ORIENTED_EDGE('',*,*,#4019,.T.);
#2084=ORIENTED_EDGE('',*,*,#4076,.T.);
#2085=ORIENTED_EDGE('',*,*,#4077,.T.);
#2086=ORIENTED_EDGE('',*,*,#4078,.T.);
#2087=ORIENTED_EDGE('',*,*,#4079,.T.);
#2088=ORIENTED_EDGE('',*,*,#4080,.T.);
#2089=ORIENTED_EDGE('',*,*,#4081,.T.);
#2090=ORIENTED_EDGE('',*,*,#4082,.T.);
#2091=ORIENTED_EDGE('',*,*,#4083,.T.);
#2092=ORIENTED_EDGE('',*,*,#3977,.T.);
#2093=ORIENTED_EDGE('',*,*,#4084,.T.);
#2094=ORIENTED_EDGE('',*,*,#4022,.F.);
#2095=ORIENTED_EDGE('',*,*,#4032,.F.);
#2096=ORIENTED_EDGE('',*,*,#3986,.F.);
#2097=ORIENTED_EDGE('',*,*,#4034,.F.);
#2098=ORIENTED_EDGE('',*,*,#4029,.F.);
#2099=ORIENTED_EDGE('',*,*,#4026,.F.);
#2100=ORIENTED_EDGE('',*,*,#4080,.F.);
#2101=ORIENTED_EDGE('',*,*,#4085,.F.);
#2102=ORIENTED_EDGE('',*,*,#4074,.T.);
#2103=ORIENTED_EDGE('',*,*,#4086,.T.);
#2104=ORIENTED_EDGE('',*,*,#4084,.F.);
#2105=ORIENTED_EDGE('',*,*,#3976,.F.);
#2106=ORIENTED_EDGE('',*,*,#4070,.T.);
#2107=ORIENTED_EDGE('',*,*,#4085,.T.);
#2108=ORIENTED_EDGE('',*,*,#4083,.F.);
#2109=ORIENTED_EDGE('',*,*,#4087,.F.);
#2110=ORIENTED_EDGE('',*,*,#4071,.T.);
#2111=ORIENTED_EDGE('',*,*,#3978,.T.);
#2112=ORIENTED_EDGE('',*,*,#4082,.F.);
#2113=ORIENTED_EDGE('',*,*,#4088,.F.);
#2114=ORIENTED_EDGE('',*,*,#4072,.T.);
#2115=ORIENTED_EDGE('',*,*,#4087,.T.);
#2116=ORIENTED_EDGE('',*,*,#4081,.F.);
#2117=ORIENTED_EDGE('',*,*,#4086,.F.);
#2118=ORIENTED_EDGE('',*,*,#4073,.T.);
#2119=ORIENTED_EDGE('',*,*,#4088,.T.);
#2120=ORIENTED_EDGE('',*,*,#3712,.F.);
#2121=ORIENTED_EDGE('',*,*,#4007,.T.);
#2122=ORIENTED_EDGE('',*,*,#4089,.T.);
#2123=ORIENTED_EDGE('',*,*,#4021,.F.);
#2124=ORIENTED_EDGE('',*,*,#4090,.F.);
#2125=ORIENTED_EDGE('',*,*,#4008,.T.);
#2126=ORIENTED_EDGE('',*,*,#3733,.F.);
#2127=ORIENTED_EDGE('',*,*,#3763,.F.);
#2128=ORIENTED_EDGE('',*,*,#4091,.T.);
#2129=ORIENTED_EDGE('',*,*,#4092,.F.);
#2130=ORIENTED_EDGE('',*,*,#4089,.F.);
#2131=ORIENTED_EDGE('',*,*,#4017,.T.);
#2132=ORIENTED_EDGE('',*,*,#4090,.T.);
#2133=ORIENTED_EDGE('',*,*,#4093,.F.);
#2134=ORIENTED_EDGE('',*,*,#4094,.F.);
#2135=ORIENTED_EDGE('',*,*,#4009,.T.);
#2136=ORIENTED_EDGE('',*,*,#4016,.T.);
#2137=ORIENTED_EDGE('',*,*,#4095,.F.);
#2138=ORIENTED_EDGE('',*,*,#4096,.F.);
#2139=ORIENTED_EDGE('',*,*,#4091,.F.);
#2140=ORIENTED_EDGE('',*,*,#4094,.T.);
#2141=ORIENTED_EDGE('',*,*,#4097,.F.);
#2142=ORIENTED_EDGE('',*,*,#4098,.T.);
#2143=ORIENTED_EDGE('',*,*,#4010,.T.);
#2144=ORIENTED_EDGE('',*,*,#4099,.F.);
#2145=ORIENTED_EDGE('',*,*,#4100,.T.);
#2146=ORIENTED_EDGE('',*,*,#3973,.T.);
#2147=ORIENTED_EDGE('',*,*,#4011,.F.);
#2148=ORIENTED_EDGE('',*,*,#4098,.F.);
#2149=ORIENTED_EDGE('',*,*,#4101,.F.);
#2150=ORIENTED_EDGE('',*,*,#4012,.F.);
#2151=ORIENTED_EDGE('',*,*,#3971,.F.);
#2152=ORIENTED_EDGE('',*,*,#4102,.T.);
#2153=ORIENTED_EDGE('',*,*,#4103,.F.);
#2154=ORIENTED_EDGE('',*,*,#3709,.T.);
#2155=ORIENTED_EDGE('',*,*,#4104,.F.);
#2156=ORIENTED_EDGE('',*,*,#4105,.F.);
#2157=ORIENTED_EDGE('',*,*,#4013,.F.);
#2158=ORIENTED_EDGE('',*,*,#4103,.T.);
#2159=ORIENTED_EDGE('',*,*,#4106,.F.);
#2160=ORIENTED_EDGE('',*,*,#3725,.T.);
#2161=ORIENTED_EDGE('',*,*,#3635,.F.);
#2162=ORIENTED_EDGE('',*,*,#3812,.T.);
#2163=ORIENTED_EDGE('',*,*,#4107,.F.);
#2164=ORIENTED_EDGE('',*,*,#3735,.T.);
#2165=ORIENTED_EDGE('',*,*,#3744,.F.);
#2166=ORIENTED_EDGE('',*,*,#3969,.T.);
#2167=ORIENTED_EDGE('',*,*,#4014,.F.);
#2168=ORIENTED_EDGE('',*,*,#4105,.T.);
#2169=ORIENTED_EDGE('',*,*,#4108,.T.);
#2170=ORIENTED_EDGE('',*,*,#4015,.T.);
#2171=ORIENTED_EDGE('',*,*,#3967,.F.);
#2172=ORIENTED_EDGE('',*,*,#4109,.T.);
#2173=ORIENTED_EDGE('',*,*,#4110,.T.);
#2174=ORIENTED_EDGE('',*,*,#4111,.T.);
#2175=ORIENTED_EDGE('',*,*,#4095,.T.);
#2176=ORIENTED_EDGE('',*,*,#3963,.F.);
#2177=ORIENTED_EDGE('',*,*,#4112,.T.);
#2178=ORIENTED_EDGE('',*,*,#4092,.T.);
#2179=ORIENTED_EDGE('',*,*,#4113,.F.);
#2180=ORIENTED_EDGE('',*,*,#4076,.F.);
#2181=ORIENTED_EDGE('',*,*,#4018,.F.);
#2182=ORIENTED_EDGE('',*,*,#4020,.F.);
#2183=ORIENTED_EDGE('',*,*,#4075,.F.);
#2184=ORIENTED_EDGE('',*,*,#4114,.F.);
#2185=ORIENTED_EDGE('',*,*,#4093,.T.);
#2186=ORIENTED_EDGE('',*,*,#4115,.F.);
#2187=ORIENTED_EDGE('',*,*,#3871,.F.);
#2188=ORIENTED_EDGE('',*,*,#4116,.F.);
#2189=ORIENTED_EDGE('',*,*,#4117,.T.);
#2190=ORIENTED_EDGE('',*,*,#4118,.T.);
#2191=ORIENTED_EDGE('',*,*,#4119,.F.);
#2192=ORIENTED_EDGE('',*,*,#4120,.F.);
#2193=ORIENTED_EDGE('',*,*,#4121,.T.);
#2194=ORIENTED_EDGE('',*,*,#4122,.T.);
#2195=ORIENTED_EDGE('',*,*,#3774,.F.);
#2196=ORIENTED_EDGE('',*,*,#4123,.F.);
#2197=ORIENTED_EDGE('',*,*,#4124,.T.);
#2198=ORIENTED_EDGE('',*,*,#4125,.T.);
#2199=ORIENTED_EDGE('',*,*,#4126,.F.);
#2200=ORIENTED_EDGE('',*,*,#4127,.F.);
#2201=ORIENTED_EDGE('',*,*,#4128,.T.);
#2202=ORIENTED_EDGE('',*,*,#3868,.F.);
#2203=ORIENTED_EDGE('',*,*,#4129,.T.);
#2204=ORIENTED_EDGE('',*,*,#4130,.T.);
#2205=ORIENTED_EDGE('',*,*,#4131,.T.);
#2206=ORIENTED_EDGE('',*,*,#4132,.T.);
#2207=ORIENTED_EDGE('',*,*,#4120,.T.);
#2208=ORIENTED_EDGE('',*,*,#4133,.T.);
#2209=ORIENTED_EDGE('',*,*,#3891,.T.);
#2210=ORIENTED_EDGE('',*,*,#4134,.T.);
#2211=ORIENTED_EDGE('',*,*,#4121,.F.);
#2212=ORIENTED_EDGE('',*,*,#4132,.F.);
#2213=ORIENTED_EDGE('',*,*,#4135,.T.);
#2214=ORIENTED_EDGE('',*,*,#4136,.T.);
#2215=ORIENTED_EDGE('',*,*,#4137,.F.);
#2216=ORIENTED_EDGE('',*,*,#4138,.F.);
#2217=ORIENTED_EDGE('',*,*,#4139,.T.);
#2218=ORIENTED_EDGE('',*,*,#4116,.T.);
#2219=ORIENTED_EDGE('',*,*,#3870,.T.);
#2220=ORIENTED_EDGE('',*,*,#3890,.F.);
#2221=ORIENTED_EDGE('',*,*,#4140,.F.);
#2222=ORIENTED_EDGE('',*,*,#4118,.F.);
#2223=ORIENTED_EDGE('',*,*,#4134,.F.);
#2224=ORIENTED_EDGE('',*,*,#4138,.T.);
#2225=ORIENTED_EDGE('',*,*,#4141,.T.);
#2226=ORIENTED_EDGE('',*,*,#4142,.F.);
#2227=ORIENTED_EDGE('',*,*,#4142,.T.);
#2228=ORIENTED_EDGE('',*,*,#4143,.T.);
#2229=ORIENTED_EDGE('',*,*,#4144,.T.);
#2230=ORIENTED_EDGE('',*,*,#4145,.F.);
#2231=ORIENTED_EDGE('',*,*,#4117,.F.);
#2232=ORIENTED_EDGE('',*,*,#4146,.F.);
#2233=ORIENTED_EDGE('',*,*,#4147,.F.);
#2234=ORIENTED_EDGE('',*,*,#4148,.F.);
#2235=ORIENTED_EDGE('',*,*,#4149,.F.);
#2236=ORIENTED_EDGE('',*,*,#4144,.F.);
#2237=ORIENTED_EDGE('',*,*,#4150,.F.);
#2238=ORIENTED_EDGE('',*,*,#4151,.F.);
#2239=ORIENTED_EDGE('',*,*,#4152,.F.);
#2240=ORIENTED_EDGE('',*,*,#4153,.F.);
#2241=ORIENTED_EDGE('',*,*,#4154,.F.);
#2242=ORIENTED_EDGE('',*,*,#4110,.F.);
#2243=ORIENTED_EDGE('',*,*,#4155,.F.);
#2244=ORIENTED_EDGE('',*,*,#4152,.T.);
#2245=ORIENTED_EDGE('',*,*,#3910,.F.);
#2246=ORIENTED_EDGE('',*,*,#4113,.T.);
#2247=ORIENTED_EDGE('',*,*,#4096,.T.);
#2248=ORIENTED_EDGE('',*,*,#4111,.F.);
#2249=ORIENTED_EDGE('',*,*,#4154,.T.);
#2250=ORIENTED_EDGE('',*,*,#4156,.T.);
#2251=ORIENTED_EDGE('',*,*,#4157,.T.);
#2252=ORIENTED_EDGE('',*,*,#4077,.F.);
#2253=ORIENTED_EDGE('',*,*,#4114,.T.);
#2254=ORIENTED_EDGE('',*,*,#4079,.F.);
#2255=ORIENTED_EDGE('',*,*,#4158,.F.);
#2256=ORIENTED_EDGE('',*,*,#4159,.T.);
#2257=ORIENTED_EDGE('',*,*,#4160,.T.);
#2258=ORIENTED_EDGE('',*,*,#4101,.T.);
#2259=ORIENTED_EDGE('',*,*,#4097,.T.);
#2260=ORIENTED_EDGE('',*,*,#4161,.F.);
#2261=ORIENTED_EDGE('',*,*,#4162,.T.);
#2262=ORIENTED_EDGE('',*,*,#4099,.T.);
#2263=ORIENTED_EDGE('',*,*,#4160,.F.);
#2264=ORIENTED_EDGE('',*,*,#4163,.T.);
#2265=ORIENTED_EDGE('',*,*,#3961,.T.);
#2266=ORIENTED_EDGE('',*,*,#4164,.F.);
#2267=ORIENTED_EDGE('',*,*,#4165,.F.);
#2268=ORIENTED_EDGE('',*,*,#4161,.T.);
#2269=ORIENTED_EDGE('',*,*,#4166,.F.);
#2270=ORIENTED_EDGE('',*,*,#4167,.T.);
#2271=ORIENTED_EDGE('',*,*,#4124,.F.);
#2272=ORIENTED_EDGE('',*,*,#4168,.T.);
#2273=ORIENTED_EDGE('',*,*,#4169,.T.);
#2274=ORIENTED_EDGE('',*,*,#4170,.F.);
#2275=ORIENTED_EDGE('',*,*,#3626,.T.);
#2276=ORIENTED_EDGE('',*,*,#3775,.T.);
#2277=ORIENTED_EDGE('',*,*,#4122,.F.);
#2278=ORIENTED_EDGE('',*,*,#4167,.F.);
#2279=ORIENTED_EDGE('',*,*,#4171,.F.);
#2280=ORIENTED_EDGE('',*,*,#4172,.F.);
#2281=ORIENTED_EDGE('',*,*,#4173,.F.);
#2282=ORIENTED_EDGE('',*,*,#4125,.F.);
#2283=ORIENTED_EDGE('',*,*,#4174,.F.);
#2284=ORIENTED_EDGE('',*,*,#4175,.F.);
#2285=ORIENTED_EDGE('',*,*,#4169,.F.);
#2286=ORIENTED_EDGE('',*,*,#4176,.F.);
#2287=ORIENTED_EDGE('',*,*,#4177,.F.);
#2288=ORIENTED_EDGE('',*,*,#4178,.F.);
#2289=ORIENTED_EDGE('',*,*,#4179,.F.);
#2290=ORIENTED_EDGE('',*,*,#4172,.T.);
#2291=ORIENTED_EDGE('',*,*,#4180,.T.);
#2292=ORIENTED_EDGE('',*,*,#4181,.F.);
#2293=ORIENTED_EDGE('',*,*,#4173,.T.);
#2294=ORIENTED_EDGE('',*,*,#4182,.F.);
#2295=ORIENTED_EDGE('',*,*,#4183,.F.);
#2296=ORIENTED_EDGE('',*,*,#4126,.T.);
#2297=ORIENTED_EDGE('',*,*,#3767,.F.);
#2298=ORIENTED_EDGE('',*,*,#3624,.T.);
#2299=ORIENTED_EDGE('',*,*,#4184,.T.);
#2300=ORIENTED_EDGE('',*,*,#4127,.T.);
#2301=ORIENTED_EDGE('',*,*,#4183,.T.);
#2302=ORIENTED_EDGE('',*,*,#4185,.T.);
#2303=ORIENTED_EDGE('',*,*,#4186,.T.);
#2304=ORIENTED_EDGE('',*,*,#4187,.T.);
#2305=ORIENTED_EDGE('',*,*,#4188,.F.);
#2306=ORIENTED_EDGE('',*,*,#4189,.F.);
#2307=ORIENTED_EDGE('',*,*,#4190,.F.);
#2308=ORIENTED_EDGE('',*,*,#4191,.F.);
#2309=ORIENTED_EDGE('',*,*,#4192,.F.);
#2310=ORIENTED_EDGE('',*,*,#4193,.F.);
#2311=ORIENTED_EDGE('',*,*,#4194,.F.);
#2312=ORIENTED_EDGE('',*,*,#4195,.F.);
#2313=ORIENTED_EDGE('',*,*,#4196,.F.);
#2314=ORIENTED_EDGE('',*,*,#4197,.F.);
#2315=ORIENTED_EDGE('',*,*,#4198,.F.);
#2316=ORIENTED_EDGE('',*,*,#4199,.F.);
#2317=ORIENTED_EDGE('',*,*,#4200,.F.);
#2318=ORIENTED_EDGE('',*,*,#4201,.F.);
#2319=ORIENTED_EDGE('',*,*,#4202,.F.);
#2320=ORIENTED_EDGE('',*,*,#4203,.F.);
#2321=ORIENTED_EDGE('',*,*,#4204,.F.);
#2322=ORIENTED_EDGE('',*,*,#4205,.F.);
#2323=ORIENTED_EDGE('',*,*,#4206,.F.);
#2324=ORIENTED_EDGE('',*,*,#4207,.F.);
#2325=ORIENTED_EDGE('',*,*,#4208,.F.);
#2326=ORIENTED_EDGE('',*,*,#4209,.F.);
#2327=ORIENTED_EDGE('',*,*,#4210,.F.);
#2328=ORIENTED_EDGE('',*,*,#4211,.F.);
#2329=ORIENTED_EDGE('',*,*,#4212,.F.);
#2330=ORIENTED_EDGE('',*,*,#4213,.F.);
#2331=ORIENTED_EDGE('',*,*,#4214,.F.);
#2332=ORIENTED_EDGE('',*,*,#4215,.F.);
#2333=ORIENTED_EDGE('',*,*,#4216,.F.);
#2334=ORIENTED_EDGE('',*,*,#4217,.F.);
#2335=ORIENTED_EDGE('',*,*,#4218,.F.);
#2336=ORIENTED_EDGE('',*,*,#4219,.F.);
#2337=ORIENTED_EDGE('',*,*,#4220,.F.);
#2338=ORIENTED_EDGE('',*,*,#4221,.F.);
#2339=ORIENTED_EDGE('',*,*,#4222,.F.);
#2340=ORIENTED_EDGE('',*,*,#4223,.F.);
#2341=ORIENTED_EDGE('',*,*,#4224,.F.);
#2342=ORIENTED_EDGE('',*,*,#4225,.F.);
#2343=ORIENTED_EDGE('',*,*,#4226,.F.);
#2344=ORIENTED_EDGE('',*,*,#4227,.F.);
#2345=ORIENTED_EDGE('',*,*,#4228,.F.);
#2346=ORIENTED_EDGE('',*,*,#4229,.F.);
#2347=ORIENTED_EDGE('',*,*,#4230,.F.);
#2348=ORIENTED_EDGE('',*,*,#4231,.F.);
#2349=ORIENTED_EDGE('',*,*,#4232,.F.);
#2350=ORIENTED_EDGE('',*,*,#4233,.F.);
#2351=ORIENTED_EDGE('',*,*,#4234,.F.);
#2352=ORIENTED_EDGE('',*,*,#4235,.F.);
#2353=ORIENTED_EDGE('',*,*,#4236,.F.);
#2354=ORIENTED_EDGE('',*,*,#4237,.F.);
#2355=ORIENTED_EDGE('',*,*,#4238,.F.);
#2356=ORIENTED_EDGE('',*,*,#4239,.F.);
#2357=ORIENTED_EDGE('',*,*,#4240,.F.);
#2358=ORIENTED_EDGE('',*,*,#4241,.F.);
#2359=ORIENTED_EDGE('',*,*,#4242,.F.);
#2360=ORIENTED_EDGE('',*,*,#4243,.T.);
#2361=ORIENTED_EDGE('',*,*,#4244,.F.);
#2362=ORIENTED_EDGE('',*,*,#4245,.F.);
#2363=ORIENTED_EDGE('',*,*,#4246,.F.);
#2364=ORIENTED_EDGE('',*,*,#4247,.F.);
#2365=ORIENTED_EDGE('',*,*,#4248,.F.);
#2366=ORIENTED_EDGE('',*,*,#4249,.F.);
#2367=ORIENTED_EDGE('',*,*,#4250,.F.);
#2368=ORIENTED_EDGE('',*,*,#4251,.F.);
#2369=ORIENTED_EDGE('',*,*,#4252,.F.);
#2370=ORIENTED_EDGE('',*,*,#4253,.F.);
#2371=ORIENTED_EDGE('',*,*,#4254,.F.);
#2372=ORIENTED_EDGE('',*,*,#4255,.F.);
#2373=ORIENTED_EDGE('',*,*,#4256,.F.);
#2374=ORIENTED_EDGE('',*,*,#4257,.F.);
#2375=ORIENTED_EDGE('',*,*,#4258,.F.);
#2376=ORIENTED_EDGE('',*,*,#4259,.F.);
#2377=ORIENTED_EDGE('',*,*,#3964,.T.);
#2378=ORIENTED_EDGE('',*,*,#4112,.F.);
#2379=ORIENTED_EDGE('',*,*,#3962,.T.);
#2380=ORIENTED_EDGE('',*,*,#4260,.F.);
#2381=ORIENTED_EDGE('',*,*,#4130,.F.);
#2382=ORIENTED_EDGE('',*,*,#4261,.F.);
#2383=ORIENTED_EDGE('',*,*,#4186,.F.);
#2384=ORIENTED_EDGE('',*,*,#4262,.T.);
#2385=ORIENTED_EDGE('',*,*,#4263,.T.);
#2386=ORIENTED_EDGE('',*,*,#4139,.F.);
#2387=ORIENTED_EDGE('',*,*,#4135,.F.);
#2388=ORIENTED_EDGE('',*,*,#4131,.F.);
#2389=ORIENTED_EDGE('',*,*,#4260,.T.);
#2390=ORIENTED_EDGE('',*,*,#3966,.T.);
#2391=ORIENTED_EDGE('',*,*,#3957,.T.);
#2392=ORIENTED_EDGE('',*,*,#4264,.F.);
#2393=ORIENTED_EDGE('',*,*,#4136,.F.);
#2394=ORIENTED_EDGE('',*,*,#4263,.F.);
#2395=ORIENTED_EDGE('',*,*,#4265,.F.);
#2396=ORIENTED_EDGE('',*,*,#4266,.F.);
#2397=ORIENTED_EDGE('',*,*,#4146,.T.);
#2398=ORIENTED_EDGE('',*,*,#4143,.F.);
#2399=ORIENTED_EDGE('',*,*,#4141,.F.);
#2400=ORIENTED_EDGE('',*,*,#4137,.T.);
#2401=ORIENTED_EDGE('',*,*,#4266,.T.);
#2402=ORIENTED_EDGE('',*,*,#4267,.T.);
#2403=ORIENTED_EDGE('',*,*,#4268,.T.);
#2404=ORIENTED_EDGE('',*,*,#4268,.F.);
#2405=ORIENTED_EDGE('',*,*,#4269,.F.);
#2406=ORIENTED_EDGE('',*,*,#4270,.F.);
#2407=ORIENTED_EDGE('',*,*,#4147,.T.);
#2408=ORIENTED_EDGE('',*,*,#4271,.F.);
#2409=ORIENTED_EDGE('',*,*,#4272,.F.);
#2410=ORIENTED_EDGE('',*,*,#3911,.T.);
#2411=ORIENTED_EDGE('',*,*,#4151,.T.);
#2412=ORIENTED_EDGE('',*,*,#4273,.F.);
#2413=ORIENTED_EDGE('',*,*,#4166,.T.);
#2414=ORIENTED_EDGE('',*,*,#3960,.F.);
#2415=ORIENTED_EDGE('',*,*,#4274,.F.);
#2416=ORIENTED_EDGE('',*,*,#4275,.F.);
#2417=ORIENTED_EDGE('',*,*,#4178,.T.);
#2418=ORIENTED_EDGE('',*,*,#4276,.F.);
#2419=ORIENTED_EDGE('',*,*,#4277,.F.);
#2420=ORIENTED_EDGE('',*,*,#4170,.T.);
#2421=ORIENTED_EDGE('',*,*,#4175,.T.);
#2422=ORIENTED_EDGE('',*,*,#4275,.T.);
#2423=ORIENTED_EDGE('',*,*,#4278,.F.);
#2424=ORIENTED_EDGE('',*,*,#4279,.T.);
#2425=ORIENTED_EDGE('',*,*,#4180,.F.);
#2426=ORIENTED_EDGE('',*,*,#4171,.T.);
#2427=ORIENTED_EDGE('',*,*,#4280,.F.);
#2428=ORIENTED_EDGE('',*,*,#4181,.T.);
#2429=ORIENTED_EDGE('',*,*,#4279,.F.);
#2430=ORIENTED_EDGE('',*,*,#4281,.F.);
#2431=ORIENTED_EDGE('',*,*,#4262,.F.);
#2432=ORIENTED_EDGE('',*,*,#4185,.F.);
#2433=ORIENTED_EDGE('',*,*,#4182,.T.);
#2434=ORIENTED_EDGE('',*,*,#4179,.T.);
#2435=ORIENTED_EDGE('',*,*,#4280,.T.);
#2436=ORIENTED_EDGE('',*,*,#4282,.T.);
#2437=ORIENTED_EDGE('',*,*,#3955,.T.);
#2438=ORIENTED_EDGE('',*,*,#3965,.T.);
#2439=ORIENTED_EDGE('',*,*,#3909,.F.);
#2440=ORIENTED_EDGE('',*,*,#4272,.T.);
#2441=ORIENTED_EDGE('',*,*,#4283,.F.);
#2442=ORIENTED_EDGE('',*,*,#4284,.T.);
#2443=ORIENTED_EDGE('',*,*,#4285,.T.);
#2444=ORIENTED_EDGE('',*,*,#4269,.T.);
#2445=ORIENTED_EDGE('',*,*,#4267,.F.);
#2446=ORIENTED_EDGE('',*,*,#4265,.T.);
#2447=ORIENTED_EDGE('',*,*,#4264,.T.);
#2448=ORIENTED_EDGE('',*,*,#3956,.T.);
#2449=ORIENTED_EDGE('',*,*,#4282,.F.);
#2450=ORIENTED_EDGE('',*,*,#4281,.T.);
#2451=ORIENTED_EDGE('',*,*,#4278,.T.);
#2452=ORIENTED_EDGE('',*,*,#4277,.T.);
#2453=ORIENTED_EDGE('',*,*,#4286,.F.);
#2454=ORIENTED_EDGE('',*,*,#4287,.T.);
#2455=ORIENTED_EDGE('',*,*,#4288,.T.);
#2456=ORIENTED_EDGE('',*,*,#4274,.T.);
#2457=ORIENTED_EDGE('',*,*,#3959,.F.);
#2458=ORIENTED_EDGE('',*,*,#4289,.T.);
#2459=ORIENTED_EDGE('',*,*,#4159,.F.);
#2460=ORIENTED_EDGE('',*,*,#4290,.F.);
#2461=ORIENTED_EDGE('',*,*,#4156,.F.);
#2462=ORIENTED_EDGE('',*,*,#4291,.F.);
#2463=ORIENTED_EDGE('',*,*,#3927,.T.);
#2464=ORIENTED_EDGE('',*,*,#4292,.T.);
#2465=ORIENTED_EDGE('',*,*,#4036,.T.);
#2466=ORIENTED_EDGE('',*,*,#4293,.F.);
#2467=ORIENTED_EDGE('',*,*,#3928,.T.);
#2468=ORIENTED_EDGE('',*,*,#4291,.T.);
#2469=ORIENTED_EDGE('',*,*,#4065,.T.);
#2470=ORIENTED_EDGE('',*,*,#4294,.F.);
#2471=ORIENTED_EDGE('',*,*,#3929,.T.);
#2472=ORIENTED_EDGE('',*,*,#4293,.T.);
#2473=ORIENTED_EDGE('',*,*,#4064,.T.);
#2474=ORIENTED_EDGE('',*,*,#4295,.F.);
#2475=ORIENTED_EDGE('',*,*,#3930,.T.);
#2476=ORIENTED_EDGE('',*,*,#4294,.T.);
#2477=ORIENTED_EDGE('',*,*,#4063,.T.);
#2478=ORIENTED_EDGE('',*,*,#4296,.F.);
#2479=ORIENTED_EDGE('',*,*,#3931,.T.);
#2480=ORIENTED_EDGE('',*,*,#4295,.T.);
#2481=ORIENTED_EDGE('',*,*,#4062,.T.);
#2482=ORIENTED_EDGE('',*,*,#4297,.F.);
#2483=ORIENTED_EDGE('',*,*,#3932,.T.);
#2484=ORIENTED_EDGE('',*,*,#4296,.T.);
#2485=ORIENTED_EDGE('',*,*,#4061,.T.);
#2486=ORIENTED_EDGE('',*,*,#4298,.F.);
#2487=ORIENTED_EDGE('',*,*,#3933,.T.);
#2488=ORIENTED_EDGE('',*,*,#4297,.T.);
#2489=ORIENTED_EDGE('',*,*,#4060,.T.);
#2490=ORIENTED_EDGE('',*,*,#4299,.F.);
#2491=ORIENTED_EDGE('',*,*,#3934,.T.);
#2492=ORIENTED_EDGE('',*,*,#4298,.T.);
#2493=ORIENTED_EDGE('',*,*,#4059,.T.);
#2494=ORIENTED_EDGE('',*,*,#4300,.F.);
#2495=ORIENTED_EDGE('',*,*,#3935,.T.);
#2496=ORIENTED_EDGE('',*,*,#4299,.T.);
#2497=ORIENTED_EDGE('',*,*,#4058,.T.);
#2498=ORIENTED_EDGE('',*,*,#4301,.F.);
#2499=ORIENTED_EDGE('',*,*,#3936,.T.);
#2500=ORIENTED_EDGE('',*,*,#4300,.T.);
#2501=ORIENTED_EDGE('',*,*,#4057,.T.);
#2502=ORIENTED_EDGE('',*,*,#4302,.F.);
#2503=ORIENTED_EDGE('',*,*,#3937,.T.);
#2504=ORIENTED_EDGE('',*,*,#4301,.T.);
#2505=ORIENTED_EDGE('',*,*,#4056,.T.);
#2506=ORIENTED_EDGE('',*,*,#4303,.F.);
#2507=ORIENTED_EDGE('',*,*,#3938,.T.);
#2508=ORIENTED_EDGE('',*,*,#4302,.T.);
#2509=ORIENTED_EDGE('',*,*,#4055,.T.);
#2510=ORIENTED_EDGE('',*,*,#4304,.F.);
#2511=ORIENTED_EDGE('',*,*,#3939,.T.);
#2512=ORIENTED_EDGE('',*,*,#4303,.T.);
#2513=ORIENTED_EDGE('',*,*,#4054,.T.);
#2514=ORIENTED_EDGE('',*,*,#4305,.F.);
#2515=ORIENTED_EDGE('',*,*,#3940,.T.);
#2516=ORIENTED_EDGE('',*,*,#4304,.T.);
#2517=ORIENTED_EDGE('',*,*,#4053,.T.);
#2518=ORIENTED_EDGE('',*,*,#4306,.F.);
#2519=ORIENTED_EDGE('',*,*,#3941,.T.);
#2520=ORIENTED_EDGE('',*,*,#4305,.T.);
#2521=ORIENTED_EDGE('',*,*,#4052,.T.);
#2522=ORIENTED_EDGE('',*,*,#4307,.F.);
#2523=ORIENTED_EDGE('',*,*,#3942,.T.);
#2524=ORIENTED_EDGE('',*,*,#4306,.T.);
#2525=ORIENTED_EDGE('',*,*,#4051,.T.);
#2526=ORIENTED_EDGE('',*,*,#4308,.F.);
#2527=ORIENTED_EDGE('',*,*,#3943,.T.);
#2528=ORIENTED_EDGE('',*,*,#4307,.T.);
#2529=ORIENTED_EDGE('',*,*,#4050,.T.);
#2530=ORIENTED_EDGE('',*,*,#4309,.F.);
#2531=ORIENTED_EDGE('',*,*,#3944,.T.);
#2532=ORIENTED_EDGE('',*,*,#4308,.T.);
#2533=ORIENTED_EDGE('',*,*,#4049,.T.);
#2534=ORIENTED_EDGE('',*,*,#4310,.F.);
#2535=ORIENTED_EDGE('',*,*,#3945,.T.);
#2536=ORIENTED_EDGE('',*,*,#4309,.T.);
#2537=ORIENTED_EDGE('',*,*,#4048,.T.);
#2538=ORIENTED_EDGE('',*,*,#4311,.F.);
#2539=ORIENTED_EDGE('',*,*,#3946,.T.);
#2540=ORIENTED_EDGE('',*,*,#4310,.T.);
#2541=ORIENTED_EDGE('',*,*,#4047,.T.);
#2542=ORIENTED_EDGE('',*,*,#4312,.F.);
#2543=ORIENTED_EDGE('',*,*,#3947,.T.);
#2544=ORIENTED_EDGE('',*,*,#4311,.T.);
#2545=ORIENTED_EDGE('',*,*,#4046,.T.);
#2546=ORIENTED_EDGE('',*,*,#4313,.F.);
#2547=ORIENTED_EDGE('',*,*,#3948,.T.);
#2548=ORIENTED_EDGE('',*,*,#4312,.T.);
#2549=ORIENTED_EDGE('',*,*,#4045,.T.);
#2550=ORIENTED_EDGE('',*,*,#4314,.F.);
#2551=ORIENTED_EDGE('',*,*,#3949,.T.);
#2552=ORIENTED_EDGE('',*,*,#4313,.T.);
#2553=ORIENTED_EDGE('',*,*,#4044,.T.);
#2554=ORIENTED_EDGE('',*,*,#4315,.F.);
#2555=ORIENTED_EDGE('',*,*,#3950,.T.);
#2556=ORIENTED_EDGE('',*,*,#4314,.T.);
#2557=ORIENTED_EDGE('',*,*,#4043,.T.);
#2558=ORIENTED_EDGE('',*,*,#4316,.F.);
#2559=ORIENTED_EDGE('',*,*,#3951,.T.);
#2560=ORIENTED_EDGE('',*,*,#4315,.T.);
#2561=ORIENTED_EDGE('',*,*,#4042,.T.);
#2562=ORIENTED_EDGE('',*,*,#4317,.F.);
#2563=ORIENTED_EDGE('',*,*,#3952,.T.);
#2564=ORIENTED_EDGE('',*,*,#4316,.T.);
#2565=ORIENTED_EDGE('',*,*,#4041,.T.);
#2566=ORIENTED_EDGE('',*,*,#4318,.F.);
#2567=ORIENTED_EDGE('',*,*,#3953,.T.);
#2568=ORIENTED_EDGE('',*,*,#4317,.T.);
#2569=ORIENTED_EDGE('',*,*,#4040,.T.);
#2570=ORIENTED_EDGE('',*,*,#4319,.F.);
#2571=ORIENTED_EDGE('',*,*,#3924,.T.);
#2572=ORIENTED_EDGE('',*,*,#4318,.T.);
#2573=ORIENTED_EDGE('',*,*,#4039,.T.);
#2574=ORIENTED_EDGE('',*,*,#4320,.F.);
#2575=ORIENTED_EDGE('',*,*,#3925,.T.);
#2576=ORIENTED_EDGE('',*,*,#4319,.T.);
#2577=ORIENTED_EDGE('',*,*,#4038,.T.);
#2578=ORIENTED_EDGE('',*,*,#4292,.F.);
#2579=ORIENTED_EDGE('',*,*,#3926,.T.);
#2580=ORIENTED_EDGE('',*,*,#4320,.T.);
#2581=ORIENTED_EDGE('',*,*,#4037,.T.);
#2582=ORIENTED_EDGE('',*,*,#4321,.T.);
#2583=ORIENTED_EDGE('',*,*,#4322,.F.);
#2584=ORIENTED_EDGE('',*,*,#4323,.T.);
#2585=ORIENTED_EDGE('',*,*,#4324,.T.);
#2586=ORIENTED_EDGE('',*,*,#4325,.T.);
#2587=ORIENTED_EDGE('',*,*,#4326,.F.);
#2588=ORIENTED_EDGE('',*,*,#4327,.T.);
#2589=ORIENTED_EDGE('',*,*,#4322,.T.);
#2590=ORIENTED_EDGE('',*,*,#4328,.T.);
#2591=ORIENTED_EDGE('',*,*,#4324,.F.);
#2592=ORIENTED_EDGE('',*,*,#4329,.T.);
#2593=ORIENTED_EDGE('',*,*,#4326,.T.);
#2594=ORIENTED_EDGE('',*,*,#4323,.F.);
#2595=ORIENTED_EDGE('',*,*,#4327,.F.);
#2596=ORIENTED_EDGE('',*,*,#4329,.F.);
#2597=ORIENTED_EDGE('',*,*,#4330,.T.);
#2598=ORIENTED_EDGE('',*,*,#4331,.F.);
#2599=ORIENTED_EDGE('',*,*,#4332,.T.);
#2600=ORIENTED_EDGE('',*,*,#4333,.T.);
#2601=ORIENTED_EDGE('',*,*,#4334,.T.);
#2602=ORIENTED_EDGE('',*,*,#4335,.F.);
#2603=ORIENTED_EDGE('',*,*,#4336,.T.);
#2604=ORIENTED_EDGE('',*,*,#4331,.T.);
#2605=ORIENTED_EDGE('',*,*,#4337,.T.);
#2606=ORIENTED_EDGE('',*,*,#4333,.F.);
#2607=ORIENTED_EDGE('',*,*,#4338,.T.);
#2608=ORIENTED_EDGE('',*,*,#4335,.T.);
#2609=ORIENTED_EDGE('',*,*,#4338,.F.);
#2610=ORIENTED_EDGE('',*,*,#4332,.F.);
#2611=ORIENTED_EDGE('',*,*,#4336,.F.);
#2612=ORIENTED_EDGE('',*,*,#4248,.T.);
#2613=ORIENTED_EDGE('',*,*,#4339,.F.);
#2614=ORIENTED_EDGE('',*,*,#4340,.F.);
#2615=ORIENTED_EDGE('',*,*,#4341,.T.);
#2616=ORIENTED_EDGE('',*,*,#4249,.T.);
#2617=ORIENTED_EDGE('',*,*,#4341,.F.);
#2618=ORIENTED_EDGE('',*,*,#4342,.F.);
#2619=ORIENTED_EDGE('',*,*,#4343,.T.);
#2620=ORIENTED_EDGE('',*,*,#4250,.T.);
#2621=ORIENTED_EDGE('',*,*,#4343,.F.);
#2622=ORIENTED_EDGE('',*,*,#4344,.F.);
#2623=ORIENTED_EDGE('',*,*,#4345,.T.);
#2624=ORIENTED_EDGE('',*,*,#4251,.T.);
#2625=ORIENTED_EDGE('',*,*,#4345,.F.);
#2626=ORIENTED_EDGE('',*,*,#4346,.F.);
#2627=ORIENTED_EDGE('',*,*,#4347,.T.);
#2628=ORIENTED_EDGE('',*,*,#4252,.T.);
#2629=ORIENTED_EDGE('',*,*,#4347,.F.);
#2630=ORIENTED_EDGE('',*,*,#4348,.F.);
#2631=ORIENTED_EDGE('',*,*,#4349,.T.);
#2632=ORIENTED_EDGE('',*,*,#4253,.T.);
#2633=ORIENTED_EDGE('',*,*,#4349,.F.);
#2634=ORIENTED_EDGE('',*,*,#4350,.F.);
#2635=ORIENTED_EDGE('',*,*,#4351,.T.);
#2636=ORIENTED_EDGE('',*,*,#4254,.T.);
#2637=ORIENTED_EDGE('',*,*,#4351,.F.);
#2638=ORIENTED_EDGE('',*,*,#4352,.F.);
#2639=ORIENTED_EDGE('',*,*,#4353,.T.);
#2640=ORIENTED_EDGE('',*,*,#4255,.T.);
#2641=ORIENTED_EDGE('',*,*,#4353,.F.);
#2642=ORIENTED_EDGE('',*,*,#4354,.F.);
#2643=ORIENTED_EDGE('',*,*,#4355,.T.);
#2644=ORIENTED_EDGE('',*,*,#4256,.T.);
#2645=ORIENTED_EDGE('',*,*,#4355,.F.);
#2646=ORIENTED_EDGE('',*,*,#4356,.F.);
#2647=ORIENTED_EDGE('',*,*,#4357,.T.);
#2648=ORIENTED_EDGE('',*,*,#4257,.T.);
#2649=ORIENTED_EDGE('',*,*,#4357,.F.);
#2650=ORIENTED_EDGE('',*,*,#4358,.F.);
#2651=ORIENTED_EDGE('',*,*,#4359,.T.);
#2652=ORIENTED_EDGE('',*,*,#4258,.T.);
#2653=ORIENTED_EDGE('',*,*,#4359,.F.);
#2654=ORIENTED_EDGE('',*,*,#4360,.F.);
#2655=ORIENTED_EDGE('',*,*,#4361,.T.);
#2656=ORIENTED_EDGE('',*,*,#4259,.T.);
#2657=ORIENTED_EDGE('',*,*,#4361,.F.);
#2658=ORIENTED_EDGE('',*,*,#4362,.F.);
#2659=ORIENTED_EDGE('',*,*,#4339,.T.);
#2660=ORIENTED_EDGE('',*,*,#4340,.T.);
#2661=ORIENTED_EDGE('',*,*,#4362,.T.);
#2662=ORIENTED_EDGE('',*,*,#4360,.T.);
#2663=ORIENTED_EDGE('',*,*,#4358,.T.);
#2664=ORIENTED_EDGE('',*,*,#4356,.T.);
#2665=ORIENTED_EDGE('',*,*,#4354,.T.);
#2666=ORIENTED_EDGE('',*,*,#4352,.T.);
#2667=ORIENTED_EDGE('',*,*,#4350,.T.);
#2668=ORIENTED_EDGE('',*,*,#4348,.T.);
#2669=ORIENTED_EDGE('',*,*,#4346,.T.);
#2670=ORIENTED_EDGE('',*,*,#4344,.T.);
#2671=ORIENTED_EDGE('',*,*,#4342,.T.);
#2672=ORIENTED_EDGE('',*,*,#4236,.T.);
#2673=ORIENTED_EDGE('',*,*,#4363,.F.);
#2674=ORIENTED_EDGE('',*,*,#4364,.F.);
#2675=ORIENTED_EDGE('',*,*,#4365,.T.);
#2676=ORIENTED_EDGE('',*,*,#4237,.T.);
#2677=ORIENTED_EDGE('',*,*,#4365,.F.);
#2678=ORIENTED_EDGE('',*,*,#4366,.F.);
#2679=ORIENTED_EDGE('',*,*,#4367,.T.);
#2680=ORIENTED_EDGE('',*,*,#4238,.T.);
#2681=ORIENTED_EDGE('',*,*,#4367,.F.);
#2682=ORIENTED_EDGE('',*,*,#4368,.F.);
#2683=ORIENTED_EDGE('',*,*,#4369,.T.);
#2684=ORIENTED_EDGE('',*,*,#4239,.T.);
#2685=ORIENTED_EDGE('',*,*,#4369,.F.);
#2686=ORIENTED_EDGE('',*,*,#4370,.F.);
#2687=ORIENTED_EDGE('',*,*,#4371,.T.);
#2688=ORIENTED_EDGE('',*,*,#4240,.T.);
#2689=ORIENTED_EDGE('',*,*,#4371,.F.);
#2690=ORIENTED_EDGE('',*,*,#4372,.F.);
#2691=ORIENTED_EDGE('',*,*,#4373,.T.);
#2692=ORIENTED_EDGE('',*,*,#4241,.T.);
#2693=ORIENTED_EDGE('',*,*,#4373,.F.);
#2694=ORIENTED_EDGE('',*,*,#4374,.F.);
#2695=ORIENTED_EDGE('',*,*,#4375,.T.);
#2696=ORIENTED_EDGE('',*,*,#4242,.T.);
#2697=ORIENTED_EDGE('',*,*,#4375,.F.);
#2698=ORIENTED_EDGE('',*,*,#4376,.F.);
#2699=ORIENTED_EDGE('',*,*,#4377,.T.);
#2700=ORIENTED_EDGE('',*,*,#4243,.F.);
#2701=ORIENTED_EDGE('',*,*,#4377,.F.);
#2702=ORIENTED_EDGE('',*,*,#4378,.F.);
#2703=ORIENTED_EDGE('',*,*,#4379,.F.);
#2704=ORIENTED_EDGE('',*,*,#4244,.T.);
#2705=ORIENTED_EDGE('',*,*,#4379,.T.);
#2706=ORIENTED_EDGE('',*,*,#4380,.F.);
#2707=ORIENTED_EDGE('',*,*,#4381,.T.);
#2708=ORIENTED_EDGE('',*,*,#4245,.T.);
#2709=ORIENTED_EDGE('',*,*,#4381,.F.);
#2710=ORIENTED_EDGE('',*,*,#4382,.F.);
#2711=ORIENTED_EDGE('',*,*,#4383,.T.);
#2712=ORIENTED_EDGE('',*,*,#4246,.T.);
#2713=ORIENTED_EDGE('',*,*,#4383,.F.);
#2714=ORIENTED_EDGE('',*,*,#4384,.F.);
#2715=ORIENTED_EDGE('',*,*,#4385,.T.);
#2716=ORIENTED_EDGE('',*,*,#4247,.T.);
#2717=ORIENTED_EDGE('',*,*,#4385,.F.);
#2718=ORIENTED_EDGE('',*,*,#4386,.F.);
#2719=ORIENTED_EDGE('',*,*,#4363,.T.);
#2720=ORIENTED_EDGE('',*,*,#4364,.T.);
#2721=ORIENTED_EDGE('',*,*,#4386,.T.);
#2722=ORIENTED_EDGE('',*,*,#4384,.T.);
#2723=ORIENTED_EDGE('',*,*,#4382,.T.);
#2724=ORIENTED_EDGE('',*,*,#4380,.T.);
#2725=ORIENTED_EDGE('',*,*,#4378,.T.);
#2726=ORIENTED_EDGE('',*,*,#4376,.T.);
#2727=ORIENTED_EDGE('',*,*,#4374,.T.);
#2728=ORIENTED_EDGE('',*,*,#4372,.T.);
#2729=ORIENTED_EDGE('',*,*,#4370,.T.);
#2730=ORIENTED_EDGE('',*,*,#4368,.T.);
#2731=ORIENTED_EDGE('',*,*,#4366,.T.);
#2732=ORIENTED_EDGE('',*,*,#4228,.T.);
#2733=ORIENTED_EDGE('',*,*,#4387,.F.);
#2734=ORIENTED_EDGE('',*,*,#4388,.F.);
#2735=ORIENTED_EDGE('',*,*,#4389,.T.);
#2736=ORIENTED_EDGE('',*,*,#4229,.T.);
#2737=ORIENTED_EDGE('',*,*,#4389,.F.);
#2738=ORIENTED_EDGE('',*,*,#4390,.F.);
#2739=ORIENTED_EDGE('',*,*,#4391,.T.);
#2740=ORIENTED_EDGE('',*,*,#4230,.T.);
#2741=ORIENTED_EDGE('',*,*,#4391,.F.);
#2742=ORIENTED_EDGE('',*,*,#4392,.F.);
#2743=ORIENTED_EDGE('',*,*,#4393,.T.);
#2744=ORIENTED_EDGE('',*,*,#4231,.T.);
#2745=ORIENTED_EDGE('',*,*,#4393,.F.);
#2746=ORIENTED_EDGE('',*,*,#4394,.F.);
#2747=ORIENTED_EDGE('',*,*,#4395,.T.);
#2748=ORIENTED_EDGE('',*,*,#4232,.T.);
#2749=ORIENTED_EDGE('',*,*,#4395,.F.);
#2750=ORIENTED_EDGE('',*,*,#4396,.F.);
#2751=ORIENTED_EDGE('',*,*,#4397,.T.);
#2752=ORIENTED_EDGE('',*,*,#4233,.T.);
#2753=ORIENTED_EDGE('',*,*,#4397,.F.);
#2754=ORIENTED_EDGE('',*,*,#4398,.F.);
#2755=ORIENTED_EDGE('',*,*,#4399,.T.);
#2756=ORIENTED_EDGE('',*,*,#4234,.T.);
#2757=ORIENTED_EDGE('',*,*,#4399,.F.);
#2758=ORIENTED_EDGE('',*,*,#4400,.F.);
#2759=ORIENTED_EDGE('',*,*,#4401,.T.);
#2760=ORIENTED_EDGE('',*,*,#4235,.T.);
#2761=ORIENTED_EDGE('',*,*,#4401,.F.);
#2762=ORIENTED_EDGE('',*,*,#4402,.F.);
#2763=ORIENTED_EDGE('',*,*,#4387,.T.);
#2764=ORIENTED_EDGE('',*,*,#4388,.T.);
#2765=ORIENTED_EDGE('',*,*,#4402,.T.);
#2766=ORIENTED_EDGE('',*,*,#4400,.T.);
#2767=ORIENTED_EDGE('',*,*,#4398,.T.);
#2768=ORIENTED_EDGE('',*,*,#4396,.T.);
#2769=ORIENTED_EDGE('',*,*,#4394,.T.);
#2770=ORIENTED_EDGE('',*,*,#4392,.T.);
#2771=ORIENTED_EDGE('',*,*,#4390,.T.);
#2772=ORIENTED_EDGE('',*,*,#4219,.T.);
#2773=ORIENTED_EDGE('',*,*,#4403,.F.);
#2774=ORIENTED_EDGE('',*,*,#4404,.F.);
#2775=ORIENTED_EDGE('',*,*,#4405,.T.);
#2776=ORIENTED_EDGE('',*,*,#4220,.T.);
#2777=ORIENTED_EDGE('',*,*,#4405,.F.);
#2778=ORIENTED_EDGE('',*,*,#4406,.F.);
#2779=ORIENTED_EDGE('',*,*,#4407,.T.);
#2780=ORIENTED_EDGE('',*,*,#4221,.T.);
#2781=ORIENTED_EDGE('',*,*,#4407,.F.);
#2782=ORIENTED_EDGE('',*,*,#4408,.F.);
#2783=ORIENTED_EDGE('',*,*,#4409,.T.);
#2784=ORIENTED_EDGE('',*,*,#4222,.T.);
#2785=ORIENTED_EDGE('',*,*,#4409,.F.);
#2786=ORIENTED_EDGE('',*,*,#4410,.F.);
#2787=ORIENTED_EDGE('',*,*,#4411,.T.);
#2788=ORIENTED_EDGE('',*,*,#4223,.T.);
#2789=ORIENTED_EDGE('',*,*,#4411,.F.);
#2790=ORIENTED_EDGE('',*,*,#4412,.F.);
#2791=ORIENTED_EDGE('',*,*,#4413,.T.);
#2792=ORIENTED_EDGE('',*,*,#4224,.T.);
#2793=ORIENTED_EDGE('',*,*,#4413,.F.);
#2794=ORIENTED_EDGE('',*,*,#4414,.F.);
#2795=ORIENTED_EDGE('',*,*,#4415,.T.);
#2796=ORIENTED_EDGE('',*,*,#4225,.T.);
#2797=ORIENTED_EDGE('',*,*,#4415,.F.);
#2798=ORIENTED_EDGE('',*,*,#4416,.F.);
#2799=ORIENTED_EDGE('',*,*,#4417,.T.);
#2800=ORIENTED_EDGE('',*,*,#4226,.T.);
#2801=ORIENTED_EDGE('',*,*,#4417,.F.);
#2802=ORIENTED_EDGE('',*,*,#4418,.F.);
#2803=ORIENTED_EDGE('',*,*,#4419,.T.);
#2804=ORIENTED_EDGE('',*,*,#4227,.T.);
#2805=ORIENTED_EDGE('',*,*,#4419,.F.);
#2806=ORIENTED_EDGE('',*,*,#4420,.F.);
#2807=ORIENTED_EDGE('',*,*,#4403,.T.);
#2808=ORIENTED_EDGE('',*,*,#4421,.F.);
#2809=ORIENTED_EDGE('',*,*,#4422,.F.);
#2810=ORIENTED_EDGE('',*,*,#4423,.F.);
#2811=ORIENTED_EDGE('',*,*,#4404,.T.);
#2812=ORIENTED_EDGE('',*,*,#4420,.T.);
#2813=ORIENTED_EDGE('',*,*,#4418,.T.);
#2814=ORIENTED_EDGE('',*,*,#4416,.T.);
#2815=ORIENTED_EDGE('',*,*,#4414,.T.);
#2816=ORIENTED_EDGE('',*,*,#4412,.T.);
#2817=ORIENTED_EDGE('',*,*,#4410,.T.);
#2818=ORIENTED_EDGE('',*,*,#4408,.T.);
#2819=ORIENTED_EDGE('',*,*,#4406,.T.);
#2820=ORIENTED_EDGE('',*,*,#4424,.F.);
#2821=ORIENTED_EDGE('',*,*,#4425,.F.);
#2822=ORIENTED_EDGE('',*,*,#4421,.T.);
#2823=ORIENTED_EDGE('',*,*,#4426,.T.);
#2824=ORIENTED_EDGE('',*,*,#4427,.F.);
#2825=ORIENTED_EDGE('',*,*,#4428,.F.);
#2826=ORIENTED_EDGE('',*,*,#4422,.T.);
#2827=ORIENTED_EDGE('',*,*,#4425,.T.);
#2828=ORIENTED_EDGE('',*,*,#4429,.F.);
#2829=ORIENTED_EDGE('',*,*,#4426,.F.);
#2830=ORIENTED_EDGE('',*,*,#4423,.T.);
#2831=ORIENTED_EDGE('',*,*,#4428,.T.);
#2832=ORIENTED_EDGE('',*,*,#4211,.T.);
#2833=ORIENTED_EDGE('',*,*,#4430,.F.);
#2834=ORIENTED_EDGE('',*,*,#4431,.F.);
#2835=ORIENTED_EDGE('',*,*,#4432,.T.);
#2836=ORIENTED_EDGE('',*,*,#4212,.T.);
#2837=ORIENTED_EDGE('',*,*,#4432,.F.);
#2838=ORIENTED_EDGE('',*,*,#4433,.F.);
#2839=ORIENTED_EDGE('',*,*,#4434,.T.);
#2840=ORIENTED_EDGE('',*,*,#4213,.T.);
#2841=ORIENTED_EDGE('',*,*,#4434,.F.);
#2842=ORIENTED_EDGE('',*,*,#4435,.F.);
#2843=ORIENTED_EDGE('',*,*,#4436,.T.);
#2844=ORIENTED_EDGE('',*,*,#4214,.T.);
#2845=ORIENTED_EDGE('',*,*,#4436,.F.);
#2846=ORIENTED_EDGE('',*,*,#4437,.F.);
#2847=ORIENTED_EDGE('',*,*,#4438,.T.);
#2848=ORIENTED_EDGE('',*,*,#4215,.T.);
#2849=ORIENTED_EDGE('',*,*,#4438,.F.);
#2850=ORIENTED_EDGE('',*,*,#4439,.F.);
#2851=ORIENTED_EDGE('',*,*,#4440,.T.);
#2852=ORIENTED_EDGE('',*,*,#4216,.T.);
#2853=ORIENTED_EDGE('',*,*,#4440,.F.);
#2854=ORIENTED_EDGE('',*,*,#4441,.F.);
#2855=ORIENTED_EDGE('',*,*,#4442,.T.);
#2856=ORIENTED_EDGE('',*,*,#4217,.T.);
#2857=ORIENTED_EDGE('',*,*,#4442,.F.);
#2858=ORIENTED_EDGE('',*,*,#4443,.F.);
#2859=ORIENTED_EDGE('',*,*,#4444,.T.);
#2860=ORIENTED_EDGE('',*,*,#4218,.T.);
#2861=ORIENTED_EDGE('',*,*,#4444,.F.);
#2862=ORIENTED_EDGE('',*,*,#4445,.F.);
#2863=ORIENTED_EDGE('',*,*,#4430,.T.);
#2864=ORIENTED_EDGE('',*,*,#4431,.T.);
#2865=ORIENTED_EDGE('',*,*,#4445,.T.);
#2866=ORIENTED_EDGE('',*,*,#4443,.T.);
#2867=ORIENTED_EDGE('',*,*,#4441,.T.);
#2868=ORIENTED_EDGE('',*,*,#4439,.T.);
#2869=ORIENTED_EDGE('',*,*,#4437,.T.);
#2870=ORIENTED_EDGE('',*,*,#4435,.T.);
#2871=ORIENTED_EDGE('',*,*,#4433,.T.);
#2872=ORIENTED_EDGE('',*,*,#4203,.T.);
#2873=ORIENTED_EDGE('',*,*,#4446,.F.);
#2874=ORIENTED_EDGE('',*,*,#4447,.F.);
#2875=ORIENTED_EDGE('',*,*,#4448,.T.);
#2876=ORIENTED_EDGE('',*,*,#4204,.T.);
#2877=ORIENTED_EDGE('',*,*,#4448,.F.);
#2878=ORIENTED_EDGE('',*,*,#4449,.F.);
#2879=ORIENTED_EDGE('',*,*,#4450,.T.);
#2880=ORIENTED_EDGE('',*,*,#4205,.T.);
#2881=ORIENTED_EDGE('',*,*,#4450,.F.);
#2882=ORIENTED_EDGE('',*,*,#4451,.F.);
#2883=ORIENTED_EDGE('',*,*,#4452,.T.);
#2884=ORIENTED_EDGE('',*,*,#4206,.T.);
#2885=ORIENTED_EDGE('',*,*,#4452,.F.);
#2886=ORIENTED_EDGE('',*,*,#4453,.F.);
#2887=ORIENTED_EDGE('',*,*,#4454,.T.);
#2888=ORIENTED_EDGE('',*,*,#4207,.T.);
#2889=ORIENTED_EDGE('',*,*,#4454,.F.);
#2890=ORIENTED_EDGE('',*,*,#4455,.F.);
#2891=ORIENTED_EDGE('',*,*,#4456,.T.);
#2892=ORIENTED_EDGE('',*,*,#4208,.T.);
#2893=ORIENTED_EDGE('',*,*,#4456,.F.);
#2894=ORIENTED_EDGE('',*,*,#4457,.F.);
#2895=ORIENTED_EDGE('',*,*,#4458,.T.);
#2896=ORIENTED_EDGE('',*,*,#4209,.T.);
#2897=ORIENTED_EDGE('',*,*,#4458,.F.);
#2898=ORIENTED_EDGE('',*,*,#4459,.F.);
#2899=ORIENTED_EDGE('',*,*,#4460,.T.);
#2900=ORIENTED_EDGE('',*,*,#4210,.T.);
#2901=ORIENTED_EDGE('',*,*,#4460,.F.);
#2902=ORIENTED_EDGE('',*,*,#4461,.F.);
#2903=ORIENTED_EDGE('',*,*,#4446,.T.);
#2904=ORIENTED_EDGE('',*,*,#4447,.T.);
#2905=ORIENTED_EDGE('',*,*,#4461,.T.);
#2906=ORIENTED_EDGE('',*,*,#4459,.T.);
#2907=ORIENTED_EDGE('',*,*,#4457,.T.);
#2908=ORIENTED_EDGE('',*,*,#4455,.T.);
#2909=ORIENTED_EDGE('',*,*,#4453,.T.);
#2910=ORIENTED_EDGE('',*,*,#4451,.T.);
#2911=ORIENTED_EDGE('',*,*,#4449,.T.);
#2912=ORIENTED_EDGE('',*,*,#4196,.T.);
#2913=ORIENTED_EDGE('',*,*,#4462,.F.);
#2914=ORIENTED_EDGE('',*,*,#4463,.F.);
#2915=ORIENTED_EDGE('',*,*,#4464,.T.);
#2916=ORIENTED_EDGE('',*,*,#4197,.T.);
#2917=ORIENTED_EDGE('',*,*,#4464,.F.);
#2918=ORIENTED_EDGE('',*,*,#4465,.F.);
#2919=ORIENTED_EDGE('',*,*,#4466,.T.);
#2920=ORIENTED_EDGE('',*,*,#4198,.T.);
#2921=ORIENTED_EDGE('',*,*,#4466,.F.);
#2922=ORIENTED_EDGE('',*,*,#4467,.F.);
#2923=ORIENTED_EDGE('',*,*,#4468,.T.);
#2924=ORIENTED_EDGE('',*,*,#4199,.T.);
#2925=ORIENTED_EDGE('',*,*,#4468,.F.);
#2926=ORIENTED_EDGE('',*,*,#4469,.F.);
#2927=ORIENTED_EDGE('',*,*,#4470,.T.);
#2928=ORIENTED_EDGE('',*,*,#4200,.T.);
#2929=ORIENTED_EDGE('',*,*,#4470,.F.);
#2930=ORIENTED_EDGE('',*,*,#4471,.F.);
#2931=ORIENTED_EDGE('',*,*,#4472,.T.);
#2932=ORIENTED_EDGE('',*,*,#4201,.T.);
#2933=ORIENTED_EDGE('',*,*,#4472,.F.);
#2934=ORIENTED_EDGE('',*,*,#4473,.F.);
#2935=ORIENTED_EDGE('',*,*,#4474,.T.);
#2936=ORIENTED_EDGE('',*,*,#4202,.T.);
#2937=ORIENTED_EDGE('',*,*,#4474,.F.);
#2938=ORIENTED_EDGE('',*,*,#4475,.F.);
#2939=ORIENTED_EDGE('',*,*,#4462,.T.);
#2940=ORIENTED_EDGE('',*,*,#4463,.T.);
#2941=ORIENTED_EDGE('',*,*,#4475,.T.);
#2942=ORIENTED_EDGE('',*,*,#4473,.T.);
#2943=ORIENTED_EDGE('',*,*,#4471,.T.);
#2944=ORIENTED_EDGE('',*,*,#4469,.T.);
#2945=ORIENTED_EDGE('',*,*,#4467,.T.);
#2946=ORIENTED_EDGE('',*,*,#4465,.T.);
#2947=ORIENTED_EDGE('',*,*,#4188,.T.);
#2948=ORIENTED_EDGE('',*,*,#4476,.F.);
#2949=ORIENTED_EDGE('',*,*,#4477,.F.);
#2950=ORIENTED_EDGE('',*,*,#4478,.T.);
#2951=ORIENTED_EDGE('',*,*,#4189,.T.);
#2952=ORIENTED_EDGE('',*,*,#4478,.F.);
#2953=ORIENTED_EDGE('',*,*,#4479,.F.);
#2954=ORIENTED_EDGE('',*,*,#4480,.T.);
#2955=ORIENTED_EDGE('',*,*,#4190,.T.);
#2956=ORIENTED_EDGE('',*,*,#4480,.F.);
#2957=ORIENTED_EDGE('',*,*,#4481,.F.);
#2958=ORIENTED_EDGE('',*,*,#4482,.T.);
#2959=ORIENTED_EDGE('',*,*,#4191,.T.);
#2960=ORIENTED_EDGE('',*,*,#4482,.F.);
#2961=ORIENTED_EDGE('',*,*,#4483,.F.);
#2962=ORIENTED_EDGE('',*,*,#4484,.T.);
#2963=ORIENTED_EDGE('',*,*,#4192,.T.);
#2964=ORIENTED_EDGE('',*,*,#4484,.F.);
#2965=ORIENTED_EDGE('',*,*,#4485,.F.);
#2966=ORIENTED_EDGE('',*,*,#4486,.T.);
#2967=ORIENTED_EDGE('',*,*,#4193,.T.);
#2968=ORIENTED_EDGE('',*,*,#4486,.F.);
#2969=ORIENTED_EDGE('',*,*,#4487,.F.);
#2970=ORIENTED_EDGE('',*,*,#4488,.T.);
#2971=ORIENTED_EDGE('',*,*,#4194,.T.);
#2972=ORIENTED_EDGE('',*,*,#4488,.F.);
#2973=ORIENTED_EDGE('',*,*,#4489,.F.);
#2974=ORIENTED_EDGE('',*,*,#4490,.T.);
#2975=ORIENTED_EDGE('',*,*,#4195,.T.);
#2976=ORIENTED_EDGE('',*,*,#4490,.F.);
#2977=ORIENTED_EDGE('',*,*,#4491,.F.);
#2978=ORIENTED_EDGE('',*,*,#4476,.T.);
#2979=ORIENTED_EDGE('',*,*,#4492,.F.);
#2980=ORIENTED_EDGE('',*,*,#4493,.F.);
#2981=ORIENTED_EDGE('',*,*,#4494,.F.);
#2982=ORIENTED_EDGE('',*,*,#4495,.F.);
#2983=ORIENTED_EDGE('',*,*,#4477,.T.);
#2984=ORIENTED_EDGE('',*,*,#4491,.T.);
#2985=ORIENTED_EDGE('',*,*,#4489,.T.);
#2986=ORIENTED_EDGE('',*,*,#4487,.T.);
#2987=ORIENTED_EDGE('',*,*,#4485,.T.);
#2988=ORIENTED_EDGE('',*,*,#4483,.T.);
#2989=ORIENTED_EDGE('',*,*,#4481,.T.);
#2990=ORIENTED_EDGE('',*,*,#4479,.T.);
#2991=ORIENTED_EDGE('',*,*,#4496,.F.);
#2992=ORIENTED_EDGE('',*,*,#4497,.F.);
#2993=ORIENTED_EDGE('',*,*,#4492,.T.);
#2994=ORIENTED_EDGE('',*,*,#4498,.T.);
#2995=ORIENTED_EDGE('',*,*,#4499,.F.);
#2996=ORIENTED_EDGE('',*,*,#4500,.F.);
#2997=ORIENTED_EDGE('',*,*,#4493,.T.);
#2998=ORIENTED_EDGE('',*,*,#4497,.T.);
#2999=ORIENTED_EDGE('',*,*,#4501,.F.);
#3000=ORIENTED_EDGE('',*,*,#4502,.F.);
#3001=ORIENTED_EDGE('',*,*,#4494,.T.);
#3002=ORIENTED_EDGE('',*,*,#4500,.T.);
#3003=ORIENTED_EDGE('',*,*,#4503,.F.);
#3004=ORIENTED_EDGE('',*,*,#4498,.F.);
#3005=ORIENTED_EDGE('',*,*,#4495,.T.);
#3006=ORIENTED_EDGE('',*,*,#4502,.T.);
#3007=ORIENTED_EDGE('',*,*,#4427,.T.);
#3008=ORIENTED_EDGE('',*,*,#4424,.T.);
#3009=ORIENTED_EDGE('',*,*,#4429,.T.);
#3010=ORIENTED_EDGE('',*,*,#4499,.T.);
#3011=ORIENTED_EDGE('',*,*,#4496,.T.);
#3012=ORIENTED_EDGE('',*,*,#4503,.T.);
#3013=ORIENTED_EDGE('',*,*,#4501,.T.);
#3014=ORIENTED_EDGE('',*,*,#3989,.F.);
#3015=ORIENTED_EDGE('',*,*,#4504,.F.);
#3016=ORIENTED_EDGE('',*,*,#4505,.T.);
#3017=ORIENTED_EDGE('',*,*,#4506,.T.);
#3018=ORIENTED_EDGE('',*,*,#3990,.F.);
#3019=ORIENTED_EDGE('',*,*,#4506,.F.);
#3020=ORIENTED_EDGE('',*,*,#4507,.T.);
#3021=ORIENTED_EDGE('',*,*,#4508,.T.);
#3022=ORIENTED_EDGE('',*,*,#3991,.F.);
#3023=ORIENTED_EDGE('',*,*,#4508,.F.);
#3024=ORIENTED_EDGE('',*,*,#4509,.T.);
#3025=ORIENTED_EDGE('',*,*,#4510,.T.);
#3026=ORIENTED_EDGE('',*,*,#3992,.F.);
#3027=ORIENTED_EDGE('',*,*,#4510,.F.);
#3028=ORIENTED_EDGE('',*,*,#4511,.T.);
#3029=ORIENTED_EDGE('',*,*,#4512,.T.);
#3030=ORIENTED_EDGE('',*,*,#3993,.F.);
#3031=ORIENTED_EDGE('',*,*,#4512,.F.);
#3032=ORIENTED_EDGE('',*,*,#4513,.T.);
#3033=ORIENTED_EDGE('',*,*,#4514,.T.);
#3034=ORIENTED_EDGE('',*,*,#3994,.F.);
#3035=ORIENTED_EDGE('',*,*,#4514,.F.);
#3036=ORIENTED_EDGE('',*,*,#4515,.T.);
#3037=ORIENTED_EDGE('',*,*,#4504,.T.);
#3038=ORIENTED_EDGE('',*,*,#4505,.F.);
#3039=ORIENTED_EDGE('',*,*,#4515,.F.);
#3040=ORIENTED_EDGE('',*,*,#4513,.F.);
#3041=ORIENTED_EDGE('',*,*,#4511,.F.);
#3042=ORIENTED_EDGE('',*,*,#4509,.F.);
#3043=ORIENTED_EDGE('',*,*,#4507,.F.);
#3044=ORIENTED_EDGE('',*,*,#3995,.F.);
#3045=ORIENTED_EDGE('',*,*,#4516,.F.);
#3046=ORIENTED_EDGE('',*,*,#4517,.T.);
#3047=ORIENTED_EDGE('',*,*,#4518,.T.);
#3048=ORIENTED_EDGE('',*,*,#3996,.F.);
#3049=ORIENTED_EDGE('',*,*,#4518,.F.);
#3050=ORIENTED_EDGE('',*,*,#4519,.T.);
#3051=ORIENTED_EDGE('',*,*,#4520,.T.);
#3052=ORIENTED_EDGE('',*,*,#3997,.F.);
#3053=ORIENTED_EDGE('',*,*,#4520,.F.);
#3054=ORIENTED_EDGE('',*,*,#4521,.T.);
#3055=ORIENTED_EDGE('',*,*,#4522,.T.);
#3056=ORIENTED_EDGE('',*,*,#3998,.F.);
#3057=ORIENTED_EDGE('',*,*,#4522,.F.);
#3058=ORIENTED_EDGE('',*,*,#4523,.T.);
#3059=ORIENTED_EDGE('',*,*,#4524,.T.);
#3060=ORIENTED_EDGE('',*,*,#3999,.F.);
#3061=ORIENTED_EDGE('',*,*,#4524,.F.);
#3062=ORIENTED_EDGE('',*,*,#4525,.T.);
#3063=ORIENTED_EDGE('',*,*,#4526,.T.);
#3064=ORIENTED_EDGE('',*,*,#4000,.F.);
#3065=ORIENTED_EDGE('',*,*,#4526,.F.);
#3066=ORIENTED_EDGE('',*,*,#4527,.T.);
#3067=ORIENTED_EDGE('',*,*,#4528,.T.);
#3068=ORIENTED_EDGE('',*,*,#4001,.F.);
#3069=ORIENTED_EDGE('',*,*,#4528,.F.);
#3070=ORIENTED_EDGE('',*,*,#4529,.T.);
#3071=ORIENTED_EDGE('',*,*,#4530,.T.);
#3072=ORIENTED_EDGE('',*,*,#4002,.F.);
#3073=ORIENTED_EDGE('',*,*,#4530,.F.);
#3074=ORIENTED_EDGE('',*,*,#4531,.T.);
#3075=ORIENTED_EDGE('',*,*,#4532,.T.);
#3076=ORIENTED_EDGE('',*,*,#4003,.F.);
#3077=ORIENTED_EDGE('',*,*,#4532,.F.);
#3078=ORIENTED_EDGE('',*,*,#4533,.T.);
#3079=ORIENTED_EDGE('',*,*,#4534,.T.);
#3080=ORIENTED_EDGE('',*,*,#4004,.F.);
#3081=ORIENTED_EDGE('',*,*,#4534,.F.);
#3082=ORIENTED_EDGE('',*,*,#4535,.T.);
#3083=ORIENTED_EDGE('',*,*,#4536,.T.);
#3084=ORIENTED_EDGE('',*,*,#4005,.F.);
#3085=ORIENTED_EDGE('',*,*,#4536,.F.);
#3086=ORIENTED_EDGE('',*,*,#4537,.T.);
#3087=ORIENTED_EDGE('',*,*,#4538,.T.);
#3088=ORIENTED_EDGE('',*,*,#4006,.F.);
#3089=ORIENTED_EDGE('',*,*,#4538,.F.);
#3090=ORIENTED_EDGE('',*,*,#4539,.T.);
#3091=ORIENTED_EDGE('',*,*,#4516,.T.);
#3092=ORIENTED_EDGE('',*,*,#4517,.F.);
#3093=ORIENTED_EDGE('',*,*,#4539,.F.);
#3094=ORIENTED_EDGE('',*,*,#4537,.F.);
#3095=ORIENTED_EDGE('',*,*,#4535,.F.);
#3096=ORIENTED_EDGE('',*,*,#4533,.F.);
#3097=ORIENTED_EDGE('',*,*,#4531,.F.);
#3098=ORIENTED_EDGE('',*,*,#4529,.F.);
#3099=ORIENTED_EDGE('',*,*,#4527,.F.);
#3100=ORIENTED_EDGE('',*,*,#4525,.F.);
#3101=ORIENTED_EDGE('',*,*,#4523,.F.);
#3102=ORIENTED_EDGE('',*,*,#4521,.F.);
#3103=ORIENTED_EDGE('',*,*,#4519,.F.);
#3104=ORIENTED_EDGE('',*,*,#4540,.F.);
#3105=ORIENTED_EDGE('',*,*,#4541,.F.);
#3106=ORIENTED_EDGE('',*,*,#4542,.T.);
#3107=ORIENTED_EDGE('',*,*,#4543,.T.);
#3108=ORIENTED_EDGE('',*,*,#4544,.F.);
#3109=ORIENTED_EDGE('',*,*,#4543,.F.);
#3110=ORIENTED_EDGE('',*,*,#4545,.T.);
#3111=ORIENTED_EDGE('',*,*,#4546,.T.);
#3112=ORIENTED_EDGE('',*,*,#4547,.F.);
#3113=ORIENTED_EDGE('',*,*,#4546,.F.);
#3114=ORIENTED_EDGE('',*,*,#4548,.T.);
#3115=ORIENTED_EDGE('',*,*,#4549,.T.);
#3116=ORIENTED_EDGE('',*,*,#4550,.F.);
#3117=ORIENTED_EDGE('',*,*,#4549,.F.);
#3118=ORIENTED_EDGE('',*,*,#4551,.T.);
#3119=ORIENTED_EDGE('',*,*,#4552,.T.);
#3120=ORIENTED_EDGE('',*,*,#4553,.F.);
#3121=ORIENTED_EDGE('',*,*,#4552,.F.);
#3122=ORIENTED_EDGE('',*,*,#4554,.T.);
#3123=ORIENTED_EDGE('',*,*,#4555,.T.);
#3124=ORIENTED_EDGE('',*,*,#4556,.F.);
#3125=ORIENTED_EDGE('',*,*,#4555,.F.);
#3126=ORIENTED_EDGE('',*,*,#4557,.T.);
#3127=ORIENTED_EDGE('',*,*,#4558,.T.);
#3128=ORIENTED_EDGE('',*,*,#4559,.F.);
#3129=ORIENTED_EDGE('',*,*,#4558,.F.);
#3130=ORIENTED_EDGE('',*,*,#4560,.T.);
#3131=ORIENTED_EDGE('',*,*,#4561,.T.);
#3132=ORIENTED_EDGE('',*,*,#4562,.F.);
#3133=ORIENTED_EDGE('',*,*,#4561,.F.);
#3134=ORIENTED_EDGE('',*,*,#4563,.T.);
#3135=ORIENTED_EDGE('',*,*,#4564,.T.);
#3136=ORIENTED_EDGE('',*,*,#4565,.F.);
#3137=ORIENTED_EDGE('',*,*,#4564,.F.);
#3138=ORIENTED_EDGE('',*,*,#4566,.T.);
#3139=ORIENTED_EDGE('',*,*,#4567,.T.);
#3140=ORIENTED_EDGE('',*,*,#4568,.F.);
#3141=ORIENTED_EDGE('',*,*,#4567,.F.);
#3142=ORIENTED_EDGE('',*,*,#4569,.T.);
#3143=ORIENTED_EDGE('',*,*,#4570,.T.);
#3144=ORIENTED_EDGE('',*,*,#4571,.F.);
#3145=ORIENTED_EDGE('',*,*,#4570,.F.);
#3146=ORIENTED_EDGE('',*,*,#4572,.T.);
#3147=ORIENTED_EDGE('',*,*,#4573,.T.);
#3148=ORIENTED_EDGE('',*,*,#4574,.F.);
#3149=ORIENTED_EDGE('',*,*,#4573,.F.);
#3150=ORIENTED_EDGE('',*,*,#4575,.T.);
#3151=ORIENTED_EDGE('',*,*,#4541,.T.);
#3152=ORIENTED_EDGE('',*,*,#4542,.F.);
#3153=ORIENTED_EDGE('',*,*,#4575,.F.);
#3154=ORIENTED_EDGE('',*,*,#4572,.F.);
#3155=ORIENTED_EDGE('',*,*,#4569,.F.);
#3156=ORIENTED_EDGE('',*,*,#4566,.F.);
#3157=ORIENTED_EDGE('',*,*,#4563,.F.);
#3158=ORIENTED_EDGE('',*,*,#4560,.F.);
#3159=ORIENTED_EDGE('',*,*,#4557,.F.);
#3160=ORIENTED_EDGE('',*,*,#4554,.F.);
#3161=ORIENTED_EDGE('',*,*,#4551,.F.);
#3162=ORIENTED_EDGE('',*,*,#4548,.F.);
#3163=ORIENTED_EDGE('',*,*,#4545,.F.);
#3164=ORIENTED_EDGE('',*,*,#4576,.F.);
#3165=ORIENTED_EDGE('',*,*,#4577,.F.);
#3166=ORIENTED_EDGE('',*,*,#4578,.T.);
#3167=ORIENTED_EDGE('',*,*,#4579,.T.);
#3168=ORIENTED_EDGE('',*,*,#4580,.F.);
#3169=ORIENTED_EDGE('',*,*,#4579,.F.);
#3170=ORIENTED_EDGE('',*,*,#4581,.T.);
#3171=ORIENTED_EDGE('',*,*,#4582,.T.);
#3172=ORIENTED_EDGE('',*,*,#4583,.F.);
#3173=ORIENTED_EDGE('',*,*,#4582,.F.);
#3174=ORIENTED_EDGE('',*,*,#4584,.T.);
#3175=ORIENTED_EDGE('',*,*,#4585,.T.);
#3176=ORIENTED_EDGE('',*,*,#4586,.F.);
#3177=ORIENTED_EDGE('',*,*,#4585,.F.);
#3178=ORIENTED_EDGE('',*,*,#4587,.T.);
#3179=ORIENTED_EDGE('',*,*,#4577,.T.);
#3180=ORIENTED_EDGE('',*,*,#4587,.F.);
#3181=ORIENTED_EDGE('',*,*,#4584,.F.);
#3182=ORIENTED_EDGE('',*,*,#4581,.F.);
#3183=ORIENTED_EDGE('',*,*,#4578,.F.);
#3184=ORIENTED_EDGE('',*,*,#4163,.F.);
#3185=ORIENTED_EDGE('',*,*,#4289,.F.);
#3186=ORIENTED_EDGE('',*,*,#3958,.F.);
#3187=ORIENTED_EDGE('',*,*,#4588,.F.);
#3188=ORIENTED_EDGE('',*,*,#4589,.T.);
#3189=ORIENTED_EDGE('',*,*,#4590,.F.);
#3190=ORIENTED_EDGE('',*,*,#4588,.T.);
#3191=ORIENTED_EDGE('',*,*,#4591,.F.);
#3192=ORIENTED_EDGE('',*,*,#4590,.T.);
#3193=ORIENTED_EDGE('',*,*,#4591,.T.);
#3194=ORIENTED_EDGE('',*,*,#4592,.F.);
#3195=ORIENTED_EDGE('',*,*,#4586,.T.);
#3196=ORIENTED_EDGE('',*,*,#4576,.T.);
#3197=ORIENTED_EDGE('',*,*,#4580,.T.);
#3198=ORIENTED_EDGE('',*,*,#4583,.T.);
#3199=ORIENTED_EDGE('',*,*,#3708,.F.);
#3200=ORIENTED_EDGE('',*,*,#3703,.F.);
#3201=ORIENTED_EDGE('',*,*,#3810,.F.);
#3202=ORIENTED_EDGE('',*,*,#3721,.F.);
#3203=ORIENTED_EDGE('',*,*,#3717,.T.);
#3204=ORIENTED_EDGE('',*,*,#3905,.F.);
#3205=ORIENTED_EDGE('',*,*,#3832,.F.);
#3206=ORIENTED_EDGE('',*,*,#3908,.F.);
#3207=ORIENTED_EDGE('',*,*,#3787,.F.);
#3208=ORIENTED_EDGE('',*,*,#3878,.F.);
#3209=ORIENTED_EDGE('',*,*,#4593,.T.);
#3210=ORIENTED_EDGE('',*,*,#4153,.T.);
#3211=ORIENTED_EDGE('',*,*,#4155,.T.);
#3212=ORIENTED_EDGE('',*,*,#4109,.F.);
#3213=ORIENTED_EDGE('',*,*,#3970,.F.);
#3214=ORIENTED_EDGE('',*,*,#4108,.F.);
#3215=ORIENTED_EDGE('',*,*,#4104,.T.);
#3216=ORIENTED_EDGE('',*,*,#4594,.F.);
#3217=ORIENTED_EDGE('',*,*,#4592,.T.);
#3218=ORIENTED_EDGE('',*,*,#4595,.F.);
#3219=ORIENTED_EDGE('',*,*,#4594,.T.);
#3220=ORIENTED_EDGE('',*,*,#4596,.F.);
#3221=ORIENTED_EDGE('',*,*,#4595,.T.);
#3222=ORIENTED_EDGE('',*,*,#4596,.T.);
#3223=ORIENTED_EDGE('',*,*,#4330,.F.);
#3224=ORIENTED_EDGE('',*,*,#4337,.F.);
#3225=ORIENTED_EDGE('',*,*,#4334,.F.);
#3226=ORIENTED_EDGE('',*,*,#4321,.F.);
#3227=ORIENTED_EDGE('',*,*,#4328,.F.);
#3228=ORIENTED_EDGE('',*,*,#4325,.F.);
#3229=ORIENTED_EDGE('',*,*,#4078,.F.);
#3230=ORIENTED_EDGE('',*,*,#4157,.F.);
#3231=ORIENTED_EDGE('',*,*,#4290,.T.);
#3232=ORIENTED_EDGE('',*,*,#4158,.T.);
#3233=ORIENTED_EDGE('',*,*,#3768,.F.);
#3234=ORIENTED_EDGE('',*,*,#4187,.F.);
#3235=ORIENTED_EDGE('',*,*,#4261,.T.);
#3236=ORIENTED_EDGE('',*,*,#4129,.F.);
#3237=ORIENTED_EDGE('',*,*,#3867,.F.);
#3238=ORIENTED_EDGE('',*,*,#3904,.T.);
#3239=ORIENTED_EDGE('',*,*,#3682,.F.);
#3240=ORIENTED_EDGE('',*,*,#3898,.F.);
#3241=ORIENTED_EDGE('',*,*,#3653,.F.);
#3242=ORIENTED_EDGE('',*,*,#3899,.F.);
#3243=ORIENTED_EDGE('',*,*,#3674,.F.);
#3244=ORIENTED_EDGE('',*,*,#3886,.F.);
#3245=ORIENTED_EDGE('',*,*,#4597,.T.);
#3246=ORIENTED_EDGE('',*,*,#3630,.T.);
#3247=ORIENTED_EDGE('',*,*,#3879,.F.);
#3248=ORIENTED_EDGE('',*,*,#3687,.F.);
#3249=ORIENTED_EDGE('',*,*,#3903,.F.);
#3250=ORIENTED_EDGE('',*,*,#3872,.F.);
#3251=ORIENTED_EDGE('',*,*,#4115,.T.);
#3252=ORIENTED_EDGE('',*,*,#4145,.T.);
#3253=ORIENTED_EDGE('',*,*,#4149,.T.);
#3254=ORIENTED_EDGE('',*,*,#4148,.T.);
#3255=ORIENTED_EDGE('',*,*,#4270,.T.);
#3256=ORIENTED_EDGE('',*,*,#4285,.F.);
#3257=ORIENTED_EDGE('',*,*,#4598,.F.);
#3258=ORIENTED_EDGE('',*,*,#3627,.F.);
#3259=ORIENTED_EDGE('',*,*,#4597,.F.);
#3260=ORIENTED_EDGE('',*,*,#4284,.F.);
#3261=ORIENTED_EDGE('',*,*,#3628,.F.);
#3262=ORIENTED_EDGE('',*,*,#4598,.T.);
#3263=ORIENTED_EDGE('',*,*,#4283,.T.);
#3264=ORIENTED_EDGE('',*,*,#4271,.T.);
#3265=ORIENTED_EDGE('',*,*,#4150,.T.);
#3266=ORIENTED_EDGE('',*,*,#4593,.F.);
#3267=ORIENTED_EDGE('',*,*,#3877,.T.);
#3268=ORIENTED_EDGE('',*,*,#3633,.F.);
#3269=ORIENTED_EDGE('',*,*,#3882,.F.);
#3270=ORIENTED_EDGE('',*,*,#4599,.T.);
#3271=ORIENTED_EDGE('',*,*,#4164,.T.);
#3272=ORIENTED_EDGE('',*,*,#4273,.T.);
#3273=ORIENTED_EDGE('',*,*,#4288,.F.);
#3274=ORIENTED_EDGE('',*,*,#4600,.T.);
#3275=ORIENTED_EDGE('',*,*,#4601,.F.);
#3276=ORIENTED_EDGE('',*,*,#3634,.F.);
#3277=ORIENTED_EDGE('',*,*,#4600,.F.);
#3278=ORIENTED_EDGE('',*,*,#4287,.F.);
#3279=ORIENTED_EDGE('',*,*,#3880,.T.);
#3280=ORIENTED_EDGE('',*,*,#3631,.T.);
#3281=ORIENTED_EDGE('',*,*,#4601,.T.);
#3282=ORIENTED_EDGE('',*,*,#4286,.T.);
#3283=ORIENTED_EDGE('',*,*,#4276,.T.);
#3284=ORIENTED_EDGE('',*,*,#4177,.T.);
#3285=ORIENTED_EDGE('',*,*,#4176,.T.);
#3286=ORIENTED_EDGE('',*,*,#4168,.F.);
#3287=ORIENTED_EDGE('',*,*,#4123,.T.);
#3288=ORIENTED_EDGE('',*,*,#3773,.F.);
#3289=ORIENTED_EDGE('',*,*,#3887,.F.);
#3290=ORIENTED_EDGE('',*,*,#3669,.F.);
#3291=ORIENTED_EDGE('',*,*,#4589,.F.);
#3292=ORIENTED_EDGE('',*,*,#4574,.T.);
#3293=ORIENTED_EDGE('',*,*,#4540,.T.);
#3294=ORIENTED_EDGE('',*,*,#4544,.T.);
#3295=ORIENTED_EDGE('',*,*,#4547,.T.);
#3296=ORIENTED_EDGE('',*,*,#4550,.T.);
#3297=ORIENTED_EDGE('',*,*,#4553,.T.);
#3298=ORIENTED_EDGE('',*,*,#4556,.T.);
#3299=ORIENTED_EDGE('',*,*,#4559,.T.);
#3300=ORIENTED_EDGE('',*,*,#4562,.T.);
#3301=ORIENTED_EDGE('',*,*,#4565,.T.);
#3302=ORIENTED_EDGE('',*,*,#4568,.T.);
#3303=ORIENTED_EDGE('',*,*,#4571,.T.);
#3304=ORIENTED_EDGE('',*,*,#3726,.F.);
#3305=ORIENTED_EDGE('',*,*,#4106,.T.);
#3306=ORIENTED_EDGE('',*,*,#4102,.F.);
#3307=ORIENTED_EDGE('',*,*,#3974,.F.);
#3308=ORIENTED_EDGE('',*,*,#4100,.F.);
#3309=ORIENTED_EDGE('',*,*,#4162,.F.);
#3310=ORIENTED_EDGE('',*,*,#4165,.T.);
#3311=ORIENTED_EDGE('',*,*,#4599,.F.);
#3312=ORIENTED_EDGE('',*,*,#3881,.F.);
#3313=ORIENTED_EDGE('',*,*,#3807,.F.);
#3314=ORIENTED_EDGE('',*,*,#3907,.F.);
#3315=ORIENTED_EDGE('',*,*,#3843,.F.);
#3316=ORIENTED_EDGE('',*,*,#3906,.F.);
#3317=ORIENTED_EDGE('',*,*,#3665,.T.);
#3318=ORIENTED_EDGE('',*,*,#3661,.F.);
#3319=ORIENTED_EDGE('',*,*,#3753,.F.);
#3320=ORIENTED_EDGE('',*,*,#3818,.F.);
#3321=ORIENTED_EDGE('',*,*,#3736,.F.);
#3322=ORIENTED_EDGE('',*,*,#4107,.T.);
#3323=ORIENTED_EDGE('',*,*,#3811,.F.);
#3324=ORIENTED_EDGE('',*,*,#3741,.T.);
#3325=ORIENTED_EDGE('',*,*,#4184,.F.);
#3326=ORIENTED_EDGE('',*,*,#3623,.T.);
#3327=ORIENTED_EDGE('',*,*,#4174,.T.);
#3328=ORIENTED_EDGE('',*,*,#4128,.F.);
#3329=ORIENTED_EDGE('',*,*,#4140,.T.);
#3330=ORIENTED_EDGE('',*,*,#3889,.T.);
#3331=ORIENTED_EDGE('',*,*,#4133,.F.);
#3332=ORIENTED_EDGE('',*,*,#4119,.T.);
#3333=ORIENTED_EDGE('',*,*,#4602,.F.);
#3334=ORIENTED_EDGE('',*,*,#4603,.F.);
#3335=ORIENTED_EDGE('',*,*,#4604,.F.);
#3336=ORIENTED_EDGE('',*,*,#4605,.F.);
#3337=ORIENTED_EDGE('',*,*,#4606,.F.);
#3338=ORIENTED_EDGE('',*,*,#4607,.F.);
#3339=ORIENTED_EDGE('',*,*,#4608,.T.);
#3340=ORIENTED_EDGE('',*,*,#4609,.T.);
#3341=ORIENTED_EDGE('',*,*,#4610,.F.);
#3342=ORIENTED_EDGE('',*,*,#4611,.F.);
#3343=ORIENTED_EDGE('',*,*,#4612,.T.);
#3344=ORIENTED_EDGE('',*,*,#4611,.T.);
#3345=ORIENTED_EDGE('',*,*,#4613,.F.);
#3346=ORIENTED_EDGE('',*,*,#4614,.T.);
#3347=ORIENTED_EDGE('',*,*,#4615,.T.);
#3348=ORIENTED_EDGE('',*,*,#4607,.T.);
#3349=ORIENTED_EDGE('',*,*,#4616,.T.);
#3350=ORIENTED_EDGE('',*,*,#4617,.T.);
#3351=ORIENTED_EDGE('',*,*,#4613,.T.);
#3352=ORIENTED_EDGE('',*,*,#4610,.T.);
#3353=ORIENTED_EDGE('',*,*,#4618,.F.);
#3354=ORIENTED_EDGE('',*,*,#4619,.F.);
#3355=ORIENTED_EDGE('',*,*,#4620,.F.);
#3356=ORIENTED_EDGE('',*,*,#4614,.F.);
#3357=ORIENTED_EDGE('',*,*,#4620,.T.);
#3358=ORIENTED_EDGE('',*,*,#4621,.F.);
#3359=ORIENTED_EDGE('',*,*,#4622,.T.);
#3360=ORIENTED_EDGE('',*,*,#4623,.T.);
#3361=ORIENTED_EDGE('',*,*,#4608,.F.);
#3362=ORIENTED_EDGE('',*,*,#4615,.F.);
#3363=ORIENTED_EDGE('',*,*,#4622,.F.);
#3364=ORIENTED_EDGE('',*,*,#4624,.T.);
#3365=ORIENTED_EDGE('',*,*,#4618,.T.);
#3366=ORIENTED_EDGE('',*,*,#4609,.F.);
#3367=ORIENTED_EDGE('',*,*,#4623,.F.);
#3368=ORIENTED_EDGE('',*,*,#4625,.T.);
#3369=ORIENTED_EDGE('',*,*,#4621,.T.);
#3370=ORIENTED_EDGE('',*,*,#4619,.T.);
#3371=ORIENTED_EDGE('',*,*,#4625,.F.);
#3372=ORIENTED_EDGE('',*,*,#4624,.F.);
#3373=ORIENTED_EDGE('',*,*,#4616,.F.);
#3374=ORIENTED_EDGE('',*,*,#4606,.T.);
#3375=ORIENTED_EDGE('',*,*,#4626,.F.);
#3376=ORIENTED_EDGE('',*,*,#4627,.F.);
#3377=ORIENTED_EDGE('',*,*,#4628,.F.);
#3378=ORIENTED_EDGE('',*,*,#4602,.T.);
#3379=ORIENTED_EDGE('',*,*,#4612,.F.);
#3380=ORIENTED_EDGE('',*,*,#4629,.F.);
#3381=ORIENTED_EDGE('',*,*,#4617,.F.);
#3382=ORIENTED_EDGE('',*,*,#4627,.T.);
#3383=ORIENTED_EDGE('',*,*,#4630,.F.);
#3384=ORIENTED_EDGE('',*,*,#4631,.T.);
#3385=ORIENTED_EDGE('',*,*,#4632,.T.);
#3386=ORIENTED_EDGE('',*,*,#4629,.T.);
#3387=ORIENTED_EDGE('',*,*,#4633,.F.);
#3388=ORIENTED_EDGE('',*,*,#4603,.T.);
#3389=ORIENTED_EDGE('',*,*,#4628,.T.);
#3390=ORIENTED_EDGE('',*,*,#4632,.F.);
#3391=ORIENTED_EDGE('',*,*,#4634,.T.);
#3392=ORIENTED_EDGE('',*,*,#4635,.F.);
#3393=ORIENTED_EDGE('',*,*,#4604,.T.);
#3394=ORIENTED_EDGE('',*,*,#4633,.T.);
#3395=ORIENTED_EDGE('',*,*,#4634,.F.);
#3396=ORIENTED_EDGE('',*,*,#4631,.F.);
#3397=ORIENTED_EDGE('',*,*,#4626,.T.);
#3398=ORIENTED_EDGE('',*,*,#4605,.T.);
#3399=ORIENTED_EDGE('',*,*,#4635,.T.);
#3400=ORIENTED_EDGE('',*,*,#4630,.T.);
#3401=ORIENTED_EDGE('',*,*,#4636,.F.);
#3402=ORIENTED_EDGE('',*,*,#4637,.T.);
#3403=ORIENTED_EDGE('',*,*,#4638,.T.);
#3404=ORIENTED_EDGE('',*,*,#4639,.F.);
#3405=ORIENTED_EDGE('',*,*,#4640,.F.);
#3406=ORIENTED_EDGE('',*,*,#4641,.T.);
#3407=ORIENTED_EDGE('',*,*,#4642,.T.);
#3408=ORIENTED_EDGE('',*,*,#4637,.F.);
#3409=ORIENTED_EDGE('',*,*,#4643,.F.);
#3410=ORIENTED_EDGE('',*,*,#4639,.T.);
#3411=ORIENTED_EDGE('',*,*,#4644,.F.);
#3412=ORIENTED_EDGE('',*,*,#4645,.F.);
#3413=ORIENTED_EDGE('',*,*,#4646,.F.);
#3414=ORIENTED_EDGE('',*,*,#4645,.T.);
#3415=ORIENTED_EDGE('',*,*,#4647,.F.);
#3416=ORIENTED_EDGE('',*,*,#4641,.F.);
#3417=ORIENTED_EDGE('',*,*,#4638,.F.);
#3418=ORIENTED_EDGE('',*,*,#4642,.F.);
#3419=ORIENTED_EDGE('',*,*,#4647,.T.);
#3420=ORIENTED_EDGE('',*,*,#4644,.T.);
#3421=ORIENTED_EDGE('',*,*,#4640,.T.);
#3422=ORIENTED_EDGE('',*,*,#4636,.T.);
#3423=ORIENTED_EDGE('',*,*,#4643,.T.);
#3424=ORIENTED_EDGE('',*,*,#4646,.T.);
#3425=EDGE_CURVE('',#4648,#4649,#5479,.T.);
#3426=EDGE_CURVE('',#4648,#4650,#718,.T.);
#3427=EDGE_CURVE('',#4651,#4650,#5480,.F.);
#3428=EDGE_CURVE('',#4649,#4651,#543,.T.);
#3429=EDGE_CURVE('',#4652,#4650,#5481,.T.);
#3430=EDGE_CURVE('',#4653,#4652,#5482,.T.);
#3431=EDGE_CURVE('',#4653,#4651,#544,.T.);
#3432=EDGE_CURVE('',#4654,#4655,#545,.T.);
#3433=EDGE_CURVE('',#4654,#4656,#719,.T.);
#3434=EDGE_CURVE('',#4657,#4656,#546,.F.);
#3435=EDGE_CURVE('',#4655,#4657,#547,.T.);
#3436=EDGE_CURVE('',#4658,#4656,#5483,.T.);
#3437=EDGE_CURVE('',#4659,#4658,#5484,.T.);
#3438=EDGE_CURVE('',#4659,#4657,#548,.T.);
#3439=EDGE_CURVE('',#4660,#4661,#5485,.T.);
#3440=EDGE_CURVE('',#4662,#4660,#5486,.T.);
#3441=EDGE_CURVE('',#4663,#4662,#549,.T.);
#3442=EDGE_CURVE('',#4663,#4661,#5487,.F.);
#3443=EDGE_CURVE('',#4664,#4665,#5488,.T.);
#3444=EDGE_CURVE('',#4664,#4661,#720,.T.);
#3445=EDGE_CURVE('',#4663,#4665,#550,.T.);
#3446=EDGE_CURVE('',#4666,#4667,#5489,.T.);
#3447=EDGE_CURVE('',#4666,#4668,#721,.T.);
#3448=EDGE_CURVE('',#4669,#4668,#5490,.F.);
#3449=EDGE_CURVE('',#4667,#4669,#551,.T.);
#3450=EDGE_CURVE('',#4670,#4668,#5491,.T.);
#3451=EDGE_CURVE('',#4671,#4670,#5492,.T.);
#3452=EDGE_CURVE('',#4671,#4669,#552,.T.);
#3453=EDGE_CURVE('',#4672,#4673,#5493,.T.);
#3454=EDGE_CURVE('',#4672,#4674,#722,.T.);
#3455=EDGE_CURVE('',#4675,#4674,#5494,.F.);
#3456=EDGE_CURVE('',#4673,#4675,#553,.T.);
#3457=EDGE_CURVE('',#4676,#4674,#5495,.T.);
#3458=EDGE_CURVE('',#4677,#4676,#5496,.T.);
#3459=EDGE_CURVE('',#4677,#4675,#554,.T.);
#3460=EDGE_CURVE('',#4672,#4658,#723,.T.);
#3461=EDGE_CURVE('',#4673,#4678,#555,.T.);
#3462=EDGE_CURVE('',#4679,#4678,#5497,.T.);
#3463=EDGE_CURVE('',#4679,#4680,#556,.T.);
#3464=EDGE_CURVE('',#4680,#4681,#724,.T.);
#3465=EDGE_CURVE('',#4681,#4659,#557,.T.);
#3466=EDGE_CURVE('',#4654,#4670,#725,.T.);
#3467=EDGE_CURVE('',#4655,#4682,#558,.T.);
#3468=EDGE_CURVE('',#4683,#4682,#5498,.T.);
#3469=EDGE_CURVE('',#4683,#4684,#559,.T.);
#3470=EDGE_CURVE('',#4684,#4685,#726,.T.);
#3471=EDGE_CURVE('',#4685,#4671,#560,.T.);
#3472=EDGE_CURVE('',#4666,#4660,#727,.T.);
#3473=EDGE_CURVE('',#4667,#4686,#561,.T.);
#3474=EDGE_CURVE('',#4687,#4686,#5499,.T.);
#3475=EDGE_CURVE('',#4687,#4688,#562,.T.);
#3476=EDGE_CURVE('',#4688,#4689,#728,.T.);
#3477=EDGE_CURVE('',#4689,#4662,#563,.T.);
#3478=EDGE_CURVE('',#4664,#4652,#729,.T.);
#3479=EDGE_CURVE('',#4665,#4690,#564,.T.);
#3480=EDGE_CURVE('',#4691,#4690,#5500,.T.);
#3481=EDGE_CURVE('',#4691,#4692,#565,.T.);
#3482=EDGE_CURVE('',#4692,#4693,#730,.T.);
#3483=EDGE_CURVE('',#4693,#4653,#566,.T.);
#3484=EDGE_CURVE('',#4648,#4676,#731,.T.);
#3485=EDGE_CURVE('',#4649,#4694,#567,.T.);
#3486=EDGE_CURVE('',#4695,#4694,#5501,.T.);
#3487=EDGE_CURVE('',#4695,#4696,#568,.T.);
#3488=EDGE_CURVE('',#4696,#4697,#732,.T.);
#3489=EDGE_CURVE('',#4697,#4677,#569,.T.);
#3490=EDGE_CURVE('',#4698,#4699,#5502,.T.);
#3491=EDGE_CURVE('',#4698,#4700,#570,.T.);
#3492=EDGE_CURVE('',#4700,#4701,#571,.T.);
#3493=EDGE_CURVE('',#4699,#4701,#572,.T.);
#3494=EDGE_CURVE('',#4699,#4691,#573,.T.);
#3495=EDGE_CURVE('',#4701,#4702,#574,.T.);
#3496=EDGE_CURVE('',#4703,#4702,#5503,.F.);
#3497=EDGE_CURVE('',#4692,#4703,#575,.T.);
#3498=EDGE_CURVE('',#4689,#4704,#576,.T.);
#3499=EDGE_CURVE('',#4705,#4704,#5504,.F.);
#3500=EDGE_CURVE('',#4705,#4700,#577,.T.);
#3501=EDGE_CURVE('',#4690,#4698,#578,.T.);
#3502=EDGE_CURVE('',#4706,#4706,#733,.T.);
#3503=EDGE_CURVE('',#4688,#4707,#579,.T.);
#3504=EDGE_CURVE('',#4708,#4707,#5505,.F.);
#3505=EDGE_CURVE('',#4685,#4708,#580,.T.);
#3506=EDGE_CURVE('',#4684,#4709,#581,.T.);
#3507=EDGE_CURVE('',#4710,#4709,#5506,.F.);
#3508=EDGE_CURVE('',#4681,#4710,#582,.T.);
#3509=EDGE_CURVE('',#4680,#4711,#583,.T.);
#3510=EDGE_CURVE('',#4712,#4711,#5507,.F.);
#3511=EDGE_CURVE('',#4697,#4712,#584,.T.);
#3512=EDGE_CURVE('',#4696,#4713,#585,.T.);
#3513=EDGE_CURVE('',#4714,#4713,#5508,.F.);
#3514=EDGE_CURVE('',#4693,#4714,#586,.T.);
#3515=EDGE_CURVE('',#4704,#4703,#5509,.F.);
#3516=EDGE_CURVE('',#4702,#4705,#587,.T.);
#3517=EDGE_CURVE('',#4715,#4716,#5510,.T.);
#3518=EDGE_CURVE('',#4715,#4717,#588,.T.);
#3519=EDGE_CURVE('',#4717,#4718,#589,.T.);
#3520=EDGE_CURVE('',#4716,#4718,#590,.T.);
#3521=EDGE_CURVE('',#4718,#4719,#591,.T.);
#3522=EDGE_CURVE('',#4720,#4717,#592,.T.);
#3523=EDGE_CURVE('',#4719,#4720,#593,.T.);
#3524=EDGE_CURVE('',#4713,#4719,#5511,.F.);
#3525=EDGE_CURVE('',#4720,#4714,#5512,.F.);
#3526=EDGE_CURVE('',#4694,#4715,#594,.T.);
#3527=EDGE_CURVE('',#4716,#4695,#595,.T.);
#3528=EDGE_CURVE('',#4721,#4722,#596,.T.);
#3529=EDGE_CURVE('',#4723,#4721,#597,.T.);
#3530=EDGE_CURVE('',#4724,#4723,#598,.T.);
#3531=EDGE_CURVE('',#4722,#4724,#599,.T.);
#3532=EDGE_CURVE('',#4709,#4722,#5513,.F.);
#3533=EDGE_CURVE('',#4724,#4710,#5514,.F.);
#3534=EDGE_CURVE('',#4725,#4726,#5515,.T.);
#3535=EDGE_CURVE('',#4725,#4723,#600,.T.);
#3536=EDGE_CURVE('',#4726,#4721,#601,.T.);
#3537=EDGE_CURVE('',#4726,#4683,#602,.T.);
#3538=EDGE_CURVE('',#4682,#4725,#603,.T.);
#3539=EDGE_CURVE('',#4727,#4728,#5516,.T.);
#3540=EDGE_CURVE('',#4727,#4729,#604,.T.);
#3541=EDGE_CURVE('',#4729,#4730,#605,.T.);
#3542=EDGE_CURVE('',#4728,#4730,#606,.T.);
#3543=EDGE_CURVE('',#4730,#4731,#607,.T.);
#3544=EDGE_CURVE('',#4732,#4729,#608,.T.);
#3545=EDGE_CURVE('',#4731,#4732,#609,.T.);
#3546=EDGE_CURVE('',#4707,#4731,#5517,.F.);
#3547=EDGE_CURVE('',#4732,#4708,#5518,.F.);
#3548=EDGE_CURVE('',#4686,#4727,#610,.T.);
#3549=EDGE_CURVE('',#4728,#4687,#611,.T.);
#3550=EDGE_CURVE('',#4733,#4734,#5519,.T.);
#3551=EDGE_CURVE('',#4733,#4735,#612,.T.);
#3552=EDGE_CURVE('',#4735,#4736,#613,.T.);
#3553=EDGE_CURVE('',#4734,#4736,#614,.T.);
#3554=EDGE_CURVE('',#4736,#4737,#615,.T.);
#3555=EDGE_CURVE('',#4738,#4735,#616,.T.);
#3556=EDGE_CURVE('',#4737,#4738,#617,.T.);
#3557=EDGE_CURVE('',#4711,#4737,#5520,.F.);
#3558=EDGE_CURVE('',#4738,#4712,#5521,.F.);
#3559=EDGE_CURVE('',#4678,#4733,#618,.T.);
#3560=EDGE_CURVE('',#4734,#4679,#619,.T.);
#3561=EDGE_CURVE('',#4739,#4739,#734,.T.);
#3562=EDGE_CURVE('',#4740,#4740,#735,.F.);
#3563=EDGE_CURVE('',#4741,#4742,#5522,.T.);
#3564=EDGE_CURVE('',#4743,#4741,#5523,.T.);
#3565=EDGE_CURVE('',#4743,#4744,#5524,.T.);
#3566=EDGE_CURVE('',#4744,#4742,#5525,.T.);
#3567=EDGE_CURVE('',#4741,#4745,#5526,.T.);
#3568=EDGE_CURVE('',#4746,#4745,#5527,.T.);
#3569=EDGE_CURVE('',#4743,#4746,#5528,.T.);
#3570=EDGE_CURVE('',#4745,#4747,#5529,.T.);
#3571=EDGE_CURVE('',#4748,#4747,#5530,.T.);
#3572=EDGE_CURVE('',#4746,#4748,#5531,.T.);
#3573=EDGE_CURVE('',#4749,#4749,#736,.T.);
#3574=EDGE_CURVE('',#4750,#4750,#737,.T.);
#3575=EDGE_CURVE('',#4751,#4751,#738,.T.);
#3576=EDGE_CURVE('',#4752,#4752,#739,.T.);
#3577=EDGE_CURVE('',#4753,#4753,#740,.T.);
#3578=EDGE_CURVE('',#4754,#4754,#741,.T.);
#3579=EDGE_CURVE('',#4742,#4747,#5532,.T.);
#3580=EDGE_CURVE('',#4744,#4748,#5533,.T.);
#3581=EDGE_CURVE('',#4755,#4755,#742,.T.);
#3582=EDGE_CURVE('',#4756,#4756,#743,.T.);
#3583=EDGE_CURVE('',#4757,#4757,#744,.T.);
#3584=EDGE_CURVE('',#4758,#4758,#745,.T.);
#3585=EDGE_CURVE('',#4759,#4760,#746,.T.);
#3586=EDGE_CURVE('',#4760,#4761,#5534,.T.);
#3587=EDGE_CURVE('',#4761,#4762,#747,.T.);
#3588=EDGE_CURVE('',#4762,#4763,#5535,.T.);
#3589=EDGE_CURVE('',#4763,#4764,#748,.T.);
#3590=EDGE_CURVE('',#4764,#4759,#5536,.T.);
#3591=EDGE_CURVE('',#4765,#4765,#749,.T.);
#3592=EDGE_CURVE('',#4766,#4766,#750,.T.);
#3593=EDGE_CURVE('',#4767,#4767,#751,.T.);
#3594=EDGE_CURVE('',#4768,#4768,#752,.T.);
#3595=EDGE_CURVE('',#4769,#4769,#753,.T.);
#3596=EDGE_CURVE('',#4770,#4770,#754,.T.);
#3597=EDGE_CURVE('',#4771,#4771,#755,.T.);
#3598=EDGE_CURVE('',#4772,#4772,#756,.T.);
#3599=EDGE_CURVE('',#4773,#4773,#757,.T.);
#3600=EDGE_CURVE('',#4774,#4774,#758,.T.);
#3601=EDGE_CURVE('',#4775,#4775,#759,.T.);
#3602=EDGE_CURVE('',#4776,#4776,#760,.T.);
#3603=EDGE_CURVE('',#4777,#4777,#761,.T.);
#3604=EDGE_CURVE('',#4778,#4778,#762,.T.);
#3605=EDGE_CURVE('',#4779,#4779,#763,.T.);
#3606=EDGE_CURVE('',#4780,#4780,#764,.T.);
#3607=EDGE_CURVE('',#4781,#4781,#765,.T.);
#3608=EDGE_CURVE('',#4782,#4782,#766,.T.);
#3609=EDGE_CURVE('',#4783,#4783,#767,.T.);
#3610=EDGE_CURVE('',#4784,#4784,#768,.T.);
#3611=EDGE_CURVE('',#4785,#4785,#769,.T.);
#3612=EDGE_CURVE('',#4786,#4786,#770,.T.);
#3613=EDGE_CURVE('',#4787,#4787,#771,.T.);
#3614=EDGE_CURVE('',#4788,#4788,#772,.T.);
#3615=EDGE_CURVE('',#4789,#4790,#5537,.T.);
#3616=EDGE_CURVE('',#4789,#4791,#773,.T.);
#3617=EDGE_CURVE('',#4791,#4792,#5538,.T.);
#3618=EDGE_CURVE('',#4792,#4790,#774,.T.);
#3619=EDGE_CURVE('',#4793,#4794,#5539,.T.);
#3620=EDGE_CURVE('',#4794,#4795,#775,.T.);
#3621=EDGE_CURVE('',#4796,#4795,#5540,.T.);
#3622=EDGE_CURVE('',#4796,#4793,#776,.T.);
#3623=EDGE_CURVE('',#4797,#4798,#5541,.T.);
#3624=EDGE_CURVE('',#4799,#4797,#5542,.T.);
#3625=EDGE_CURVE('',#4799,#4800,#5543,.T.);
#3626=EDGE_CURVE('',#4798,#4800,#5544,.T.);
#3627=EDGE_CURVE('',#4801,#4802,#777,.T.);
#3628=EDGE_CURVE('',#4802,#4803,#5545,.T.);
#3629=EDGE_CURVE('',#4804,#4803,#60,.T.);
#3630=EDGE_CURVE('',#4801,#4804,#5546,.T.);
#3631=EDGE_CURVE('',#4805,#4806,#5547,.T.);
#3632=EDGE_CURVE('',#4807,#4805,#61,.T.);
#3633=EDGE_CURVE('',#4807,#4808,#5548,.T.);
#3634=EDGE_CURVE('',#4808,#4806,#778,.T.);
#3635=EDGE_CURVE('',#4809,#4810,#779,.T.);
#3636=EDGE_CURVE('',#4811,#4810,#5549,.T.);
#3637=EDGE_CURVE('',#4811,#4812,#620,.T.);
#3638=EDGE_CURVE('',#4813,#4812,#780,.T.);
#3639=EDGE_CURVE('',#4809,#4813,#5550,.T.);
#3640=EDGE_CURVE('',#4812,#4814,#621,.F.);
#3641=EDGE_CURVE('',#4814,#4815,#781,.T.);
#3642=EDGE_CURVE('',#4815,#4816,#622,.F.);
#3643=EDGE_CURVE('',#4816,#4817,#782,.T.);
#3644=EDGE_CURVE('',#4818,#4817,#783,.T.);
#3645=EDGE_CURVE('',#4818,#4819,#784,.T.);
#3646=EDGE_CURVE('',#4813,#4819,#785,.T.);
#3647=EDGE_CURVE('',#4820,#4815,#62,.T.);
#3648=EDGE_CURVE('',#4821,#4820,#623,.T.);
#3649=EDGE_CURVE('',#4816,#4821,#63,.T.);
#3650=EDGE_CURVE('',#4814,#4822,#64,.T.);
#3651=EDGE_CURVE('',#4822,#4811,#624,.T.);
#3652=EDGE_CURVE('',#4823,#4824,#65,.T.);
#3653=EDGE_CURVE('',#4823,#4825,#5551,.T.);
#3654=EDGE_CURVE('',#4826,#4825,#66,.T.);
#3655=EDGE_CURVE('',#4826,#4827,#5552,.T.);
#3656=EDGE_CURVE('',#4827,#4828,#786,.T.);
#3657=EDGE_CURVE('',#4828,#4829,#5553,.T.);
#3658=EDGE_CURVE('',#4829,#4830,#787,.T.);
#3659=EDGE_CURVE('',#4830,#4824,#5554,.T.);
#3660=EDGE_CURVE('',#4831,#4832,#5555,.T.);
#3661=EDGE_CURVE('',#4832,#4833,#5556,.T.);
#3662=EDGE_CURVE('',#4834,#4833,#788,.T.);
#3663=EDGE_CURVE('',#4835,#4834,#5557,.T.);
#3664=EDGE_CURVE('',#4831,#4835,#5558,.T.);
#3665=EDGE_CURVE('',#4836,#4833,#789,.T.);
#3666=EDGE_CURVE('',#4836,#4837,#625,.F.);
#3667=EDGE_CURVE('',#4837,#4834,#790,.T.);
#3668=EDGE_CURVE('',#4838,#4839,#67,.T.);
#3669=EDGE_CURVE('',#4839,#4840,#5559,.T.);
#3670=EDGE_CURVE('',#4840,#4841,#68,.T.);
#3671=EDGE_CURVE('',#4841,#4842,#5560,.T.);
#3672=EDGE_CURVE('',#4843,#4842,#791,.T.);
#3673=EDGE_CURVE('',#4843,#4844,#69,.T.);
#3674=EDGE_CURVE('',#4844,#4845,#5561,.T.);
#3675=EDGE_CURVE('',#4845,#4846,#70,.T.);
#3676=EDGE_CURVE('',#4847,#4846,#5562,.T.);
#3677=EDGE_CURVE('',#4848,#4847,#792,.T.);
#3678=EDGE_CURVE('',#4849,#4848,#5563,.T.);
#3679=EDGE_CURVE('',#4850,#4849,#793,.T.);
#3680=EDGE_CURVE('',#4851,#4850,#5564,.T.);
#3681=EDGE_CURVE('',#4851,#4852,#71,.T.);
#3682=EDGE_CURVE('',#4852,#4853,#5565,.T.);
#3683=EDGE_CURVE('',#4853,#4854,#72,.T.);
#3684=EDGE_CURVE('',#4855,#4854,#794,.T.);
#3685=EDGE_CURVE('',#4855,#4856,#5566,.T.);
#3686=EDGE_CURVE('',#4856,#4857,#73,.T.);
#3687=EDGE_CURVE('',#4857,#4858,#5567,.T.);
#3688=EDGE_CURVE('',#4858,#4859,#74,.T.);
#3689=EDGE_CURVE('',#4859,#4860,#795,.T.);
#3690=EDGE_CURVE('',#4860,#4861,#5568,.T.);
#3691=EDGE_CURVE('',#4861,#4862,#75,.T.);
#3692=EDGE_CURVE('',#4862,#4863,#5569,.T.);
#3693=EDGE_CURVE('',#4863,#4864,#76,.T.);
#3694=EDGE_CURVE('',#4865,#4864,#5570,.T.);
#3695=EDGE_CURVE('',#4865,#4838,#796,.T.);
#3696=EDGE_CURVE('',#4866,#4867,#5571,.T.);
#3697=EDGE_CURVE('',#4866,#4868,#5572,.T.);
#3698=EDGE_CURVE('',#4868,#4869,#5573,.T.);
#3699=EDGE_CURVE('',#4867,#4869,#5574,.T.);
#3700=EDGE_CURVE('',#4866,#4870,#5575,.T.);
#3701=EDGE_CURVE('',#4870,#4867,#5576,.T.);
#3702=EDGE_CURVE('',#4871,#4872,#797,.T.);
#3703=EDGE_CURVE('',#4872,#4873,#5577,.T.);
#3704=EDGE_CURVE('',#4874,#4873,#5578,.T.);
#3705=EDGE_CURVE('',#4875,#4874,#5579,.T.);
#3706=EDGE_CURVE('',#4875,#4876,#798,.T.);
#3707=EDGE_CURVE('',#4876,#4871,#5580,.T.);
#3708=EDGE_CURVE('',#4873,#4877,#5581,.T.);
#3709=EDGE_CURVE('',#4878,#4877,#77,.T.);
#3710=EDGE_CURVE('',#4878,#4821,#5582,.T.);
#3711=EDGE_CURVE('',#4879,#4820,#5583,.T.);
#3712=EDGE_CURVE('',#4879,#4880,#5584,.T.);
#3713=EDGE_CURVE('',#4880,#4881,#5585,.T.);
#3714=EDGE_CURVE('',#4882,#4881,#5586,.T.);
#3715=EDGE_CURVE('',#4869,#4882,#5587,.T.);
#3716=EDGE_CURVE('',#4874,#4868,#5588,.T.);
#3717=EDGE_CURVE('',#4883,#4884,#799,.T.);
#3718=EDGE_CURVE('',#4885,#4883,#800,.T.);
#3719=EDGE_CURVE('',#4885,#4886,#801,.T.);
#3720=EDGE_CURVE('',#4886,#4884,#626,.F.);
#3721=EDGE_CURVE('',#4883,#4887,#5589,.T.);
#3722=EDGE_CURVE('',#4888,#4887,#5590,.T.);
#3723=EDGE_CURVE('',#4889,#4888,#5591,.T.);
#3724=EDGE_CURVE('',#4885,#4889,#5592,.T.);
#3725=EDGE_CURVE('',#4890,#4810,#78,.T.);
#3726=EDGE_CURVE('',#4890,#4891,#5593,.T.);
#3727=EDGE_CURVE('',#4891,#4892,#5594,.T.);
#3728=EDGE_CURVE('',#4893,#4892,#5595,.T.);
#3729=EDGE_CURVE('',#4894,#4893,#5596,.T.);
#3730=EDGE_CURVE('',#4894,#4895,#5597,.T.);
#3731=EDGE_CURVE('',#4896,#4895,#5598,.T.);
#3732=EDGE_CURVE('',#4897,#4896,#5599,.T.);
#3733=EDGE_CURVE('',#4897,#4898,#5600,.T.);
#3734=EDGE_CURVE('',#4822,#4898,#5601,.T.);
#3735=EDGE_CURVE('',#4899,#4900,#79,.T.);
#3736=EDGE_CURVE('',#4899,#4901,#5602,.T.);
#3737=EDGE_CURVE('',#4902,#4901,#802,.T.);
#3738=EDGE_CURVE('',#4902,#4903,#5603,.T.);
#3739=EDGE_CURVE('',#4818,#4903,#627,.T.);
#3740=EDGE_CURVE('',#4817,#4900,#5604,.T.);
#3741=EDGE_CURVE('',#4904,#4901,#803,.T.);
#3742=EDGE_CURVE('',#4905,#4904,#804,.T.);
#3743=EDGE_CURVE('',#4905,#4902,#805,.T.);
#3744=EDGE_CURVE('',#4878,#4900,#806,.T.);
#3745=EDGE_CURVE('',#4906,#4834,#807,.T.);
#3746=EDGE_CURVE('',#4907,#4906,#5605,.T.);
#3747=EDGE_CURVE('',#4908,#4907,#808,.T.);
#3748=EDGE_CURVE('',#4909,#4908,#5606,.T.);
#3749=EDGE_CURVE('',#4910,#4909,#809,.T.);
#3750=EDGE_CURVE('',#4911,#4910,#810,.T.);
#3751=EDGE_CURVE('',#4911,#4835,#811,.T.);
#3752=EDGE_CURVE('',#4912,#4913,#812,.T.);
#3753=EDGE_CURVE('',#4912,#4832,#813,.T.);
#3754=EDGE_CURVE('',#4913,#4831,#814,.T.);
#3755=EDGE_CURVE('',#4914,#4914,#815,.T.);
#3756=EDGE_CURVE('',#4789,#4915,#80,.T.);
#3757=EDGE_CURVE('',#4916,#4915,#816,.T.);
#3758=EDGE_CURVE('',#4916,#4791,#5607,.T.);
#3759=EDGE_CURVE('',#4917,#4917,#817,.T.);
#3760=EDGE_CURVE('',#4918,#4794,#5608,.T.);
#3761=EDGE_CURVE('',#4919,#4918,#818,.T.);
#3762=EDGE_CURVE('',#4919,#4795,#81,.T.);
#3763=EDGE_CURVE('',#4880,#4897,#5609,.T.);
#3764=EDGE_CURVE('',#4896,#4920,#82,.T.);
#3765=EDGE_CURVE('',#4921,#4920,#5610,.T.);
#3766=EDGE_CURVE('',#4921,#4881,#83,.T.);
#3767=EDGE_CURVE('',#4799,#4922,#5611,.T.);
#3768=EDGE_CURVE('',#4922,#4923,#5612,.T.);
#3769=EDGE_CURVE('',#4924,#4923,#84,.T.);
#3770=EDGE_CURVE('',#4924,#4925,#819,.T.);
#3771=EDGE_CURVE('',#4926,#4925,#5613,.T.);
#3772=EDGE_CURVE('',#4927,#4926,#85,.T.);
#3773=EDGE_CURVE('',#4927,#4928,#5614,.T.);
#3774=EDGE_CURVE('',#4928,#4929,#820,.T.);
#3775=EDGE_CURVE('',#4800,#4929,#5615,.T.);
#3776=EDGE_CURVE('',#4885,#4930,#821,.T.);
#3777=EDGE_CURVE('',#4930,#4931,#822,.T.);
#3778=EDGE_CURVE('',#4931,#4932,#5616,.T.);
#3779=EDGE_CURVE('',#4932,#4886,#86,.T.);
#3780=EDGE_CURVE('',#4837,#4933,#823,.T.);
#3781=EDGE_CURVE('',#4933,#4934,#5617,.T.);
#3782=EDGE_CURVE('',#4934,#4906,#824,.T.);
#3783=EDGE_CURVE('',#4888,#4871,#825,.T.);
#3784=EDGE_CURVE('',#4889,#4876,#826,.T.);
#3785=EDGE_CURVE('',#4911,#4913,#5618,.T.);
#3786=EDGE_CURVE('',#4935,#4859,#628,.T.);
#3787=EDGE_CURVE('',#4935,#4936,#827,.T.);
#3788=EDGE_CURVE('',#4936,#4937,#5619,.T.);
#3789=EDGE_CURVE('',#4937,#4938,#828,.T.);
#3790=EDGE_CURVE('',#4938,#4860,#5620,.T.);
#3791=EDGE_CURVE('',#4939,#4940,#5621,.T.);
#3792=EDGE_CURVE('',#4941,#4940,#5622,.T.);
#3793=EDGE_CURVE('',#4941,#4861,#5623,.T.);
#3794=EDGE_CURVE('',#4938,#4939,#5624,.T.);
#3795=EDGE_CURVE('',#4942,#4943,#5625,.T.);
#3796=EDGE_CURVE('',#4942,#4921,#5626,.T.);
#3797=EDGE_CURVE('',#4920,#4944,#5627,.T.);
#3798=EDGE_CURVE('',#4944,#4945,#5628,.T.);
#3799=EDGE_CURVE('',#4945,#4863,#5629,.T.);
#3800=EDGE_CURVE('',#4862,#4943,#5630,.T.);
#3801=EDGE_CURVE('',#4864,#4946,#5631,.T.);
#3802=EDGE_CURVE('',#4946,#4947,#5632,.T.);
#3803=EDGE_CURVE('',#4947,#4948,#5633,.T.);
#3804=EDGE_CURVE('',#4948,#4949,#5634,.T.);
#3805=EDGE_CURVE('',#4949,#4865,#5635,.T.);
#3806=EDGE_CURVE('',#4950,#4951,#5636,.T.);
#3807=EDGE_CURVE('',#4951,#4952,#829,.T.);
#3808=EDGE_CURVE('',#4838,#4952,#629,.T.);
#3809=EDGE_CURVE('',#4949,#4950,#830,.T.);
#3810=EDGE_CURVE('',#4887,#4872,#831,.T.);
#3811=EDGE_CURVE('',#4904,#4953,#5637,.T.);
#3812=EDGE_CURVE('',#4809,#4953,#87,.T.);
#3813=EDGE_CURVE('',#4819,#4954,#630,.T.);
#3814=EDGE_CURVE('',#4905,#4954,#5638,.T.);
#3815=EDGE_CURVE('',#4955,#4956,#5639,.T.);
#3816=EDGE_CURVE('',#4957,#4955,#5640,.T.);
#3817=EDGE_CURVE('',#4957,#4956,#5641,.T.);
#3818=EDGE_CURVE('',#4891,#4912,#5642,.T.);
#3819=EDGE_CURVE('',#4892,#4910,#5643,.T.);
#3820=EDGE_CURVE('',#4893,#4957,#5644,.T.);
#3821=EDGE_CURVE('',#4894,#4955,#5645,.T.);
#3822=EDGE_CURVE('',#4958,#4956,#5646,.T.);
#3823=EDGE_CURVE('',#4909,#4958,#832,.T.);
#3824=EDGE_CURVE('',#4959,#4870,#5647,.T.);
#3825=EDGE_CURVE('',#4959,#4960,#833,.T.);
#3826=EDGE_CURVE('',#4960,#4875,#834,.T.);
#3827=EDGE_CURVE('',#4961,#4960,#5648,.T.);
#3828=EDGE_CURVE('',#4962,#4961,#835,.T.);
#3829=EDGE_CURVE('',#4930,#4962,#5649,.T.);
#3830=EDGE_CURVE('',#4954,#4903,#836,.T.);
#3831=EDGE_CURVE('',#4963,#4964,#5650,.T.);
#3832=EDGE_CURVE('',#4964,#4965,#5651,.T.);
#3833=EDGE_CURVE('',#4965,#4932,#631,.T.);
#3834=EDGE_CURVE('',#4966,#4931,#5652,.T.);
#3835=EDGE_CURVE('',#4966,#4963,#5653,.T.);
#3836=EDGE_CURVE('',#4940,#4870,#5654,.T.);
#3837=EDGE_CURVE('',#4967,#4939,#5655,.T.);
#3838=EDGE_CURVE('',#4967,#4959,#5656,.T.);
#3839=EDGE_CURVE('',#4962,#4966,#837,.T.);
#3840=EDGE_CURVE('',#4967,#4961,#838,.T.);
#3841=EDGE_CURVE('',#4937,#4963,#88,.T.);
#3842=EDGE_CURVE('',#4933,#4968,#632,.T.);
#3843=EDGE_CURVE('',#4968,#4969,#5657,.T.);
#3844=EDGE_CURVE('',#4969,#4970,#5658,.T.);
#3845=EDGE_CURVE('',#4970,#4971,#5659,.T.);
#3846=EDGE_CURVE('',#4971,#4934,#5660,.T.);
#3847=EDGE_CURVE('',#4972,#4958,#5661,.T.);
#3848=EDGE_CURVE('',#4948,#4972,#5662,.T.);
#3849=EDGE_CURVE('',#4956,#4947,#5663,.T.);
#3850=EDGE_CURVE('',#4971,#4907,#839,.T.);
#3851=EDGE_CURVE('',#4908,#4972,#840,.T.);
#3852=EDGE_CURVE('',#4970,#4950,#89,.T.);
#3853=EDGE_CURVE('',#4945,#4946,#90,.T.);
#3854=EDGE_CURVE('',#4944,#4895,#91,.T.);
#3855=EDGE_CURVE('',#4882,#4942,#92,.T.);
#3856=EDGE_CURVE('',#4941,#4943,#93,.T.);
#3857=EDGE_CURVE('',#4973,#4915,#5664,.T.);
#3858=EDGE_CURVE('',#4974,#4973,#841,.T.);
#3859=EDGE_CURVE('',#4974,#4916,#5665,.T.);
#3860=EDGE_CURVE('',#4790,#4973,#842,.T.);
#3861=EDGE_CURVE('',#4974,#4792,#5666,.T.);
#3862=EDGE_CURVE('',#4975,#4919,#5667,.T.);
#3863=EDGE_CURVE('',#4918,#4976,#5668,.T.);
#3864=EDGE_CURVE('',#4975,#4976,#843,.T.);
#3865=EDGE_CURVE('',#4975,#4796,#844,.T.);
#3866=EDGE_CURVE('',#4976,#4793,#5669,.T.);
#3867=EDGE_CURVE('',#4977,#4978,#5670,.T.);
#3868=EDGE_CURVE('',#4978,#4979,#5671,.T.);
#3869=EDGE_CURVE('',#4979,#4980,#5672,.T.);
#3870=EDGE_CURVE('',#4981,#4980,#5673,.T.);
#3871=EDGE_CURVE('',#4981,#4982,#845,.T.);
#3872=EDGE_CURVE('',#4982,#4983,#5674,.T.);
#3873=EDGE_CURVE('',#4984,#4983,#94,.T.);
#3874=EDGE_CURVE('',#4984,#4985,#5675,.T.);
#3875=EDGE_CURVE('',#4985,#4986,#846,.T.);
#3876=EDGE_CURVE('',#4977,#4986,#95,.T.);
#3877=EDGE_CURVE('',#4987,#4803,#5676,.T.);
#3878=EDGE_CURVE('',#4987,#4935,#96,.T.);
#3879=EDGE_CURVE('',#4858,#4804,#5677,.T.);
#3880=EDGE_CURVE('',#4839,#4805,#5678,.T.);
#3881=EDGE_CURVE('',#4952,#4988,#97,.T.);
#3882=EDGE_CURVE('',#4988,#4807,#5679,.T.);
#3883=EDGE_CURVE('',#4989,#4924,#633,.T.);
#3884=EDGE_CURVE('',#4843,#4989,#5680,.T.);
#3885=EDGE_CURVE('',#4842,#4925,#5681,.T.);
#3886=EDGE_CURVE('',#4923,#4844,#5682,.T.);
#3887=EDGE_CURVE('',#4840,#4927,#5683,.T.);
#3888=EDGE_CURVE('',#4841,#4926,#5684,.T.);
#3889=EDGE_CURVE('',#4990,#4991,#5685,.T.);
#3890=EDGE_CURVE('',#4990,#4980,#5686,.T.);
#3891=EDGE_CURVE('',#4991,#4979,#5687,.T.);
#3892=EDGE_CURVE('',#4824,#4846,#5688,.T.);
#3893=EDGE_CURVE('',#4847,#4830,#5689,.T.);
#3894=EDGE_CURVE('',#4848,#4829,#5690,.T.);
#3895=EDGE_CURVE('',#4849,#4828,#5691,.T.);
#3896=EDGE_CURVE('',#4850,#4827,#5692,.T.);
#3897=EDGE_CURVE('',#4851,#4826,#5693,.T.);
#3898=EDGE_CURVE('',#4825,#4852,#5694,.T.);
#3899=EDGE_CURVE('',#4845,#4823,#5695,.T.);
#3900=EDGE_CURVE('',#4855,#4985,#5696,.T.);
#3901=EDGE_CURVE('',#4986,#4854,#634,.T.);
#3902=EDGE_CURVE('',#4984,#4856,#5697,.T.);
#3903=EDGE_CURVE('',#4983,#4857,#5698,.T.);
#3904=EDGE_CURVE('',#4977,#4853,#5699,.T.);
#3905=EDGE_CURVE('',#4965,#4884,#847,.T.);
#3906=EDGE_CURVE('',#4836,#4968,#98,.T.);
#3907=EDGE_CURVE('',#4969,#4951,#99,.T.);
#3908=EDGE_CURVE('',#4936,#4964,#100,.T.);
#3909=EDGE_CURVE('',#4992,#4993,#5700,.T.);
#3910=EDGE_CURVE('',#4993,#4994,#5701,.T.);
#3911=EDGE_CURVE('',#4992,#4994,#635,.T.);
#3912=EDGE_CURVE('',#4995,#4995,#848,.T.);
#3913=EDGE_CURVE('',#4996,#4996,#849,.T.);
#3914=EDGE_CURVE('',#4997,#4997,#850,.T.);
#3915=EDGE_CURVE('',#4998,#4998,#851,.T.);
#3916=EDGE_CURVE('',#4999,#4999,#852,.T.);
#3917=EDGE_CURVE('',#5000,#5000,#853,.T.);
#3918=EDGE_CURVE('',#5001,#5001,#854,.T.);
#3919=EDGE_CURVE('',#5002,#5002,#855,.T.);
#3920=EDGE_CURVE('',#5003,#5003,#856,.T.);
#3921=EDGE_CURVE('',#5004,#5004,#857,.T.);
#3922=EDGE_CURVE('',#5005,#5005,#858,.T.);
#3923=EDGE_CURVE('',#5006,#5006,#859,.T.);
#3924=EDGE_CURVE('',#5007,#5008,#636,.T.);
#3925=EDGE_CURVE('',#5009,#5007,#860,.T.);
#3926=EDGE_CURVE('',#5010,#5009,#637,.T.);
#3927=EDGE_CURVE('',#5011,#5010,#861,.T.);
#3928=EDGE_CURVE('',#5012,#5011,#638,.T.);
#3929=EDGE_CURVE('',#5013,#5012,#862,.T.);
#3930=EDGE_CURVE('',#5014,#5013,#639,.T.);
#3931=EDGE_CURVE('',#5015,#5014,#863,.T.);
#3932=EDGE_CURVE('',#5016,#5015,#640,.T.);
#3933=EDGE_CURVE('',#5017,#5016,#864,.T.);
#3934=EDGE_CURVE('',#5018,#5017,#641,.T.);
#3935=EDGE_CURVE('',#5019,#5018,#865,.T.);
#3936=EDGE_CURVE('',#5020,#5019,#642,.T.);
#3937=EDGE_CURVE('',#5021,#5020,#866,.T.);
#3938=EDGE_CURVE('',#5022,#5021,#643,.T.);
#3939=EDGE_CURVE('',#5023,#5022,#867,.T.);
#3940=EDGE_CURVE('',#5024,#5023,#644,.T.);
#3941=EDGE_CURVE('',#5025,#5024,#868,.T.);
#3942=EDGE_CURVE('',#5026,#5025,#645,.T.);
#3943=EDGE_CURVE('',#5027,#5026,#869,.T.);
#3944=EDGE_CURVE('',#5028,#5027,#646,.T.);
#3945=EDGE_CURVE('',#5029,#5028,#870,.T.);
#3946=EDGE_CURVE('',#5030,#5029,#647,.T.);
#3947=EDGE_CURVE('',#5031,#5030,#871,.T.);
#3948=EDGE_CURVE('',#5032,#5031,#648,.T.);
#3949=EDGE_CURVE('',#5033,#5032,#872,.T.);
#3950=EDGE_CURVE('',#5034,#5033,#649,.T.);
#3951=EDGE_CURVE('',#5035,#5034,#873,.T.);
#3952=EDGE_CURVE('',#5036,#5035,#650,.T.);
#3953=EDGE_CURVE('',#5008,#5036,#874,.T.);
#3954=EDGE_CURVE('',#5037,#5038,#875,.T.);
#3955=EDGE_CURVE('',#5039,#5038,#651,.T.);
#3956=EDGE_CURVE('',#5040,#5039,#876,.T.);
#3957=EDGE_CURVE('',#5037,#5040,#652,.T.);
#3958=EDGE_CURVE('',#5041,#5042,#101,.T.);
#3959=EDGE_CURVE('',#5042,#5043,#5702,.T.);
#3960=EDGE_CURVE('',#5043,#5044,#877,.T.);
#3961=EDGE_CURVE('',#5041,#5044,#5703,.T.);
#3962=EDGE_CURVE('',#5045,#5046,#878,.T.);
#3963=EDGE_CURVE('',#5045,#5047,#102,.T.);
#3964=EDGE_CURVE('',#5048,#5047,#879,.T.);
#3965=EDGE_CURVE('',#5038,#5048,#880,.T.);
#3966=EDGE_CURVE('',#5046,#5037,#881,.T.);
#3967=EDGE_CURVE('',#5049,#5050,#5704,.T.);
#3968=EDGE_CURVE('',#5050,#5051,#882,.T.);
#3969=EDGE_CURVE('',#5052,#5051,#5705,.T.);
#3970=EDGE_CURVE('',#5052,#5049,#883,.T.);
#3971=EDGE_CURVE('',#5053,#5054,#5706,.T.);
#3972=EDGE_CURVE('',#5054,#5055,#884,.T.);
#3973=EDGE_CURVE('',#5056,#5055,#5707,.T.);
#3974=EDGE_CURVE('',#5056,#5053,#885,.T.);
#3975=EDGE_CURVE('',#5057,#5058,#886,.T.);
#3976=EDGE_CURVE('',#5058,#5059,#5708,.T.);
#3977=EDGE_CURVE('',#5060,#5059,#887,.T.);
#3978=EDGE_CURVE('',#5057,#5060,#5709,.T.);
#3979=EDGE_CURVE('',#5061,#4763,#5710,.T.);
#3980=EDGE_CURVE('',#5062,#5061,#888,.T.);
#3981=EDGE_CURVE('',#4764,#5062,#5711,.T.);
#3982=EDGE_CURVE('',#5063,#5063,#889,.T.);
#3983=EDGE_CURVE('',#5064,#5064,#890,.T.);
#3984=EDGE_CURVE('',#5065,#5065,#891,.T.);
#3985=EDGE_CURVE('',#5066,#5066,#892,.T.);
#3986=EDGE_CURVE('',#5067,#5068,#893,.T.);
#3987=EDGE_CURVE('',#5068,#5062,#5712,.T.);
#3988=EDGE_CURVE('',#5067,#5061,#5713,.T.);
#3989=EDGE_CURVE('',#5069,#5070,#5714,.T.);
#3990=EDGE_CURVE('',#5070,#5071,#5715,.T.);
#3991=EDGE_CURVE('',#5071,#5072,#5716,.T.);
#3992=EDGE_CURVE('',#5072,#5073,#5717,.T.);
#3993=EDGE_CURVE('',#5073,#5074,#5718,.T.);
#3994=EDGE_CURVE('',#5074,#5069,#5719,.T.);
#3995=EDGE_CURVE('',#5075,#5076,#5720,.T.);
#3996=EDGE_CURVE('',#5076,#5077,#5721,.T.);
#3997=EDGE_CURVE('',#5077,#5078,#5722,.T.);
#3998=EDGE_CURVE('',#5078,#5079,#5723,.T.);
#3999=EDGE_CURVE('',#5079,#5080,#5724,.T.);
#4000=EDGE_CURVE('',#5080,#5081,#5725,.T.);
#4001=EDGE_CURVE('',#5081,#5082,#5726,.T.);
#4002=EDGE_CURVE('',#5082,#5083,#5727,.T.);
#4003=EDGE_CURVE('',#5083,#5084,#5728,.T.);
#4004=EDGE_CURVE('',#5084,#5085,#5729,.T.);
#4005=EDGE_CURVE('',#5085,#5086,#5730,.T.);
#4006=EDGE_CURVE('',#5086,#5075,#5731,.T.);
#4007=EDGE_CURVE('',#4879,#5087,#5732,.T.);
#4008=EDGE_CURVE('',#5088,#4898,#5733,.T.);
#4009=EDGE_CURVE('',#5089,#5088,#894,.T.);
#4010=EDGE_CURVE('',#5090,#5089,#5734,.T.);
#4011=EDGE_CURVE('',#5090,#5055,#5735,.T.);
#4012=EDGE_CURVE('',#5054,#5091,#5736,.T.);
#4013=EDGE_CURVE('',#5091,#5092,#895,.T.);
#4014=EDGE_CURVE('',#5092,#5051,#5737,.T.);
#4015=EDGE_CURVE('',#5093,#5050,#5738,.T.);
#4016=EDGE_CURVE('',#5094,#5093,#5739,.T.);
#4017=EDGE_CURVE('',#5087,#5094,#896,.T.);
#4018=EDGE_CURVE('',#5095,#5096,#5740,.T.);
#4019=EDGE_CURVE('',#5097,#5096,#5741,.T.);
#4020=EDGE_CURVE('',#5097,#5098,#5742,.T.);
#4021=EDGE_CURVE('',#5098,#5095,#5743,.T.);
#4022=EDGE_CURVE('',#5099,#5100,#897,.T.);
#4023=EDGE_CURVE('',#5101,#5100,#5744,.T.);
#4024=EDGE_CURVE('',#5101,#5102,#898,.T.);
#4025=EDGE_CURVE('',#5099,#5102,#5745,.T.);
#4026=EDGE_CURVE('',#5100,#5103,#5746,.T.);
#4027=EDGE_CURVE('',#5103,#5104,#5747,.T.);
#4028=EDGE_CURVE('',#5104,#5101,#5748,.T.);
#4029=EDGE_CURVE('',#5103,#5105,#899,.T.);
#4030=EDGE_CURVE('',#5106,#5105,#5749,.T.);
#4031=EDGE_CURVE('',#5106,#5104,#900,.T.);
#4032=EDGE_CURVE('',#5068,#5099,#5750,.T.);
#4033=EDGE_CURVE('',#5102,#5062,#5751,.T.);
#4034=EDGE_CURVE('',#5105,#5067,#5752,.T.);
#4035=EDGE_CURVE('',#5061,#5106,#5753,.T.);
#4036=EDGE_CURVE('',#5107,#5108,#901,.T.);
#4037=EDGE_CURVE('',#5109,#5107,#653,.T.);
#4038=EDGE_CURVE('',#5110,#5109,#902,.T.);
#4039=EDGE_CURVE('',#5111,#5110,#654,.T.);
#4040=EDGE_CURVE('',#5112,#5111,#903,.T.);
#4041=EDGE_CURVE('',#5113,#5112,#655,.T.);
#4042=EDGE_CURVE('',#5114,#5113,#904,.T.);
#4043=EDGE_CURVE('',#5115,#5114,#656,.T.);
#4044=EDGE_CURVE('',#5116,#5115,#905,.T.);
#4045=EDGE_CURVE('',#5117,#5116,#657,.T.);
#4046=EDGE_CURVE('',#5118,#5117,#906,.T.);
#4047=EDGE_CURVE('',#5119,#5118,#658,.T.);
#4048=EDGE_CURVE('',#5120,#5119,#907,.T.);
#4049=EDGE_CURVE('',#5121,#5120,#659,.T.);
#4050=EDGE_CURVE('',#5122,#5121,#908,.T.);
#4051=EDGE_CURVE('',#5123,#5122,#660,.T.);
#4052=EDGE_CURVE('',#5124,#5123,#909,.T.);
#4053=EDGE_CURVE('',#5125,#5124,#661,.T.);
#4054=EDGE_CURVE('',#5126,#5125,#910,.T.);
#4055=EDGE_CURVE('',#5127,#5126,#662,.T.);
#4056=EDGE_CURVE('',#5128,#5127,#911,.T.);
#4057=EDGE_CURVE('',#5129,#5128,#663,.T.);
#4058=EDGE_CURVE('',#5130,#5129,#912,.T.);
#4059=EDGE_CURVE('',#5131,#5130,#664,.T.);
#4060=EDGE_CURVE('',#5132,#5131,#913,.T.);
#4061=EDGE_CURVE('',#5133,#5132,#665,.T.);
#4062=EDGE_CURVE('',#5134,#5133,#914,.T.);
#4063=EDGE_CURVE('',#5135,#5134,#666,.T.);
#4064=EDGE_CURVE('',#5136,#5135,#915,.T.);
#4065=EDGE_CURVE('',#5108,#5136,#667,.T.);
#4066=EDGE_CURVE('',#4759,#5102,#5754,.T.);
#4067=EDGE_CURVE('',#5106,#4762,#5755,.T.);
#4068=EDGE_CURVE('',#4760,#5101,#5756,.T.);
#4069=EDGE_CURVE('',#5104,#4761,#5757,.T.);
#4070=EDGE_CURVE('',#5058,#5137,#5758,.T.);
#4071=EDGE_CURVE('',#5138,#5057,#5759,.T.);
#4072=EDGE_CURVE('',#5139,#5138,#916,.T.);
#4073=EDGE_CURVE('',#5140,#5139,#5760,.T.);
#4074=EDGE_CURVE('',#5137,#5140,#917,.T.);
#4075=EDGE_CURVE('',#5141,#5097,#918,.T.);
#4076=EDGE_CURVE('',#5096,#5142,#919,.T.);
#4077=EDGE_CURVE('',#5142,#5143,#5761,.T.);
#4078=EDGE_CURVE('',#5143,#5144,#920,.T.);
#4079=EDGE_CURVE('',#5144,#5141,#5762,.T.);
#4080=EDGE_CURVE('',#5145,#5146,#921,.T.);
#4081=EDGE_CURVE('',#5146,#5147,#5763,.T.);
#4082=EDGE_CURVE('',#5147,#5148,#922,.T.);
#4083=EDGE_CURVE('',#5148,#5060,#5764,.T.);
#4084=EDGE_CURVE('',#5059,#5145,#5765,.T.);
#4085=EDGE_CURVE('',#5137,#5145,#5766,.T.);
#4086=EDGE_CURVE('',#5140,#5146,#5767,.T.);
#4087=EDGE_CURVE('',#5138,#5148,#5768,.T.);
#4088=EDGE_CURVE('',#5139,#5147,#5769,.T.);
#4089=EDGE_CURVE('',#5087,#5095,#5770,.T.);
#4090=EDGE_CURVE('',#5088,#5098,#5771,.T.);
#4091=EDGE_CURVE('',#5094,#5149,#5772,.T.);
#4092=EDGE_CURVE('',#5095,#5149,#923,.T.);
#4093=EDGE_CURVE('',#5150,#5098,#924,.T.);
#4094=EDGE_CURVE('',#5089,#5150,#5773,.T.);
#4095=EDGE_CURVE('',#5151,#5093,#5774,.T.);
#4096=EDGE_CURVE('',#5149,#5151,#5775,.T.);
#4097=EDGE_CURVE('',#5152,#5150,#5776,.T.);
#4098=EDGE_CURVE('',#5152,#5090,#5777,.T.);
#4099=EDGE_CURVE('',#5153,#5154,#5778,.T.);
#4100=EDGE_CURVE('',#5153,#5056,#5779,.T.);
#4101=EDGE_CURVE('',#5154,#5152,#5780,.T.);
#4102=EDGE_CURVE('',#5053,#5155,#5781,.T.);
#4103=EDGE_CURVE('',#5091,#5155,#5782,.T.);
#4104=EDGE_CURVE('',#5156,#4877,#925,.T.);
#4105=EDGE_CURVE('',#5092,#5156,#5783,.T.);
#4106=EDGE_CURVE('',#4890,#5155,#926,.T.);
#4107=EDGE_CURVE('',#4899,#4953,#927,.T.);
#4108=EDGE_CURVE('',#5156,#5052,#5784,.T.);
#4109=EDGE_CURVE('',#5049,#5157,#5785,.T.);
#4110=EDGE_CURVE('',#5157,#5158,#5786,.T.);
#4111=EDGE_CURVE('',#5158,#5151,#5787,.T.);
#4112=EDGE_CURVE('',#5045,#5047,#5788,.T.);
#4113=EDGE_CURVE('',#5142,#5149,#5789,.T.);
#4114=EDGE_CURVE('',#5150,#5141,#5790,.T.);
#4115=EDGE_CURVE('',#4982,#5159,#928,.T.);
#4116=EDGE_CURVE('',#5160,#4981,#5791,.T.);
#4117=EDGE_CURVE('',#5160,#5159,#929,.T.);
#4118=EDGE_CURVE('',#5161,#5162,#5792,.T.);
#4119=EDGE_CURVE('',#5163,#5162,#5793,.T.);
#4120=EDGE_CURVE('',#5164,#5163,#5794,.T.);
#4121=EDGE_CURVE('',#5164,#5161,#5795,.T.);
#4122=EDGE_CURVE('',#5165,#4929,#5796,.T.);
#4123=EDGE_CURVE('',#5166,#4928,#930,.T.);
#4124=EDGE_CURVE('',#5166,#5165,#931,.T.);
#4125=EDGE_CURVE('',#5167,#5168,#5797,.T.);
#4126=EDGE_CURVE('',#5169,#5168,#5798,.T.);
#4127=EDGE_CURVE('',#5170,#5169,#5799,.T.);
#4128=EDGE_CURVE('',#5170,#5167,#5800,.T.);
#4129=EDGE_CURVE('',#4978,#5171,#5801,.T.);
#4130=EDGE_CURVE('',#5171,#5172,#5802,.T.);
#4131=EDGE_CURVE('',#5172,#5173,#5803,.T.);
#4132=EDGE_CURVE('',#5173,#5164,#5804,.T.);
#4133=EDGE_CURVE('',#5163,#4991,#5805,.T.);
#4134=EDGE_CURVE('',#5174,#5161,#5806,.T.);
#4135=EDGE_CURVE('',#5173,#5174,#5807,.T.);
#4136=EDGE_CURVE('',#5175,#5176,#932,.T.);
#4137=EDGE_CURVE('',#5177,#5176,#5808,.T.);
#4138=EDGE_CURVE('',#5174,#5177,#5809,.T.);
#4139=EDGE_CURVE('',#5174,#5175,#5810,.T.);
#4140=EDGE_CURVE('',#5162,#4990,#5811,.T.);
#4141=EDGE_CURVE('',#5177,#5178,#5812,.T.);
#4142=EDGE_CURVE('',#5160,#5178,#5813,.T.);
#4143=EDGE_CURVE('',#5178,#5179,#5814,.T.);
#4144=EDGE_CURVE('',#5179,#5180,#933,.T.);
#4145=EDGE_CURVE('',#5159,#5180,#5815,.T.);
#4146=EDGE_CURVE('',#5181,#5179,#934,.T.);
#4147=EDGE_CURVE('',#5182,#5181,#935,.T.);
#4148=EDGE_CURVE('',#5183,#5182,#668,.T.);
#4149=EDGE_CURVE('',#5180,#5183,#669,.T.);
#4150=EDGE_CURVE('',#5184,#5185,#670,.T.);
#4151=EDGE_CURVE('',#4994,#5184,#936,.T.);
#4152=EDGE_CURVE('',#5186,#4994,#5816,.T.);
#4153=EDGE_CURVE('',#5185,#5186,#937,.T.);
#4154=EDGE_CURVE('',#5158,#4993,#5817,.T.);
#4155=EDGE_CURVE('',#5186,#5157,#5818,.T.);
#4156=EDGE_CURVE('',#4993,#5187,#5819,.T.);
#4157=EDGE_CURVE('',#5187,#5143,#5820,.T.);
#4158=EDGE_CURVE('',#5188,#5144,#5821,.T.);
#4159=EDGE_CURVE('',#5188,#5189,#5822,.T.);
#4160=EDGE_CURVE('',#5189,#5154,#5823,.T.);
#4161=EDGE_CURVE('',#5190,#5044,#5824,.T.);
#4162=EDGE_CURVE('',#5190,#5153,#5825,.T.);
#4163=EDGE_CURVE('',#5189,#5041,#5826,.T.);
#4164=EDGE_CURVE('',#5191,#5192,#671,.T.);
#4165=EDGE_CURVE('',#5190,#5191,#938,.T.);
#4166=EDGE_CURVE('',#5192,#5044,#939,.T.);
#4167=EDGE_CURVE('',#5193,#5165,#5827,.T.);
#4168=EDGE_CURVE('',#5166,#5194,#5828,.T.);
#4169=EDGE_CURVE('',#5194,#5195,#940,.T.);
#4170=EDGE_CURVE('',#5193,#5195,#5829,.T.);
#4171=EDGE_CURVE('',#5196,#5193,#5830,.T.);
#4172=EDGE_CURVE('',#5197,#5196,#5831,.T.);
#4173=EDGE_CURVE('',#5168,#5197,#5832,.T.);
#4174=EDGE_CURVE('',#4798,#5167,#5833,.T.);
#4175=EDGE_CURVE('',#5195,#5198,#941,.T.);
#4176=EDGE_CURVE('',#5199,#5194,#672,.T.);
#4177=EDGE_CURVE('',#5200,#5199,#673,.T.);
#4178=EDGE_CURVE('',#5198,#5200,#942,.T.);
#4179=EDGE_CURVE('',#5197,#5201,#5834,.T.);
#4180=EDGE_CURVE('',#5196,#5202,#5835,.T.);
#4181=EDGE_CURVE('',#5201,#5202,#943,.T.);
#4182=EDGE_CURVE('',#5203,#5197,#5836,.T.);
#4183=EDGE_CURVE('',#5169,#5203,#5837,.T.);
#4184=EDGE_CURVE('',#4797,#5170,#5838,.T.);
#4185=EDGE_CURVE('',#5203,#5204,#5839,.T.);
#4186=EDGE_CURVE('',#5204,#5205,#5840,.T.);
#4187=EDGE_CURVE('',#5205,#4922,#5841,.T.);
#4188=EDGE_CURVE('',#5206,#5207,#674,.T.);
#4189=EDGE_CURVE('',#5208,#5206,#5842,.T.);
#4190=EDGE_CURVE('',#5209,#5208,#675,.T.);
#4191=EDGE_CURVE('',#5210,#5209,#5843,.T.);
#4192=EDGE_CURVE('',#5211,#5210,#676,.T.);
#4193=EDGE_CURVE('',#5212,#5211,#5844,.T.);
#4194=EDGE_CURVE('',#5213,#5212,#677,.T.);
#4195=EDGE_CURVE('',#5207,#5213,#5845,.T.);
#4196=EDGE_CURVE('',#5214,#5215,#5846,.T.);
#4197=EDGE_CURVE('',#5216,#5214,#5847,.T.);
#4198=EDGE_CURVE('',#5217,#5216,#5848,.T.);
#4199=EDGE_CURVE('',#5218,#5217,#678,.T.);
#4200=EDGE_CURVE('',#5219,#5218,#5849,.T.);
#4201=EDGE_CURVE('',#5220,#5219,#5850,.T.);
#4202=EDGE_CURVE('',#5215,#5220,#5851,.T.);
#4203=EDGE_CURVE('',#5221,#5222,#5852,.T.);
#4204=EDGE_CURVE('',#5223,#5221,#5853,.T.);
#4205=EDGE_CURVE('',#5224,#5223,#5854,.T.);
#4206=EDGE_CURVE('',#5225,#5224,#679,.T.);
#4207=EDGE_CURVE('',#5226,#5225,#680,.T.);
#4208=EDGE_CURVE('',#5227,#5226,#5855,.T.);
#4209=EDGE_CURVE('',#5228,#5227,#5856,.T.);
#4210=EDGE_CURVE('',#5222,#5228,#5857,.T.);
#4211=EDGE_CURVE('',#5229,#5230,#5858,.T.);
#4212=EDGE_CURVE('',#5231,#5229,#5859,.T.);
#4213=EDGE_CURVE('',#5232,#5231,#5860,.T.);
#4214=EDGE_CURVE('',#5233,#5232,#681,.T.);
#4215=EDGE_CURVE('',#5234,#5233,#682,.T.);
#4216=EDGE_CURVE('',#5235,#5234,#5861,.T.);
#4217=EDGE_CURVE('',#5236,#5235,#5862,.T.);
#4218=EDGE_CURVE('',#5230,#5236,#5863,.T.);
#4219=EDGE_CURVE('',#5237,#5238,#5864,.T.);
#4220=EDGE_CURVE('',#5239,#5237,#5865,.T.);
#4221=EDGE_CURVE('',#5240,#5239,#5866,.T.);
#4222=EDGE_CURVE('',#5241,#5240,#683,.T.);
#4223=EDGE_CURVE('',#5242,#5241,#684,.T.);
#4224=EDGE_CURVE('',#5243,#5242,#5867,.T.);
#4225=EDGE_CURVE('',#5244,#5243,#5868,.T.);
#4226=EDGE_CURVE('',#5245,#5244,#5869,.T.);
#4227=EDGE_CURVE('',#5238,#5245,#5870,.T.);
#4228=EDGE_CURVE('',#5246,#5247,#5871,.T.);
#4229=EDGE_CURVE('',#5248,#5246,#5872,.T.);
#4230=EDGE_CURVE('',#5249,#5248,#5873,.T.);
#4231=EDGE_CURVE('',#5250,#5249,#5874,.T.);
#4232=EDGE_CURVE('',#5251,#5250,#5875,.T.);
#4233=EDGE_CURVE('',#5252,#5251,#5876,.T.);
#4234=EDGE_CURVE('',#5253,#5252,#5877,.T.);
#4235=EDGE_CURVE('',#5247,#5253,#5878,.T.);
#4236=EDGE_CURVE('',#5254,#5255,#5879,.T.);
#4237=EDGE_CURVE('',#5256,#5254,#5880,.T.);
#4238=EDGE_CURVE('',#5257,#5256,#5881,.T.);
#4239=EDGE_CURVE('',#5258,#5257,#685,.T.);
#4240=EDGE_CURVE('',#5259,#5258,#5882,.T.);
#4241=EDGE_CURVE('',#5260,#5259,#5883,.T.);
#4242=EDGE_CURVE('',#5261,#5260,#5884,.T.);
#4243=EDGE_CURVE('',#5261,#5262,#944,.T.);
#4244=EDGE_CURVE('',#5263,#5262,#5885,.T.);
#4245=EDGE_CURVE('',#5264,#5263,#5886,.T.);
#4246=EDGE_CURVE('',#5265,#5264,#5887,.T.);
#4247=EDGE_CURVE('',#5255,#5265,#5888,.T.);
#4248=EDGE_CURVE('',#5266,#5267,#5889,.T.);
#4249=EDGE_CURVE('',#5268,#5266,#5890,.T.);
#4250=EDGE_CURVE('',#5269,#5268,#5891,.T.);
#4251=EDGE_CURVE('',#5270,#5269,#686,.T.);
#4252=EDGE_CURVE('',#5271,#5270,#687,.T.);
#4253=EDGE_CURVE('',#5272,#5271,#5892,.T.);
#4254=EDGE_CURVE('',#5273,#5272,#5893,.T.);
#4255=EDGE_CURVE('',#5274,#5273,#5894,.T.);
#4256=EDGE_CURVE('',#5275,#5274,#5895,.T.);
#4257=EDGE_CURVE('',#5276,#5275,#688,.T.);
#4258=EDGE_CURVE('',#5277,#5276,#689,.T.);
#4259=EDGE_CURVE('',#5267,#5277,#5896,.T.);
#4260=EDGE_CURVE('',#5172,#5046,#5897,.T.);
#4261=EDGE_CURVE('',#5205,#5171,#5898,.T.);
#4262=EDGE_CURVE('',#5204,#5048,#5899,.T.);
#4263=EDGE_CURVE('',#5278,#5175,#945,.T.);
#4264=EDGE_CURVE('',#5278,#5040,#5900,.T.);
#4265=EDGE_CURVE('',#5279,#5278,#946,.T.);
#4266=EDGE_CURVE('',#5176,#5279,#947,.T.);
#4267=EDGE_CURVE('',#5279,#5280,#5901,.T.);
#4268=EDGE_CURVE('',#5280,#5181,#690,.T.);
#4269=EDGE_CURVE('',#5281,#5280,#948,.T.);
#4270=EDGE_CURVE('',#5182,#5281,#691,.T.);
#4271=EDGE_CURVE('',#5282,#5184,#692,.T.);
#4272=EDGE_CURVE('',#4992,#5282,#949,.T.);
#4273=EDGE_CURVE('',#5192,#5283,#693,.T.);
#4274=EDGE_CURVE('',#5283,#5043,#950,.T.);
#4275=EDGE_CURVE('',#5198,#5284,#694,.T.);
#4276=EDGE_CURVE('',#5285,#5200,#695,.T.);
#4277=EDGE_CURVE('',#5284,#5285,#951,.T.);
#4278=EDGE_CURVE('',#5286,#5284,#5902,.T.);
#4279=EDGE_CURVE('',#5286,#5202,#952,.T.);
#4280=EDGE_CURVE('',#5201,#5287,#953,.T.);
#4281=EDGE_CURVE('',#5287,#5286,#954,.T.);
#4282=EDGE_CURVE('',#5287,#5039,#5903,.T.);
#4283=EDGE_CURVE('',#5288,#5282,#5904,.T.);
#4284=EDGE_CURVE('',#5288,#5289,#955,.T.);
#4285=EDGE_CURVE('',#5289,#5281,#5905,.T.);
#4286=EDGE_CURVE('',#5290,#5285,#5906,.T.);
#4287=EDGE_CURVE('',#5290,#5291,#956,.T.);
#4288=EDGE_CURVE('',#5291,#5283,#5907,.T.);
#4289=EDGE_CURVE('',#5042,#5189,#5908,.T.);
#4290=EDGE_CURVE('',#5187,#5188,#957,.T.);
#4291=EDGE_CURVE('',#5011,#5108,#5909,.T.);
#4292=EDGE_CURVE('',#5010,#5107,#5910,.T.);
#4293=EDGE_CURVE('',#5012,#5136,#5911,.T.);
#4294=EDGE_CURVE('',#5013,#5135,#5912,.T.);
#4295=EDGE_CURVE('',#5014,#5134,#5913,.T.);
#4296=EDGE_CURVE('',#5015,#5133,#5914,.T.);
#4297=EDGE_CURVE('',#5016,#5132,#5915,.T.);
#4298=EDGE_CURVE('',#5017,#5131,#5916,.T.);
#4299=EDGE_CURVE('',#5018,#5130,#5917,.T.);
#4300=EDGE_CURVE('',#5019,#5129,#5918,.T.);
#4301=EDGE_CURVE('',#5020,#5128,#5919,.T.);
#4302=EDGE_CURVE('',#5021,#5127,#5920,.T.);
#4303=EDGE_CURVE('',#5022,#5126,#5921,.T.);
#4304=EDGE_CURVE('',#5023,#5125,#5922,.T.);
#4305=EDGE_CURVE('',#5024,#5124,#5923,.T.);
#4306=EDGE_CURVE('',#5025,#5123,#5924,.T.);
#4307=EDGE_CURVE('',#5026,#5122,#5925,.T.);
#4308=EDGE_CURVE('',#5027,#5121,#5926,.T.);
#4309=EDGE_CURVE('',#5028,#5120,#5927,.T.);
#4310=EDGE_CURVE('',#5029,#5119,#5928,.T.);
#4311=EDGE_CURVE('',#5030,#5118,#5929,.T.);
#4312=EDGE_CURVE('',#5031,#5117,#5930,.T.);
#4313=EDGE_CURVE('',#5032,#5116,#5931,.T.);
#4314=EDGE_CURVE('',#5033,#5115,#5932,.T.);
#4315=EDGE_CURVE('',#5034,#5114,#5933,.T.);
#4316=EDGE_CURVE('',#5035,#5113,#5934,.T.);
#4317=EDGE_CURVE('',#5036,#5112,#5935,.T.);
#4318=EDGE_CURVE('',#5008,#5111,#5936,.T.);
#4319=EDGE_CURVE('',#5007,#5110,#5937,.T.);
#4320=EDGE_CURVE('',#5009,#5109,#5938,.T.);
#4321=EDGE_CURVE('',#5292,#5293,#958,.T.);
#4322=EDGE_CURVE('',#5294,#5293,#5939,.T.);
#4323=EDGE_CURVE('',#5294,#5295,#959,.T.);
#4324=EDGE_CURVE('',#5295,#5292,#5940,.T.);
#4325=EDGE_CURVE('',#5293,#5296,#5941,.T.);
#4326=EDGE_CURVE('',#5297,#5296,#5942,.T.);
#4327=EDGE_CURVE('',#5297,#5294,#5943,.T.);
#4328=EDGE_CURVE('',#5296,#5292,#103,.T.);
#4329=EDGE_CURVE('',#5295,#5297,#104,.T.);
#4330=EDGE_CURVE('',#5298,#5299,#5944,.T.);
#4331=EDGE_CURVE('',#5300,#5299,#5945,.T.);
#4332=EDGE_CURVE('',#5300,#5301,#5946,.T.);
#4333=EDGE_CURVE('',#5301,#5298,#5947,.T.);
#4334=EDGE_CURVE('',#5299,#5302,#105,.T.);
#4335=EDGE_CURVE('',#5303,#5302,#5948,.T.);
#4336=EDGE_CURVE('',#5303,#5300,#106,.T.);
#4337=EDGE_CURVE('',#5302,#5298,#960,.T.);
#4338=EDGE_CURVE('',#5301,#5303,#961,.T.);
#4339=EDGE_CURVE('',#5304,#5267,#5949,.T.);
#4340=EDGE_CURVE('',#5305,#5304,#5950,.T.);
#4341=EDGE_CURVE('',#5305,#5266,#5951,.T.);
#4342=EDGE_CURVE('',#5306,#5305,#5952,.T.);
#4343=EDGE_CURVE('',#5306,#5268,#5953,.T.);
#4344=EDGE_CURVE('',#5307,#5306,#5954,.T.);
#4345=EDGE_CURVE('',#5307,#5269,#5955,.T.);
#4346=EDGE_CURVE('',#5308,#5307,#696,.T.);
#4347=EDGE_CURVE('',#5308,#5270,#5956,.T.);
#4348=EDGE_CURVE('',#5309,#5308,#697,.T.);
#4349=EDGE_CURVE('',#5309,#5271,#5957,.T.);
#4350=EDGE_CURVE('',#5310,#5309,#5958,.T.);
#4351=EDGE_CURVE('',#5310,#5272,#5959,.T.);
#4352=EDGE_CURVE('',#5311,#5310,#5960,.T.);
#4353=EDGE_CURVE('',#5311,#5273,#5961,.T.);
#4354=EDGE_CURVE('',#5312,#5311,#5962,.T.);
#4355=EDGE_CURVE('',#5312,#5274,#5963,.T.);
#4356=EDGE_CURVE('',#5313,#5312,#5964,.T.);
#4357=EDGE_CURVE('',#5313,#5275,#5965,.T.);
#4358=EDGE_CURVE('',#5314,#5313,#698,.T.);
#4359=EDGE_CURVE('',#5314,#5276,#5966,.T.);
#4360=EDGE_CURVE('',#5315,#5314,#699,.T.);
#4361=EDGE_CURVE('',#5315,#5277,#5967,.T.);
#4362=EDGE_CURVE('',#5304,#5315,#5968,.T.);
#4363=EDGE_CURVE('',#5316,#5255,#5969,.T.);
#4364=EDGE_CURVE('',#5317,#5316,#5970,.T.);
#4365=EDGE_CURVE('',#5317,#5254,#5971,.T.);
#4366=EDGE_CURVE('',#5318,#5317,#5972,.T.);
#4367=EDGE_CURVE('',#5318,#5256,#5973,.T.);
#4368=EDGE_CURVE('',#5319,#5318,#5974,.T.);
#4369=EDGE_CURVE('',#5319,#5257,#5975,.T.);
#4370=EDGE_CURVE('',#5320,#5319,#700,.T.);
#4371=EDGE_CURVE('',#5320,#5258,#5976,.T.);
#4372=EDGE_CURVE('',#5321,#5320,#5977,.T.);
#4373=EDGE_CURVE('',#5321,#5259,#5978,.T.);
#4374=EDGE_CURVE('',#5322,#5321,#5979,.T.);
#4375=EDGE_CURVE('',#5322,#5260,#5980,.T.);
#4376=EDGE_CURVE('',#5323,#5322,#5981,.T.);
#4377=EDGE_CURVE('',#5323,#5261,#701,.T.);
#4378=EDGE_CURVE('',#5324,#5323,#962,.T.);
#4379=EDGE_CURVE('',#5262,#5324,#702,.T.);
#4380=EDGE_CURVE('',#5325,#5324,#5982,.T.);
#4381=EDGE_CURVE('',#5325,#5263,#5983,.T.);
#4382=EDGE_CURVE('',#5326,#5325,#5984,.T.);
#4383=EDGE_CURVE('',#5326,#5264,#5985,.T.);
#4384=EDGE_CURVE('',#5327,#5326,#5986,.T.);
#4385=EDGE_CURVE('',#5327,#5265,#5987,.T.);
#4386=EDGE_CURVE('',#5316,#5327,#5988,.T.);
#4387=EDGE_CURVE('',#5328,#5247,#5989,.T.);
#4388=EDGE_CURVE('',#5329,#5328,#5990,.T.);
#4389=EDGE_CURVE('',#5329,#5246,#5991,.T.);
#4390=EDGE_CURVE('',#5330,#5329,#5992,.T.);
#4391=EDGE_CURVE('',#5330,#5248,#5993,.T.);
#4392=EDGE_CURVE('',#5331,#5330,#5994,.T.);
#4393=EDGE_CURVE('',#5331,#5249,#5995,.T.);
#4394=EDGE_CURVE('',#5332,#5331,#5996,.T.);
#4395=EDGE_CURVE('',#5332,#5250,#5997,.T.);
#4396=EDGE_CURVE('',#5333,#5332,#5998,.T.);
#4397=EDGE_CURVE('',#5333,#5251,#5999,.T.);
#4398=EDGE_CURVE('',#5334,#5333,#6000,.T.);
#4399=EDGE_CURVE('',#5334,#5252,#6001,.T.);
#4400=EDGE_CURVE('',#5335,#5334,#6002,.T.);
#4401=EDGE_CURVE('',#5335,#5253,#6003,.T.);
#4402=EDGE_CURVE('',#5328,#5335,#6004,.T.);
#4403=EDGE_CURVE('',#5336,#5238,#6005,.T.);
#4404=EDGE_CURVE('',#5337,#5336,#6006,.T.);
#4405=EDGE_CURVE('',#5337,#5237,#6007,.T.);
#4406=EDGE_CURVE('',#5338,#5337,#6008,.T.);
#4407=EDGE_CURVE('',#5338,#5239,#6009,.T.);
#4408=EDGE_CURVE('',#5339,#5338,#6010,.T.);
#4409=EDGE_CURVE('',#5339,#5240,#6011,.T.);
#4410=EDGE_CURVE('',#5340,#5339,#703,.T.);
#4411=EDGE_CURVE('',#5340,#5241,#6012,.T.);
#4412=EDGE_CURVE('',#5341,#5340,#704,.T.);
#4413=EDGE_CURVE('',#5341,#5242,#6013,.T.);
#4414=EDGE_CURVE('',#5342,#5341,#6014,.T.);
#4415=EDGE_CURVE('',#5342,#5243,#6015,.T.);
#4416=EDGE_CURVE('',#5343,#5342,#6016,.T.);
#4417=EDGE_CURVE('',#5343,#5244,#6017,.T.);
#4418=EDGE_CURVE('',#5344,#5343,#6018,.T.);
#4419=EDGE_CURVE('',#5344,#5245,#6019,.T.);
#4420=EDGE_CURVE('',#5336,#5344,#6020,.T.);
#4421=EDGE_CURVE('',#5345,#5346,#6021,.T.);
#4422=EDGE_CURVE('',#5347,#5345,#6022,.T.);
#4423=EDGE_CURVE('',#5346,#5347,#6023,.T.);
#4424=EDGE_CURVE('',#5348,#5349,#6024,.T.);
#4425=EDGE_CURVE('',#5345,#5348,#6025,.T.);
#4426=EDGE_CURVE('',#5346,#5349,#6026,.T.);
#4427=EDGE_CURVE('',#5350,#5348,#6027,.T.);
#4428=EDGE_CURVE('',#5347,#5350,#6028,.T.);
#4429=EDGE_CURVE('',#5349,#5350,#6029,.T.);
#4430=EDGE_CURVE('',#5351,#5230,#6030,.T.);
#4431=EDGE_CURVE('',#5352,#5351,#6031,.T.);
#4432=EDGE_CURVE('',#5352,#5229,#6032,.T.);
#4433=EDGE_CURVE('',#5353,#5352,#6033,.T.);
#4434=EDGE_CURVE('',#5353,#5231,#6034,.T.);
#4435=EDGE_CURVE('',#5354,#5353,#6035,.T.);
#4436=EDGE_CURVE('',#5354,#5232,#6036,.T.);
#4437=EDGE_CURVE('',#5355,#5354,#705,.T.);
#4438=EDGE_CURVE('',#5355,#5233,#6037,.T.);
#4439=EDGE_CURVE('',#5356,#5355,#706,.T.);
#4440=EDGE_CURVE('',#5356,#5234,#6038,.T.);
#4441=EDGE_CURVE('',#5357,#5356,#6039,.T.);
#4442=EDGE_CURVE('',#5357,#5235,#6040,.T.);
#4443=EDGE_CURVE('',#5358,#5357,#6041,.T.);
#4444=EDGE_CURVE('',#5358,#5236,#6042,.T.);
#4445=EDGE_CURVE('',#5351,#5358,#6043,.T.);
#4446=EDGE_CURVE('',#5359,#5222,#6044,.T.);
#4447=EDGE_CURVE('',#5360,#5359,#6045,.T.);
#4448=EDGE_CURVE('',#5360,#5221,#6046,.T.);
#4449=EDGE_CURVE('',#5361,#5360,#6047,.T.);
#4450=EDGE_CURVE('',#5361,#5223,#6048,.T.);
#4451=EDGE_CURVE('',#5362,#5361,#6049,.T.);
#4452=EDGE_CURVE('',#5362,#5224,#6050,.T.);
#4453=EDGE_CURVE('',#5363,#5362,#707,.T.);
#4454=EDGE_CURVE('',#5363,#5225,#6051,.T.);
#4455=EDGE_CURVE('',#5364,#5363,#708,.T.);
#4456=EDGE_CURVE('',#5364,#5226,#6052,.T.);
#4457=EDGE_CURVE('',#5365,#5364,#6053,.T.);
#4458=EDGE_CURVE('',#5365,#5227,#6054,.T.);
#4459=EDGE_CURVE('',#5366,#5365,#6055,.T.);
#4460=EDGE_CURVE('',#5366,#5228,#6056,.T.);
#4461=EDGE_CURVE('',#5359,#5366,#6057,.T.);
#4462=EDGE_CURVE('',#5367,#5215,#6058,.T.);
#4463=EDGE_CURVE('',#5368,#5367,#6059,.T.);
#4464=EDGE_CURVE('',#5368,#5214,#6060,.T.);
#4465=EDGE_CURVE('',#5369,#5368,#6061,.T.);
#4466=EDGE_CURVE('',#5369,#5216,#6062,.T.);
#4467=EDGE_CURVE('',#5370,#5369,#6063,.T.);
#4468=EDGE_CURVE('',#5370,#5217,#6064,.T.);
#4469=EDGE_CURVE('',#5371,#5370,#709,.T.);
#4470=EDGE_CURVE('',#5371,#5218,#6065,.T.);
#4471=EDGE_CURVE('',#5372,#5371,#6066,.T.);
#4472=EDGE_CURVE('',#5372,#5219,#6067,.T.);
#4473=EDGE_CURVE('',#5373,#5372,#6068,.T.);
#4474=EDGE_CURVE('',#5373,#5220,#6069,.T.);
#4475=EDGE_CURVE('',#5367,#5373,#6070,.T.);
#4476=EDGE_CURVE('',#5374,#5207,#6071,.T.);
#4477=EDGE_CURVE('',#5375,#5374,#710,.T.);
#4478=EDGE_CURVE('',#5375,#5206,#6072,.T.);
#4479=EDGE_CURVE('',#5376,#5375,#6073,.T.);
#4480=EDGE_CURVE('',#5376,#5208,#6074,.T.);
#4481=EDGE_CURVE('',#5377,#5376,#711,.T.);
#4482=EDGE_CURVE('',#5377,#5209,#6075,.T.);
#4483=EDGE_CURVE('',#5378,#5377,#6076,.T.);
#4484=EDGE_CURVE('',#5378,#5210,#6077,.T.);
#4485=EDGE_CURVE('',#5379,#5378,#712,.T.);
#4486=EDGE_CURVE('',#5379,#5211,#6078,.T.);
#4487=EDGE_CURVE('',#5380,#5379,#6079,.T.);
#4488=EDGE_CURVE('',#5380,#5212,#6080,.T.);
#4489=EDGE_CURVE('',#5381,#5380,#713,.T.);
#4490=EDGE_CURVE('',#5381,#5213,#6081,.T.);
#4491=EDGE_CURVE('',#5374,#5381,#6082,.T.);
#4492=EDGE_CURVE('',#5382,#5383,#6083,.T.);
#4493=EDGE_CURVE('',#5384,#5382,#6084,.T.);
#4494=EDGE_CURVE('',#5385,#5384,#6085,.T.);
#4495=EDGE_CURVE('',#5383,#5385,#6086,.T.);
#4496=EDGE_CURVE('',#5386,#5387,#6087,.T.);
#4497=EDGE_CURVE('',#5382,#5386,#6088,.T.);
#4498=EDGE_CURVE('',#5383,#5387,#6089,.T.);
#4499=EDGE_CURVE('',#5388,#5386,#6090,.T.);
#4500=EDGE_CURVE('',#5384,#5388,#6091,.T.);
#4501=EDGE_CURVE('',#5389,#5388,#6092,.T.);
#4502=EDGE_CURVE('',#5385,#5389,#6093,.T.);
#4503=EDGE_CURVE('',#5387,#5389,#6094,.T.);
#4504=EDGE_CURVE('',#5390,#5069,#6095,.T.);
#4505=EDGE_CURVE('',#5390,#5391,#6096,.T.);
#4506=EDGE_CURVE('',#5391,#5070,#6097,.T.);
#4507=EDGE_CURVE('',#5391,#5392,#6098,.T.);
#4508=EDGE_CURVE('',#5392,#5071,#6099,.T.);
#4509=EDGE_CURVE('',#5392,#5393,#6100,.T.);
#4510=EDGE_CURVE('',#5393,#5072,#6101,.T.);
#4511=EDGE_CURVE('',#5393,#5394,#6102,.T.);
#4512=EDGE_CURVE('',#5394,#5073,#6103,.T.);
#4513=EDGE_CURVE('',#5394,#5395,#6104,.T.);
#4514=EDGE_CURVE('',#5395,#5074,#6105,.T.);
#4515=EDGE_CURVE('',#5395,#5390,#6106,.T.);
#4516=EDGE_CURVE('',#5396,#5075,#6107,.T.);
#4517=EDGE_CURVE('',#5396,#5397,#6108,.T.);
#4518=EDGE_CURVE('',#5397,#5076,#6109,.T.);
#4519=EDGE_CURVE('',#5397,#5398,#6110,.T.);
#4520=EDGE_CURVE('',#5398,#5077,#6111,.T.);
#4521=EDGE_CURVE('',#5398,#5399,#6112,.T.);
#4522=EDGE_CURVE('',#5399,#5078,#6113,.T.);
#4523=EDGE_CURVE('',#5399,#5400,#6114,.T.);
#4524=EDGE_CURVE('',#5400,#5079,#6115,.T.);
#4525=EDGE_CURVE('',#5400,#5401,#6116,.T.);
#4526=EDGE_CURVE('',#5401,#5080,#6117,.T.);
#4527=EDGE_CURVE('',#5401,#5402,#6118,.T.);
#4528=EDGE_CURVE('',#5402,#5081,#6119,.T.);
#4529=EDGE_CURVE('',#5402,#5403,#6120,.T.);
#4530=EDGE_CURVE('',#5403,#5082,#6121,.T.);
#4531=EDGE_CURVE('',#5403,#5404,#6122,.T.);
#4532=EDGE_CURVE('',#5404,#5083,#6123,.T.);
#4533=EDGE_CURVE('',#5404,#5405,#6124,.T.);
#4534=EDGE_CURVE('',#5405,#5084,#6125,.T.);
#4535=EDGE_CURVE('',#5405,#5406,#6126,.T.);
#4536=EDGE_CURVE('',#5406,#5085,#6127,.T.);
#4537=EDGE_CURVE('',#5406,#5407,#6128,.T.);
#4538=EDGE_CURVE('',#5407,#5086,#6129,.T.);
#4539=EDGE_CURVE('',#5407,#5396,#6130,.T.);
#4540=EDGE_CURVE('',#5408,#5409,#6131,.T.);
#4541=EDGE_CURVE('',#5410,#5408,#6132,.T.);
#4542=EDGE_CURVE('',#5410,#5411,#6133,.T.);
#4543=EDGE_CURVE('',#5411,#5409,#6134,.T.);
#4544=EDGE_CURVE('',#5409,#5412,#6135,.T.);
#4545=EDGE_CURVE('',#5411,#5413,#6136,.T.);
#4546=EDGE_CURVE('',#5413,#5412,#6137,.T.);
#4547=EDGE_CURVE('',#5412,#5414,#6138,.T.);
#4548=EDGE_CURVE('',#5413,#5415,#6139,.T.);
#4549=EDGE_CURVE('',#5415,#5414,#6140,.T.);
#4550=EDGE_CURVE('',#5414,#5416,#6141,.T.);
#4551=EDGE_CURVE('',#5415,#5417,#6142,.T.);
#4552=EDGE_CURVE('',#5417,#5416,#6143,.T.);
#4553=EDGE_CURVE('',#5416,#5418,#6144,.T.);
#4554=EDGE_CURVE('',#5417,#5419,#6145,.T.);
#4555=EDGE_CURVE('',#5419,#5418,#6146,.T.);
#4556=EDGE_CURVE('',#5418,#5420,#6147,.T.);
#4557=EDGE_CURVE('',#5419,#5421,#6148,.T.);
#4558=EDGE_CURVE('',#5421,#5420,#6149,.T.);
#4559=EDGE_CURVE('',#5420,#5422,#6150,.T.);
#4560=EDGE_CURVE('',#5421,#5423,#6151,.T.);
#4561=EDGE_CURVE('',#5423,#5422,#6152,.T.);
#4562=EDGE_CURVE('',#5422,#5424,#6153,.T.);
#4563=EDGE_CURVE('',#5423,#5425,#6154,.T.);
#4564=EDGE_CURVE('',#5425,#5424,#6155,.T.);
#4565=EDGE_CURVE('',#5424,#5426,#6156,.T.);
#4566=EDGE_CURVE('',#5425,#5427,#6157,.T.);
#4567=EDGE_CURVE('',#5427,#5426,#6158,.T.);
#4568=EDGE_CURVE('',#5426,#5428,#6159,.T.);
#4569=EDGE_CURVE('',#5427,#5429,#6160,.T.);
#4570=EDGE_CURVE('',#5429,#5428,#6161,.T.);
#4571=EDGE_CURVE('',#5428,#5430,#6162,.T.);
#4572=EDGE_CURVE('',#5429,#5431,#6163,.T.);
#4573=EDGE_CURVE('',#5431,#5430,#6164,.T.);
#4574=EDGE_CURVE('',#5430,#5408,#6165,.T.);
#4575=EDGE_CURVE('',#5431,#5410,#6166,.T.);
#4576=EDGE_CURVE('',#5432,#5433,#6167,.T.);
#4577=EDGE_CURVE('',#5434,#5432,#6168,.T.);
#4578=EDGE_CURVE('',#5434,#5435,#6169,.T.);
#4579=EDGE_CURVE('',#5435,#5433,#6170,.T.);
#4580=EDGE_CURVE('',#5433,#5436,#6171,.T.);
#4581=EDGE_CURVE('',#5435,#5437,#6172,.T.);
#4582=EDGE_CURVE('',#5437,#5436,#6173,.T.);
#4583=EDGE_CURVE('',#5436,#5438,#6174,.T.);
#4584=EDGE_CURVE('',#5437,#5439,#6175,.T.);
#4585=EDGE_CURVE('',#5439,#5438,#6176,.T.);
#4586=EDGE_CURVE('',#5438,#5432,#6177,.T.);
#4587=EDGE_CURVE('',#5439,#5434,#6178,.T.);
#4588=EDGE_CURVE('',#5440,#5440,#963,.T.);
#4589=EDGE_CURVE('',#5441,#5441,#964,.T.);
#4590=EDGE_CURVE('',#5442,#5442,#965,.T.);
#4591=EDGE_CURVE('',#5443,#5443,#966,.T.);
#4592=EDGE_CURVE('',#5444,#5444,#967,.T.);
#4593=EDGE_CURVE('',#4987,#5185,#6179,.T.);
#4594=EDGE_CURVE('',#5445,#5445,#968,.T.);
#4595=EDGE_CURVE('',#5446,#5446,#969,.T.);
#4596=EDGE_CURVE('',#5447,#5447,#970,.T.);
#4597=EDGE_CURVE('',#5289,#4801,#714,.T.);
#4598=EDGE_CURVE('',#4802,#5288,#715,.T.);
#4599=EDGE_CURVE('',#4988,#5191,#6180,.T.);
#4600=EDGE_CURVE('',#5291,#4808,#716,.T.);
#4601=EDGE_CURVE('',#4806,#5290,#717,.T.);
#4602=EDGE_CURVE('',#5448,#5449,#107,.T.);
#4603=EDGE_CURVE('',#5450,#5448,#6181,.T.);
#4604=EDGE_CURVE('',#5451,#5450,#971,.T.);
#4605=EDGE_CURVE('',#5452,#5451,#6182,.T.);
#4606=EDGE_CURVE('',#5453,#5452,#108,.T.);
#4607=EDGE_CURVE('',#5454,#5453,#6183,.T.);
#4608=EDGE_CURVE('',#5454,#5455,#6184,.T.);
#4609=EDGE_CURVE('',#5455,#5456,#6185,.T.);
#4610=EDGE_CURVE('',#5457,#5456,#6186,.T.);
#4611=EDGE_CURVE('',#5449,#5457,#6187,.T.);
#4612=EDGE_CURVE('',#5458,#5449,#6188,.T.);
#4613=EDGE_CURVE('',#5459,#5457,#6189,.T.);
#4614=EDGE_CURVE('',#5459,#5460,#6190,.T.);
#4615=EDGE_CURVE('',#5460,#5454,#6191,.T.);
#4616=EDGE_CURVE('',#5453,#5461,#6192,.T.);
#4617=EDGE_CURVE('',#5461,#5458,#6193,.T.);
#4618=EDGE_CURVE('',#5462,#5456,#6194,.T.);
#4619=EDGE_CURVE('',#5463,#5462,#6195,.T.);
#4620=EDGE_CURVE('',#5459,#5463,#6196,.T.);
#4621=EDGE_CURVE('',#5464,#5463,#6197,.T.);
#4622=EDGE_CURVE('',#5464,#5460,#6198,.T.);
#4623=EDGE_CURVE('',#5465,#5455,#6199,.T.);
#4624=EDGE_CURVE('',#5464,#5465,#6200,.T.);
#4625=EDGE_CURVE('',#5465,#5462,#6201,.T.);
#4626=EDGE_CURVE('',#5466,#5452,#6202,.T.);
#4627=EDGE_CURVE('',#5461,#5466,#109,.T.);
#4628=EDGE_CURVE('',#5448,#5467,#6203,.T.);
#4629=EDGE_CURVE('',#5467,#5458,#110,.T.);
#4630=EDGE_CURVE('',#5468,#5466,#6204,.T.);
#4631=EDGE_CURVE('',#5468,#5469,#972,.T.);
#4632=EDGE_CURVE('',#5469,#5467,#6205,.T.);
#4633=EDGE_CURVE('',#5450,#5470,#6206,.T.);
#4634=EDGE_CURVE('',#5469,#5470,#973,.T.);
#4635=EDGE_CURVE('',#5451,#5468,#974,.T.);
#4636=EDGE_CURVE('',#5471,#5472,#6207,.T.);
#4637=EDGE_CURVE('',#5471,#5473,#6208,.T.);
#4638=EDGE_CURVE('',#5473,#5474,#6209,.T.);
#4639=EDGE_CURVE('',#5472,#5474,#6210,.T.);
#4640=EDGE_CURVE('',#5475,#5471,#6211,.T.);
#4641=EDGE_CURVE('',#5475,#5476,#975,.T.);
#4642=EDGE_CURVE('',#5476,#5473,#6212,.T.);
#4643=EDGE_CURVE('',#5472,#5477,#6213,.T.);
#4644=EDGE_CURVE('',#5478,#5474,#6214,.T.);
#4645=EDGE_CURVE('',#5477,#5478,#976,.T.);
#4646=EDGE_CURVE('',#5477,#5475,#977,.T.);
#4647=EDGE_CURVE('',#5476,#5478,#978,.T.);
#4648=VERTEX_POINT('',#12134);
#4649=VERTEX_POINT('',#12135);
#4650=VERTEX_POINT('',#12137);
#4651=VERTEX_POINT('',#12139);
#4652=VERTEX_POINT('',#12146);
#4653=VERTEX_POINT('',#12148);
#4654=VERTEX_POINT('',#12158);
#4655=VERTEX_POINT('',#12159);
#4656=VERTEX_POINT('',#12161);
#4657=VERTEX_POINT('',#12166);
#4658=VERTEX_POINT('',#12173);
#4659=VERTEX_POINT('',#12175);
#4660=VERTEX_POINT('',#12182);
#4661=VERTEX_POINT('',#12183);
#4662=VERTEX_POINT('',#12185);
#4663=VERTEX_POINT('',#12190);
#4664=VERTEX_POINT('',#12194);
#4665=VERTEX_POINT('',#12195);
#4666=VERTEX_POINT('',#12203);
#4667=VERTEX_POINT('',#12204);
#4668=VERTEX_POINT('',#12206);
#4669=VERTEX_POINT('',#12208);
#4670=VERTEX_POINT('',#12215);
#4671=VERTEX_POINT('',#12217);
#4672=VERTEX_POINT('',#12224);
#4673=VERTEX_POINT('',#12225);
#4674=VERTEX_POINT('',#12227);
#4675=VERTEX_POINT('',#12229);
#4676=VERTEX_POINT('',#12236);
#4677=VERTEX_POINT('',#12238);
#4678=VERTEX_POINT('',#12249);
#4679=VERTEX_POINT('',#12251);
#4680=VERTEX_POINT('',#12263);
#4681=VERTEX_POINT('',#12265);
#4682=VERTEX_POINT('',#12285);
#4683=VERTEX_POINT('',#12287);
#4684=VERTEX_POINT('',#12299);
#4685=VERTEX_POINT('',#12301);
#4686=VERTEX_POINT('',#12321);
#4687=VERTEX_POINT('',#12323);
#4688=VERTEX_POINT('',#12335);
#4689=VERTEX_POINT('',#12337);
#4690=VERTEX_POINT('',#12357);
#4691=VERTEX_POINT('',#12359);
#4692=VERTEX_POINT('',#12371);
#4693=VERTEX_POINT('',#12373);
#4694=VERTEX_POINT('',#12393);
#4695=VERTEX_POINT('',#12395);
#4696=VERTEX_POINT('',#12407);
#4697=VERTEX_POINT('',#12409);
#4698=VERTEX_POINT('',#12425);
#4699=VERTEX_POINT('',#12426);
#4700=VERTEX_POINT('',#12432);
#4701=VERTEX_POINT('',#12437);
#4702=VERTEX_POINT('',#12476);
#4703=VERTEX_POINT('',#12478);
#4704=VERTEX_POINT('',#12509);
#4705=VERTEX_POINT('',#12511);
#4706=VERTEX_POINT('',#12526);
#4707=VERTEX_POINT('',#12532);
#4708=VERTEX_POINT('',#12534);
#4709=VERTEX_POINT('',#12545);
#4710=VERTEX_POINT('',#12547);
#4711=VERTEX_POINT('',#12558);
#4712=VERTEX_POINT('',#12560);
#4713=VERTEX_POINT('',#12571);
#4714=VERTEX_POINT('',#12573);
#4715=VERTEX_POINT('',#12600);
#4716=VERTEX_POINT('',#12601);
#4717=VERTEX_POINT('',#12607);
#4718=VERTEX_POINT('',#12612);
#4719=VERTEX_POINT('',#12638);
#4720=VERTEX_POINT('',#12646);
#4721=VERTEX_POINT('',#12725);
#4722=VERTEX_POINT('',#12726);
#4723=VERTEX_POINT('',#12731);
#4724=VERTEX_POINT('',#12739);
#4725=VERTEX_POINT('',#12749);
#4726=VERTEX_POINT('',#12750);
#4727=VERTEX_POINT('',#12814);
#4728=VERTEX_POINT('',#12815);
#4729=VERTEX_POINT('',#12821);
#4730=VERTEX_POINT('',#12826);
#4731=VERTEX_POINT('',#12852);
#4732=VERTEX_POINT('',#12860);
#4733=VERTEX_POINT('',#12921);
#4734=VERTEX_POINT('',#12922);
#4735=VERTEX_POINT('',#12928);
#4736=VERTEX_POINT('',#12933);
#4737=VERTEX_POINT('',#12959);
#4738=VERTEX_POINT('',#12967);
#4739=VERTEX_POINT('',#13028);
#4740=VERTEX_POINT('',#13031);
#4741=VERTEX_POINT('',#13036);
#4742=VERTEX_POINT('',#13037);
#4743=VERTEX_POINT('',#13039);
#4744=VERTEX_POINT('',#13041);
#4745=VERTEX_POINT('',#13045);
#4746=VERTEX_POINT('',#13047);
#4747=VERTEX_POINT('',#13051);
#4748=VERTEX_POINT('',#13053);
#4749=VERTEX_POINT('',#13057);
#4750=VERTEX_POINT('',#13059);
#4751=VERTEX_POINT('',#13062);
#4752=VERTEX_POINT('',#13064);
#4753=VERTEX_POINT('',#13067);
#4754=VERTEX_POINT('',#13069);
#4755=VERTEX_POINT('',#13075);
#4756=VERTEX_POINT('',#13077);
#4757=VERTEX_POINT('',#13083);
#4758=VERTEX_POINT('',#13086);
#4759=VERTEX_POINT('',#13089);
#4760=VERTEX_POINT('',#13090);
#4761=VERTEX_POINT('',#13092);
#4762=VERTEX_POINT('',#13094);
#4763=VERTEX_POINT('',#13096);
#4764=VERTEX_POINT('',#13098);
#4765=VERTEX_POINT('',#13101);
#4766=VERTEX_POINT('',#13103);
#4767=VERTEX_POINT('',#13105);
#4768=VERTEX_POINT('',#13107);
#4769=VERTEX_POINT('',#13109);
#4770=VERTEX_POINT('',#13111);
#4771=VERTEX_POINT('',#13113);
#4772=VERTEX_POINT('',#13115);
#4773=VERTEX_POINT('',#13117);
#4774=VERTEX_POINT('',#13119);
#4775=VERTEX_POINT('',#13121);
#4776=VERTEX_POINT('',#13124);
#4777=VERTEX_POINT('',#13128);
#4778=VERTEX_POINT('',#13132);
#4779=VERTEX_POINT('',#13136);
#4780=VERTEX_POINT('',#13140);
#4781=VERTEX_POINT('',#13144);
#4782=VERTEX_POINT('',#13148);
#4783=VERTEX_POINT('',#13152);
#4784=VERTEX_POINT('',#13156);
#4785=VERTEX_POINT('',#13160);
#4786=VERTEX_POINT('',#13164);
#4787=VERTEX_POINT('',#13167);
#4788=VERTEX_POINT('',#13170);
#4789=VERTEX_POINT('',#13173);
#4790=VERTEX_POINT('',#13174);
#4791=VERTEX_POINT('',#13176);
#4792=VERTEX_POINT('',#13178);
#4793=VERTEX_POINT('',#13182);
#4794=VERTEX_POINT('',#13183);
#4795=VERTEX_POINT('',#13185);
#4796=VERTEX_POINT('',#13187);
#4797=VERTEX_POINT('',#13191);
#4798=VERTEX_POINT('',#13192);
#4799=VERTEX_POINT('',#13194);
#4800=VERTEX_POINT('',#13196);
#4801=VERTEX_POINT('',#13200);
#4802=VERTEX_POINT('',#13201);
#4803=VERTEX_POINT('',#13203);
#4804=VERTEX_POINT('',#13205);
#4805=VERTEX_POINT('',#13209);
#4806=VERTEX_POINT('',#13210);
#4807=VERTEX_POINT('',#13212);
#4808=VERTEX_POINT('',#13214);
#4809=VERTEX_POINT('',#13218);
#4810=VERTEX_POINT('',#13219);
#4811=VERTEX_POINT('',#13221);
#4812=VERTEX_POINT('',#13226);
#4813=VERTEX_POINT('',#13228);
#4814=VERTEX_POINT('',#13235);
#4815=VERTEX_POINT('',#13237);
#4816=VERTEX_POINT('',#13242);
#4817=VERTEX_POINT('',#13244);
#4818=VERTEX_POINT('',#13246);
#4819=VERTEX_POINT('',#13248);
#4820=VERTEX_POINT('',#13252);
#4821=VERTEX_POINT('',#13257);
#4822=VERTEX_POINT('',#13261);
#4823=VERTEX_POINT('',#13268);
#4824=VERTEX_POINT('',#13269);
#4825=VERTEX_POINT('',#13271);
#4826=VERTEX_POINT('',#13273);
#4827=VERTEX_POINT('',#13275);
#4828=VERTEX_POINT('',#13277);
#4829=VERTEX_POINT('',#13279);
#4830=VERTEX_POINT('',#13281);
#4831=VERTEX_POINT('',#13285);
#4832=VERTEX_POINT('',#13286);
#4833=VERTEX_POINT('',#13288);
#4834=VERTEX_POINT('',#13290);
#4835=VERTEX_POINT('',#13292);
#4836=VERTEX_POINT('',#13296);
#4837=VERTEX_POINT('',#13301);
#4838=VERTEX_POINT('',#13305);
#4839=VERTEX_POINT('',#13306);
#4840=VERTEX_POINT('',#13308);
#4841=VERTEX_POINT('',#13310);
#4842=VERTEX_POINT('',#13312);
#4843=VERTEX_POINT('',#13314);
#4844=VERTEX_POINT('',#13316);
#4845=VERTEX_POINT('',#13318);
#4846=VERTEX_POINT('',#13320);
#4847=VERTEX_POINT('',#13322);
#4848=VERTEX_POINT('',#13324);
#4849=VERTEX_POINT('',#13326);
#4850=VERTEX_POINT('',#13328);
#4851=VERTEX_POINT('',#13330);
#4852=VERTEX_POINT('',#13332);
#4853=VERTEX_POINT('',#13334);
#4854=VERTEX_POINT('',#13336);
#4855=VERTEX_POINT('',#13338);
#4856=VERTEX_POINT('',#13340);
#4857=VERTEX_POINT('',#13342);
#4858=VERTEX_POINT('',#13344);
#4859=VERTEX_POINT('',#13346);
#4860=VERTEX_POINT('',#13348);
#4861=VERTEX_POINT('',#13350);
#4862=VERTEX_POINT('',#13352);
#4863=VERTEX_POINT('',#13354);
#4864=VERTEX_POINT('',#13356);
#4865=VERTEX_POINT('',#13358);
#4866=VERTEX_POINT('',#13362);
#4867=VERTEX_POINT('',#13363);
#4868=VERTEX_POINT('',#13365);
#4869=VERTEX_POINT('',#13367);
#4870=VERTEX_POINT('',#13371);
#4871=VERTEX_POINT('',#13375);
#4872=VERTEX_POINT('',#13376);
#4873=VERTEX_POINT('',#13378);
#4874=VERTEX_POINT('',#13380);
#4875=VERTEX_POINT('',#13382);
#4876=VERTEX_POINT('',#13384);
#4877=VERTEX_POINT('',#13388);
#4878=VERTEX_POINT('',#13390);
#4879=VERTEX_POINT('',#13393);
#4880=VERTEX_POINT('',#13395);
#4881=VERTEX_POINT('',#13397);
#4882=VERTEX_POINT('',#13399);
#4883=VERTEX_POINT('',#13404);
#4884=VERTEX_POINT('',#13405);
#4885=VERTEX_POINT('',#13407);
#4886=VERTEX_POINT('',#13409);
#4887=VERTEX_POINT('',#13416);
#4888=VERTEX_POINT('',#13418);
#4889=VERTEX_POINT('',#13420);
#4890=VERTEX_POINT('',#13424);
#4891=VERTEX_POINT('',#13426);
#4892=VERTEX_POINT('',#13428);
#4893=VERTEX_POINT('',#13430);
#4894=VERTEX_POINT('',#13432);
#4895=VERTEX_POINT('',#13434);
#4896=VERTEX_POINT('',#13436);
#4897=VERTEX_POINT('',#13438);
#4898=VERTEX_POINT('',#13440);
#4899=VERTEX_POINT('',#13444);
#4900=VERTEX_POINT('',#13445);
#4901=VERTEX_POINT('',#13447);
#4902=VERTEX_POINT('',#13449);
#4903=VERTEX_POINT('',#13451);
#4904=VERTEX_POINT('',#13459);
#4905=VERTEX_POINT('',#13461);
#4906=VERTEX_POINT('',#13467);
#4907=VERTEX_POINT('',#13469);
#4908=VERTEX_POINT('',#13471);
#4909=VERTEX_POINT('',#13473);
#4910=VERTEX_POINT('',#13475);
#4911=VERTEX_POINT('',#13477);
#4912=VERTEX_POINT('',#13481);
#4913=VERTEX_POINT('',#13482);
#4914=VERTEX_POINT('',#13487);
#4915=VERTEX_POINT('',#13489);
#4916=VERTEX_POINT('',#13491);
#4917=VERTEX_POINT('',#13495);
#4918=VERTEX_POINT('',#13497);
#4919=VERTEX_POINT('',#13499);
#4920=VERTEX_POINT('',#13504);
#4921=VERTEX_POINT('',#13506);
#4922=VERTEX_POINT('',#13510);
#4923=VERTEX_POINT('',#13512);
#4924=VERTEX_POINT('',#13514);
#4925=VERTEX_POINT('',#13516);
#4926=VERTEX_POINT('',#13518);
#4927=VERTEX_POINT('',#13520);
#4928=VERTEX_POINT('',#13522);
#4929=VERTEX_POINT('',#13524);
#4930=VERTEX_POINT('',#13528);
#4931=VERTEX_POINT('',#13530);
#4932=VERTEX_POINT('',#13532);
#4933=VERTEX_POINT('',#13536);
#4934=VERTEX_POINT('',#13538);
#4935=VERTEX_POINT('',#13550);
#4936=VERTEX_POINT('',#13552);
#4937=VERTEX_POINT('',#13554);
#4938=VERTEX_POINT('',#13556);
#4939=VERTEX_POINT('',#13560);
#4940=VERTEX_POINT('',#13561);
#4941=VERTEX_POINT('',#13563);
#4942=VERTEX_POINT('',#13568);
#4943=VERTEX_POINT('',#13569);
#4944=VERTEX_POINT('',#13572);
#4945=VERTEX_POINT('',#13574);
#4946=VERTEX_POINT('',#13579);
#4947=VERTEX_POINT('',#13581);
#4948=VERTEX_POINT('',#13583);
#4949=VERTEX_POINT('',#13585);
#4950=VERTEX_POINT('',#13589);
#4951=VERTEX_POINT('',#13590);
#4952=VERTEX_POINT('',#13592);
#4953=VERTEX_POINT('',#13602);
#4954=VERTEX_POINT('',#13608);
#4955=VERTEX_POINT('',#13612);
#4956=VERTEX_POINT('',#13613);
#4957=VERTEX_POINT('',#13615);
#4958=VERTEX_POINT('',#13625);
#4959=VERTEX_POINT('',#13629);
#4960=VERTEX_POINT('',#13631);
#4961=VERTEX_POINT('',#13635);
#4962=VERTEX_POINT('',#13637);
#4963=VERTEX_POINT('',#13643);
#4964=VERTEX_POINT('',#13644);
#4965=VERTEX_POINT('',#13646);
#4966=VERTEX_POINT('',#13652);
#4967=VERTEX_POINT('',#13657);
#4968=VERTEX_POINT('',#13670);
#4969=VERTEX_POINT('',#13672);
#4970=VERTEX_POINT('',#13674);
#4971=VERTEX_POINT('',#13676);
#4972=VERTEX_POINT('',#13680);
#4973=VERTEX_POINT('',#13697);
#4974=VERTEX_POINT('',#13699);
#4975=VERTEX_POINT('',#13708);
#4976=VERTEX_POINT('',#13710);
#4977=VERTEX_POINT('',#13719);
#4978=VERTEX_POINT('',#13720);
#4979=VERTEX_POINT('',#13722);
#4980=VERTEX_POINT('',#13724);
#4981=VERTEX_POINT('',#13726);
#4982=VERTEX_POINT('',#13728);
#4983=VERTEX_POINT('',#13730);
#4984=VERTEX_POINT('',#13732);
#4985=VERTEX_POINT('',#13734);
#4986=VERTEX_POINT('',#13736);
#4987=VERTEX_POINT('',#13742);
#4988=VERTEX_POINT('',#13749);
#4989=VERTEX_POINT('',#13756);
#4990=VERTEX_POINT('',#13767);
#4991=VERTEX_POINT('',#13768);
#4992=VERTEX_POINT('',#13810);
#4993=VERTEX_POINT('',#13811);
#4994=VERTEX_POINT('',#13813);
#4995=VERTEX_POINT('',#13820);
#4996=VERTEX_POINT('',#13822);
#4997=VERTEX_POINT('',#13825);
#4998=VERTEX_POINT('',#13828);
#4999=VERTEX_POINT('',#13832);
#5000=VERTEX_POINT('',#13834);
#5001=VERTEX_POINT('',#13837);
#5002=VERTEX_POINT('',#13840);
#5003=VERTEX_POINT('',#13844);
#5004=VERTEX_POINT('',#13846);
#5005=VERTEX_POINT('',#13849);
#5006=VERTEX_POINT('',#13851);
#5007=VERTEX_POINT('',#13866);
#5008=VERTEX_POINT('',#13867);
#5009=VERTEX_POINT('',#13869);
#5010=VERTEX_POINT('',#13883);
#5011=VERTEX_POINT('',#13885);
#5012=VERTEX_POINT('',#13899);
#5013=VERTEX_POINT('',#13901);
#5014=VERTEX_POINT('',#13915);
#5015=VERTEX_POINT('',#13917);
#5016=VERTEX_POINT('',#13931);
#5017=VERTEX_POINT('',#13933);
#5018=VERTEX_POINT('',#13947);
#5019=VERTEX_POINT('',#13949);
#5020=VERTEX_POINT('',#13963);
#5021=VERTEX_POINT('',#13965);
#5022=VERTEX_POINT('',#13979);
#5023=VERTEX_POINT('',#13981);
#5024=VERTEX_POINT('',#13995);
#5025=VERTEX_POINT('',#13997);
#5026=VERTEX_POINT('',#14011);
#5027=VERTEX_POINT('',#14013);
#5028=VERTEX_POINT('',#14027);
#5029=VERTEX_POINT('',#14029);
#5030=VERTEX_POINT('',#14043);
#5031=VERTEX_POINT('',#14045);
#5032=VERTEX_POINT('',#14059);
#5033=VERTEX_POINT('',#14061);
#5034=VERTEX_POINT('',#14075);
#5035=VERTEX_POINT('',#14077);
#5036=VERTEX_POINT('',#14091);
#5037=VERTEX_POINT('',#14095);
#5038=VERTEX_POINT('',#14096);
#5039=VERTEX_POINT('',#14101);
#5040=VERTEX_POINT('',#14103);
#5041=VERTEX_POINT('',#14110);
#5042=VERTEX_POINT('',#14111);
#5043=VERTEX_POINT('',#14113);
#5044=VERTEX_POINT('',#14115);
#5045=VERTEX_POINT('',#14119);
#5046=VERTEX_POINT('',#14120);
#5047=VERTEX_POINT('',#14122);
#5048=VERTEX_POINT('',#14124);
#5049=VERTEX_POINT('',#14129);
#5050=VERTEX_POINT('',#14130);
#5051=VERTEX_POINT('',#14132);
#5052=VERTEX_POINT('',#14134);
#5053=VERTEX_POINT('',#14138);
#5054=VERTEX_POINT('',#14139);
#5055=VERTEX_POINT('',#14141);
#5056=VERTEX_POINT('',#14143);
#5057=VERTEX_POINT('',#14147);
#5058=VERTEX_POINT('',#14148);
#5059=VERTEX_POINT('',#14150);
#5060=VERTEX_POINT('',#14152);
#5061=VERTEX_POINT('',#14156);
#5062=VERTEX_POINT('',#14158);
#5063=VERTEX_POINT('',#14162);
#5064=VERTEX_POINT('',#14164);
#5065=VERTEX_POINT('',#14167);
#5066=VERTEX_POINT('',#14169);
#5067=VERTEX_POINT('',#14174);
#5068=VERTEX_POINT('',#14175);
#5069=VERTEX_POINT('',#14180);
#5070=VERTEX_POINT('',#14181);
#5071=VERTEX_POINT('',#14183);
#5072=VERTEX_POINT('',#14185);
#5073=VERTEX_POINT('',#14187);
#5074=VERTEX_POINT('',#14189);
#5075=VERTEX_POINT('',#14192);
#5076=VERTEX_POINT('',#14193);
#5077=VERTEX_POINT('',#14195);
#5078=VERTEX_POINT('',#14197);
#5079=VERTEX_POINT('',#14199);
#5080=VERTEX_POINT('',#14201);
#5081=VERTEX_POINT('',#14203);
#5082=VERTEX_POINT('',#14205);
#5083=VERTEX_POINT('',#14207);
#5084=VERTEX_POINT('',#14209);
#5085=VERTEX_POINT('',#14211);
#5086=VERTEX_POINT('',#14213);
#5087=VERTEX_POINT('',#14216);
#5088=VERTEX_POINT('',#14218);
#5089=VERTEX_POINT('',#14220);
#5090=VERTEX_POINT('',#14222);
#5091=VERTEX_POINT('',#14225);
#5092=VERTEX_POINT('',#14227);
#5093=VERTEX_POINT('',#14230);
#5094=VERTEX_POINT('',#14232);
#5095=VERTEX_POINT('',#14236);
#5096=VERTEX_POINT('',#14237);
#5097=VERTEX_POINT('',#14239);
#5098=VERTEX_POINT('',#14241);
#5099=VERTEX_POINT('',#14245);
#5100=VERTEX_POINT('',#14246);
#5101=VERTEX_POINT('',#14248);
#5102=VERTEX_POINT('',#14250);
#5103=VERTEX_POINT('',#14254);
#5104=VERTEX_POINT('',#14256);
#5105=VERTEX_POINT('',#14260);
#5106=VERTEX_POINT('',#14262);
#5107=VERTEX_POINT('',#14274);
#5108=VERTEX_POINT('',#14275);
#5109=VERTEX_POINT('',#14287);
#5110=VERTEX_POINT('',#14289);
#5111=VERTEX_POINT('',#14301);
#5112=VERTEX_POINT('',#14303);
#5113=VERTEX_POINT('',#14315);
#5114=VERTEX_POINT('',#14317);
#5115=VERTEX_POINT('',#14329);
#5116=VERTEX_POINT('',#14331);
#5117=VERTEX_POINT('',#14343);
#5118=VERTEX_POINT('',#14345);
#5119=VERTEX_POINT('',#14357);
#5120=VERTEX_POINT('',#14359);
#5121=VERTEX_POINT('',#14371);
#5122=VERTEX_POINT('',#14373);
#5123=VERTEX_POINT('',#14385);
#5124=VERTEX_POINT('',#14387);
#5125=VERTEX_POINT('',#14399);
#5126=VERTEX_POINT('',#14401);
#5127=VERTEX_POINT('',#14413);
#5128=VERTEX_POINT('',#14415);
#5129=VERTEX_POINT('',#14427);
#5130=VERTEX_POINT('',#14429);
#5131=VERTEX_POINT('',#14441);
#5132=VERTEX_POINT('',#14443);
#5133=VERTEX_POINT('',#14455);
#5134=VERTEX_POINT('',#14457);
#5135=VERTEX_POINT('',#14469);
#5136=VERTEX_POINT('',#14471);
#5137=VERTEX_POINT('',#14494);
#5138=VERTEX_POINT('',#14496);
#5139=VERTEX_POINT('',#14498);
#5140=VERTEX_POINT('',#14500);
#5141=VERTEX_POINT('',#14503);
#5142=VERTEX_POINT('',#14505);
#5143=VERTEX_POINT('',#14507);
#5144=VERTEX_POINT('',#14509);
#5145=VERTEX_POINT('',#14513);
#5146=VERTEX_POINT('',#14514);
#5147=VERTEX_POINT('',#14516);
#5148=VERTEX_POINT('',#14518);
#5149=VERTEX_POINT('',#14535);
#5150=VERTEX_POINT('',#14539);
#5151=VERTEX_POINT('',#14543);
#5152=VERTEX_POINT('',#14547);
#5153=VERTEX_POINT('',#14551);
#5154=VERTEX_POINT('',#14552);
#5155=VERTEX_POINT('',#14557);
#5156=VERTEX_POINT('',#14561);
#5157=VERTEX_POINT('',#14569);
#5158=VERTEX_POINT('',#14571);
#5159=VERTEX_POINT('',#14581);
#5160=VERTEX_POINT('',#14583);
#5161=VERTEX_POINT('',#14587);
#5162=VERTEX_POINT('',#14588);
#5163=VERTEX_POINT('',#14590);
#5164=VERTEX_POINT('',#14592);
#5165=VERTEX_POINT('',#14596);
#5166=VERTEX_POINT('',#14598);
#5167=VERTEX_POINT('',#14602);
#5168=VERTEX_POINT('',#14603);
#5169=VERTEX_POINT('',#14605);
#5170=VERTEX_POINT('',#14607);
#5171=VERTEX_POINT('',#14611);
#5172=VERTEX_POINT('',#14613);
#5173=VERTEX_POINT('',#14615);
#5174=VERTEX_POINT('',#14620);
#5175=VERTEX_POINT('',#14624);
#5176=VERTEX_POINT('',#14625);
#5177=VERTEX_POINT('',#14627);
#5178=VERTEX_POINT('',#14633);
#5179=VERTEX_POINT('',#14637);
#5180=VERTEX_POINT('',#14639);
#5181=VERTEX_POINT('',#14643);
#5182=VERTEX_POINT('',#14645);
#5183=VERTEX_POINT('',#14650);
#5184=VERTEX_POINT('',#14663);
#5185=VERTEX_POINT('',#14664);
#5186=VERTEX_POINT('',#14667);
#5187=VERTEX_POINT('',#14674);
#5188=VERTEX_POINT('',#14678);
#5189=VERTEX_POINT('',#14680);
#5190=VERTEX_POINT('',#14684);
#5191=VERTEX_POINT('',#14695);
#5192=VERTEX_POINT('',#14696);
#5193=VERTEX_POINT('',#14701);
#5194=VERTEX_POINT('',#14703);
#5195=VERTEX_POINT('',#14705);
#5196=VERTEX_POINT('',#14709);
#5197=VERTEX_POINT('',#14711);
#5198=VERTEX_POINT('',#14716);
#5199=VERTEX_POINT('',#14721);
#5200=VERTEX_POINT('',#14726);
#5201=VERTEX_POINT('',#14730);
#5202=VERTEX_POINT('',#14732);
#5203=VERTEX_POINT('',#14736);
#5204=VERTEX_POINT('',#14741);
#5205=VERTEX_POINT('',#14743);
#5206=VERTEX_POINT('',#14753);
#5207=VERTEX_POINT('',#14754);
#5208=VERTEX_POINT('',#14756);
#5209=VERTEX_POINT('',#14764);
#5210=VERTEX_POINT('',#14766);
#5211=VERTEX_POINT('',#14771);
#5212=VERTEX_POINT('',#14773);
#5213=VERTEX_POINT('',#14778);
#5214=VERTEX_POINT('',#14781);
#5215=VERTEX_POINT('',#14782);
#5216=VERTEX_POINT('',#14784);
#5217=VERTEX_POINT('',#14786);
#5218=VERTEX_POINT('',#14796);
#5219=VERTEX_POINT('',#14798);
#5220=VERTEX_POINT('',#14800);
#5221=VERTEX_POINT('',#14803);
#5222=VERTEX_POINT('',#14804);
#5223=VERTEX_POINT('',#14806);
#5224=VERTEX_POINT('',#14808);
#5225=VERTEX_POINT('',#14816);
#5226=VERTEX_POINT('',#14821);
#5227=VERTEX_POINT('',#14823);
#5228=VERTEX_POINT('',#14825);
#5229=VERTEX_POINT('',#14828);
#5230=VERTEX_POINT('',#14829);
#5231=VERTEX_POINT('',#14831);
#5232=VERTEX_POINT('',#14833);
#5233=VERTEX_POINT('',#14838);
#5234=VERTEX_POINT('',#14846);
#5235=VERTEX_POINT('',#14848);
#5236=VERTEX_POINT('',#14850);
#5237=VERTEX_POINT('',#14853);
#5238=VERTEX_POINT('',#14854);
#5239=VERTEX_POINT('',#14856);
#5240=VERTEX_POINT('',#14858);
#5241=VERTEX_POINT('',#14866);
#5242=VERTEX_POINT('',#14871);
#5243=VERTEX_POINT('',#14873);
#5244=VERTEX_POINT('',#14875);
#5245=VERTEX_POINT('',#14877);
#5246=VERTEX_POINT('',#14880);
#5247=VERTEX_POINT('',#14881);
#5248=VERTEX_POINT('',#14883);
#5249=VERTEX_POINT('',#14885);
#5250=VERTEX_POINT('',#14887);
#5251=VERTEX_POINT('',#14889);
#5252=VERTEX_POINT('',#14891);
#5253=VERTEX_POINT('',#14893);
#5254=VERTEX_POINT('',#14896);
#5255=VERTEX_POINT('',#14897);
#5256=VERTEX_POINT('',#14899);
#5257=VERTEX_POINT('',#14901);
#5258=VERTEX_POINT('',#14906);
#5259=VERTEX_POINT('',#14908);
#5260=VERTEX_POINT('',#14910);
#5261=VERTEX_POINT('',#14912);
#5262=VERTEX_POINT('',#14914);
#5263=VERTEX_POINT('',#14916);
#5264=VERTEX_POINT('',#14918);
#5265=VERTEX_POINT('',#14920);
#5266=VERTEX_POINT('',#14923);
#5267=VERTEX_POINT('',#14924);
#5268=VERTEX_POINT('',#14926);
#5269=VERTEX_POINT('',#14928);
#5270=VERTEX_POINT('',#14936);
#5271=VERTEX_POINT('',#14944);
#5272=VERTEX_POINT('',#14946);
#5273=VERTEX_POINT('',#14948);
#5274=VERTEX_POINT('',#14950);
#5275=VERTEX_POINT('',#14952);
#5276=VERTEX_POINT('',#14957);
#5277=VERTEX_POINT('',#14965);
#5278=VERTEX_POINT('',#14972);
#5279=VERTEX_POINT('',#14976);
#5280=VERTEX_POINT('',#14980);
#5281=VERTEX_POINT('',#14987);
#5282=VERTEX_POINT('',#14997);
#5283=VERTEX_POINT('',#15004);
#5284=VERTEX_POINT('',#15011);
#5285=VERTEX_POINT('',#15016);
#5286=VERTEX_POINT('',#15020);
#5287=VERTEX_POINT('',#15024);
#5288=VERTEX_POINT('',#15030);
#5289=VERTEX_POINT('',#15032);
#5290=VERTEX_POINT('',#15035);
#5291=VERTEX_POINT('',#15037);
#5292=VERTEX_POINT('',#15418);
#5293=VERTEX_POINT('',#15419);
#5294=VERTEX_POINT('',#15421);
#5295=VERTEX_POINT('',#15423);
#5296=VERTEX_POINT('',#15427);
#5297=VERTEX_POINT('',#15429);
#5298=VERTEX_POINT('',#15437);
#5299=VERTEX_POINT('',#15438);
#5300=VERTEX_POINT('',#15440);
#5301=VERTEX_POINT('',#15442);
#5302=VERTEX_POINT('',#15446);
#5303=VERTEX_POINT('',#15448);
#5304=VERTEX_POINT('',#15456);
#5305=VERTEX_POINT('',#15458);
#5306=VERTEX_POINT('',#15462);
#5307=VERTEX_POINT('',#15466);
#5308=VERTEX_POINT('',#15487);
#5309=VERTEX_POINT('',#15507);
#5310=VERTEX_POINT('',#15511);
#5311=VERTEX_POINT('',#15515);
#5312=VERTEX_POINT('',#15519);
#5313=VERTEX_POINT('',#15523);
#5314=VERTEX_POINT('',#15537);
#5315=VERTEX_POINT('',#15557);
#5316=VERTEX_POINT('',#15564);
#5317=VERTEX_POINT('',#15566);
#5318=VERTEX_POINT('',#15570);
#5319=VERTEX_POINT('',#15574);
#5320=VERTEX_POINT('',#15588);
#5321=VERTEX_POINT('',#15592);
#5322=VERTEX_POINT('',#15596);
#5323=VERTEX_POINT('',#15600);
#5324=VERTEX_POINT('',#15607);
#5325=VERTEX_POINT('',#15614);
#5326=VERTEX_POINT('',#15618);
#5327=VERTEX_POINT('',#15622);
#5328=VERTEX_POINT('',#15629);
#5329=VERTEX_POINT('',#15631);
#5330=VERTEX_POINT('',#15635);
#5331=VERTEX_POINT('',#15639);
#5332=VERTEX_POINT('',#15643);
#5333=VERTEX_POINT('',#15647);
#5334=VERTEX_POINT('',#15651);
#5335=VERTEX_POINT('',#15655);
#5336=VERTEX_POINT('',#15662);
#5337=VERTEX_POINT('',#15664);
#5338=VERTEX_POINT('',#15668);
#5339=VERTEX_POINT('',#15672);
#5340=VERTEX_POINT('',#15692);
#5341=VERTEX_POINT('',#15706);
#5342=VERTEX_POINT('',#15710);
#5343=VERTEX_POINT('',#15714);
#5344=VERTEX_POINT('',#15718);
#5345=VERTEX_POINT('',#15724);
#5346=VERTEX_POINT('',#15725);
#5347=VERTEX_POINT('',#15727);
#5348=VERTEX_POINT('',#15731);
#5349=VERTEX_POINT('',#15732);
#5350=VERTEX_POINT('',#15737);
#5351=VERTEX_POINT('',#15743);
#5352=VERTEX_POINT('',#15745);
#5353=VERTEX_POINT('',#15749);
#5354=VERTEX_POINT('',#15753);
#5355=VERTEX_POINT('',#15767);
#5356=VERTEX_POINT('',#15787);
#5357=VERTEX_POINT('',#15791);
#5358=VERTEX_POINT('',#15795);
#5359=VERTEX_POINT('',#15802);
#5360=VERTEX_POINT('',#15804);
#5361=VERTEX_POINT('',#15808);
#5362=VERTEX_POINT('',#15812);
#5363=VERTEX_POINT('',#15832);
#5364=VERTEX_POINT('',#15846);
#5365=VERTEX_POINT('',#15850);
#5366=VERTEX_POINT('',#15854);
#5367=VERTEX_POINT('',#15861);
#5368=VERTEX_POINT('',#15863);
#5369=VERTEX_POINT('',#15867);
#5370=VERTEX_POINT('',#15871);
#5371=VERTEX_POINT('',#15897);
#5372=VERTEX_POINT('',#15901);
#5373=VERTEX_POINT('',#15905);
#5374=VERTEX_POINT('',#15925);
#5375=VERTEX_POINT('',#15930);
#5376=VERTEX_POINT('',#15934);
#5377=VERTEX_POINT('',#15954);
#5378=VERTEX_POINT('',#15958);
#5379=VERTEX_POINT('',#15972);
#5380=VERTEX_POINT('',#15976);
#5381=VERTEX_POINT('',#15990);
#5382=VERTEX_POINT('',#15996);
#5383=VERTEX_POINT('',#15997);
#5384=VERTEX_POINT('',#15999);
#5385=VERTEX_POINT('',#16001);
#5386=VERTEX_POINT('',#16005);
#5387=VERTEX_POINT('',#16006);
#5388=VERTEX_POINT('',#16011);
#5389=VERTEX_POINT('',#16015);
#5390=VERTEX_POINT('',#16023);
#5391=VERTEX_POINT('',#16025);
#5392=VERTEX_POINT('',#16029);
#5393=VERTEX_POINT('',#16033);
#5394=VERTEX_POINT('',#16037);
#5395=VERTEX_POINT('',#16041);
#5396=VERTEX_POINT('',#16048);
#5397=VERTEX_POINT('',#16050);
#5398=VERTEX_POINT('',#16054);
#5399=VERTEX_POINT('',#16058);
#5400=VERTEX_POINT('',#16062);
#5401=VERTEX_POINT('',#16066);
#5402=VERTEX_POINT('',#16070);
#5403=VERTEX_POINT('',#16074);
#5404=VERTEX_POINT('',#16078);
#5405=VERTEX_POINT('',#16082);
#5406=VERTEX_POINT('',#16086);
#5407=VERTEX_POINT('',#16090);
#5408=VERTEX_POINT('',#16097);
#5409=VERTEX_POINT('',#16098);
#5410=VERTEX_POINT('',#16100);
#5411=VERTEX_POINT('',#16102);
#5412=VERTEX_POINT('',#16106);
#5413=VERTEX_POINT('',#16108);
#5414=VERTEX_POINT('',#16112);
#5415=VERTEX_POINT('',#16114);
#5416=VERTEX_POINT('',#16118);
#5417=VERTEX_POINT('',#16120);
#5418=VERTEX_POINT('',#16124);
#5419=VERTEX_POINT('',#16126);
#5420=VERTEX_POINT('',#16130);
#5421=VERTEX_POINT('',#16132);
#5422=VERTEX_POINT('',#16136);
#5423=VERTEX_POINT('',#16138);
#5424=VERTEX_POINT('',#16142);
#5425=VERTEX_POINT('',#16144);
#5426=VERTEX_POINT('',#16148);
#5427=VERTEX_POINT('',#16150);
#5428=VERTEX_POINT('',#16154);
#5429=VERTEX_POINT('',#16156);
#5430=VERTEX_POINT('',#16160);
#5431=VERTEX_POINT('',#16162);
#5432=VERTEX_POINT('',#16170);
#5433=VERTEX_POINT('',#16171);
#5434=VERTEX_POINT('',#16173);
#5435=VERTEX_POINT('',#16175);
#5436=VERTEX_POINT('',#16179);
#5437=VERTEX_POINT('',#16181);
#5438=VERTEX_POINT('',#16185);
#5439=VERTEX_POINT('',#16187);
#5440=VERTEX_POINT('',#16196);
#5441=VERTEX_POINT('',#16198);
#5442=VERTEX_POINT('',#16201);
#5443=VERTEX_POINT('',#16204);
#5444=VERTEX_POINT('',#16208);
#5445=VERTEX_POINT('',#16212);
#5446=VERTEX_POINT('',#16215);
#5447=VERTEX_POINT('',#16218);
#5448=VERTEX_POINT('',#16251);
#5449=VERTEX_POINT('',#16252);
#5450=VERTEX_POINT('',#16254);
#5451=VERTEX_POINT('',#16256);
#5452=VERTEX_POINT('',#16258);
#5453=VERTEX_POINT('',#16260);
#5454=VERTEX_POINT('',#16262);
#5455=VERTEX_POINT('',#16264);
#5456=VERTEX_POINT('',#16266);
#5457=VERTEX_POINT('',#16268);
#5458=VERTEX_POINT('',#16272);
#5459=VERTEX_POINT('',#16274);
#5460=VERTEX_POINT('',#16276);
#5461=VERTEX_POINT('',#16279);
#5462=VERTEX_POINT('',#16283);
#5463=VERTEX_POINT('',#16285);
#5464=VERTEX_POINT('',#16289);
#5465=VERTEX_POINT('',#16293);
#5466=VERTEX_POINT('',#16300);
#5467=VERTEX_POINT('',#16304);
#5468=VERTEX_POINT('',#16308);
#5469=VERTEX_POINT('',#16310);
#5470=VERTEX_POINT('',#16314);
#5471=VERTEX_POINT('',#16321);
#5472=VERTEX_POINT('',#16322);
#5473=VERTEX_POINT('',#16324);
#5474=VERTEX_POINT('',#16326);
#5475=VERTEX_POINT('',#16330);
#5476=VERTEX_POINT('',#16332);
#5477=VERTEX_POINT('',#16336);
#5478=VERTEX_POINT('',#16338);
#5479=LINE('',#12133,#6215);
#5480=LINE('',#12138,#6216);
#5481=LINE('',#12145,#6217);
#5482=LINE('',#12147,#6218);
#5483=LINE('',#12172,#6219);
#5484=LINE('',#12174,#6220);
#5485=LINE('',#12181,#6221);
#5486=LINE('',#12184,#6222);
#5487=LINE('',#12191,#6223);
#5488=LINE('',#12193,#6224);
#5489=LINE('',#12202,#6225);
#5490=LINE('',#12207,#6226);
#5491=LINE('',#12214,#6227);
#5492=LINE('',#12216,#6228);
#5493=LINE('',#12223,#6229);
#5494=LINE('',#12228,#6230);
#5495=LINE('',#12235,#6231);
#5496=LINE('',#12237,#6232);
#5497=LINE('',#12250,#6233);
#5498=LINE('',#12286,#6234);
#5499=LINE('',#12322,#6235);
#5500=LINE('',#12358,#6236);
#5501=LINE('',#12394,#6237);
#5502=LINE('',#12424,#6238);
#5503=LINE('',#12477,#6239);
#5504=LINE('',#12510,#6240);
#5505=LINE('',#12533,#6241);
#5506=LINE('',#12546,#6242);
#5507=LINE('',#12559,#6243);
#5508=LINE('',#12572,#6244);
#5509=LINE('',#12579,#6245);
#5510=LINE('',#12599,#6246);
#5511=LINE('',#12652,#6247);
#5512=LINE('',#12653,#6248);
#5513=LINE('',#12745,#6249);
#5514=LINE('',#12746,#6250);
#5515=LINE('',#12748,#6251);
#5516=LINE('',#12813,#6252);
#5517=LINE('',#12866,#6253);
#5518=LINE('',#12867,#6254);
#5519=LINE('',#12920,#6255);
#5520=LINE('',#12973,#6256);
#5521=LINE('',#12974,#6257);
#5522=LINE('',#13035,#6258);
#5523=LINE('',#13038,#6259);
#5524=LINE('',#13040,#6260);
#5525=LINE('',#13042,#6261);
#5526=LINE('',#13044,#6262);
#5527=LINE('',#13046,#6263);
#5528=LINE('',#13048,#6264);
#5529=LINE('',#13050,#6265);
#5530=LINE('',#13052,#6266);
#5531=LINE('',#13054,#6267);
#5532=LINE('',#13071,#6268);
#5533=LINE('',#13072,#6269);
#5534=LINE('',#13091,#6270);
#5535=LINE('',#13095,#6271);
#5536=LINE('',#13099,#6272);
#5537=LINE('',#13172,#6273);
#5538=LINE('',#13177,#6274);
#5539=LINE('',#13181,#6275);
#5540=LINE('',#13186,#6276);
#5541=LINE('',#13190,#6277);
#5542=LINE('',#13193,#6278);
#5543=LINE('',#13195,#6279);
#5544=LINE('',#13197,#6280);
#5545=LINE('',#13202,#6281);
#5546=LINE('',#13206,#6282);
#5547=LINE('',#13208,#6283);
#5548=LINE('',#13213,#6284);
#5549=LINE('',#13220,#6285);
#5550=LINE('',#13229,#6286);
#5551=LINE('',#13270,#6287);
#5552=LINE('',#13274,#6288);
#5553=LINE('',#13278,#6289);
#5554=LINE('',#13282,#6290);
#5555=LINE('',#13284,#6291);
#5556=LINE('',#13287,#6292);
#5557=LINE('',#13291,#6293);
#5558=LINE('',#13293,#6294);
#5559=LINE('',#13307,#6295);
#5560=LINE('',#13311,#6296);
#5561=LINE('',#13317,#6297);
#5562=LINE('',#13321,#6298);
#5563=LINE('',#13325,#6299);
#5564=LINE('',#13329,#6300);
#5565=LINE('',#13333,#6301);
#5566=LINE('',#13339,#6302);
#5567=LINE('',#13343,#6303);
#5568=LINE('',#13349,#6304);
#5569=LINE('',#13353,#6305);
#5570=LINE('',#13357,#6306);
#5571=LINE('',#13361,#6307);
#5572=LINE('',#13364,#6308);
#5573=LINE('',#13366,#6309);
#5574=LINE('',#13368,#6310);
#5575=LINE('',#13370,#6311);
#5576=LINE('',#13372,#6312);
#5577=LINE('',#13377,#6313);
#5578=LINE('',#13379,#6314);
#5579=LINE('',#13381,#6315);
#5580=LINE('',#13385,#6316);
#5581=LINE('',#13387,#6317);
#5582=LINE('',#13391,#6318);
#5583=LINE('',#13392,#6319);
#5584=LINE('',#13394,#6320);
#5585=LINE('',#13396,#6321);
#5586=LINE('',#13398,#6322);
#5587=LINE('',#13400,#6323);
#5588=LINE('',#13401,#6324);
#5589=LINE('',#13415,#6325);
#5590=LINE('',#13417,#6326);
#5591=LINE('',#13419,#6327);
#5592=LINE('',#13421,#6328);
#5593=LINE('',#13425,#6329);
#5594=LINE('',#13427,#6330);
#5595=LINE('',#13429,#6331);
#5596=LINE('',#13431,#6332);
#5597=LINE('',#13433,#6333);
#5598=LINE('',#13435,#6334);
#5599=LINE('',#13437,#6335);
#5600=LINE('',#13439,#6336);
#5601=LINE('',#13441,#6337);
#5602=LINE('',#13446,#6338);
#5603=LINE('',#13450,#6339);
#5604=LINE('',#13456,#6340);
#5605=LINE('',#13468,#6341);
#5606=LINE('',#13472,#6342);
#5607=LINE('',#13492,#6343);
#5608=LINE('',#13496,#6344);
#5609=LINE('',#13502,#6345);
#5610=LINE('',#13505,#6346);
#5611=LINE('',#13509,#6347);
#5612=LINE('',#13511,#6348);
#5613=LINE('',#13517,#6349);
#5614=LINE('',#13521,#6350);
#5615=LINE('',#13525,#6351);
#5616=LINE('',#13531,#6352);
#5617=LINE('',#13537,#6353);
#5618=LINE('',#13544,#6354);
#5619=LINE('',#13553,#6355);
#5620=LINE('',#13557,#6356);
#5621=LINE('',#13559,#6357);
#5622=LINE('',#13562,#6358);
#5623=LINE('',#13564,#6359);
#5624=LINE('',#13565,#6360);
#5625=LINE('',#13567,#6361);
#5626=LINE('',#13570,#6362);
#5627=LINE('',#13571,#6363);
#5628=LINE('',#13573,#6364);
#5629=LINE('',#13575,#6365);
#5630=LINE('',#13576,#6366);
#5631=LINE('',#13578,#6367);
#5632=LINE('',#13580,#6368);
#5633=LINE('',#13582,#6369);
#5634=LINE('',#13584,#6370);
#5635=LINE('',#13586,#6371);
#5636=LINE('',#13588,#6372);
#5637=LINE('',#13601,#6373);
#5638=LINE('',#13609,#6374);
#5639=LINE('',#13611,#6375);
#5640=LINE('',#13614,#6376);
#5641=LINE('',#13616,#6377);
#5642=LINE('',#13618,#6378);
#5643=LINE('',#13619,#6379);
#5644=LINE('',#13621,#6380);
#5645=LINE('',#13622,#6381);
#5646=LINE('',#13624,#6382);
#5647=LINE('',#13628,#6383);
#5648=LINE('',#13634,#6384);
#5649=LINE('',#13638,#6385);
#5650=LINE('',#13642,#6386);
#5651=LINE('',#13645,#6387);
#5652=LINE('',#13651,#6388);
#5653=LINE('',#13653,#6389);
#5654=LINE('',#13655,#6390);
#5655=LINE('',#13656,#6391);
#5656=LINE('',#13658,#6392);
#5657=LINE('',#13671,#6393);
#5658=LINE('',#13673,#6394);
#5659=LINE('',#13675,#6395);
#5660=LINE('',#13677,#6396);
#5661=LINE('',#13679,#6397);
#5662=LINE('',#13681,#6398);
#5663=LINE('',#13682,#6399);
#5664=LINE('',#13696,#6400);
#5665=LINE('',#13700,#6401);
#5666=LINE('',#13704,#6402);
#5667=LINE('',#13707,#6403);
#5668=LINE('',#13709,#6404);
#5669=LINE('',#13715,#6405);
#5670=LINE('',#13718,#6406);
#5671=LINE('',#13721,#6407);
#5672=LINE('',#13723,#6408);
#5673=LINE('',#13725,#6409);
#5674=LINE('',#13729,#6410);
#5675=LINE('',#13733,#6411);
#5676=LINE('',#13741,#6412);
#5677=LINE('',#13744,#6413);
#5678=LINE('',#13747,#6414);
#5679=LINE('',#13750,#6415);
#5680=LINE('',#13757,#6416);
#5681=LINE('',#13758,#6417);
#5682=LINE('',#13760,#6418);
#5683=LINE('',#13762,#6419);
#5684=LINE('',#13763,#6420);
#5685=LINE('',#13766,#6421);
#5686=LINE('',#13769,#6422);
#5687=LINE('',#13770,#6423);
#5688=LINE('',#13772,#6424);
#5689=LINE('',#13773,#6425);
#5690=LINE('',#13775,#6426);
#5691=LINE('',#13777,#6427);
#5692=LINE('',#13779,#6428);
#5693=LINE('',#13781,#6429);
#5694=LINE('',#13783,#6430);
#5695=LINE('',#13785,#6431);
#5696=LINE('',#13787,#6432);
#5697=LINE('',#13793,#6433);
#5698=LINE('',#13795,#6434);
#5699=LINE('',#13797,#6435);
#5700=LINE('',#13809,#6436);
#5701=LINE('',#13812,#6437);
#5702=LINE('',#14112,#6438);
#5703=LINE('',#14116,#6439);
#5704=LINE('',#14128,#6440);
#5705=LINE('',#14133,#6441);
#5706=LINE('',#14137,#6442);
#5707=LINE('',#14142,#6443);
#5708=LINE('',#14149,#6444);
#5709=LINE('',#14153,#6445);
#5710=LINE('',#14155,#6446);
#5711=LINE('',#14159,#6447);
#5712=LINE('',#14176,#6448);
#5713=LINE('',#14177,#6449);
#5714=LINE('',#14179,#6450);
#5715=LINE('',#14182,#6451);
#5716=LINE('',#14184,#6452);
#5717=LINE('',#14186,#6453);
#5718=LINE('',#14188,#6454);
#5719=LINE('',#14190,#6455);
#5720=LINE('',#14191,#6456);
#5721=LINE('',#14194,#6457);
#5722=LINE('',#14196,#6458);
#5723=LINE('',#14198,#6459);
#5724=LINE('',#14200,#6460);
#5725=LINE('',#14202,#6461);
#5726=LINE('',#14204,#6462);
#5727=LINE('',#14206,#6463);
#5728=LINE('',#14208,#6464);
#5729=LINE('',#14210,#6465);
#5730=LINE('',#14212,#6466);
#5731=LINE('',#14214,#6467);
#5732=LINE('',#14215,#6468);
#5733=LINE('',#14217,#6469);
#5734=LINE('',#14221,#6470);
#5735=LINE('',#14223,#6471);
#5736=LINE('',#14224,#6472);
#5737=LINE('',#14228,#6473);
#5738=LINE('',#14229,#6474);
#5739=LINE('',#14231,#6475);
#5740=LINE('',#14235,#6476);
#5741=LINE('',#14238,#6477);
#5742=LINE('',#14240,#6478);
#5743=LINE('',#14242,#6479);
#5744=LINE('',#14247,#6480);
#5745=LINE('',#14251,#6481);
#5746=LINE('',#14253,#6482);
#5747=LINE('',#14255,#6483);
#5748=LINE('',#14257,#6484);
#5749=LINE('',#14261,#6485);
#5750=LINE('',#14265,#6486);
#5751=LINE('',#14266,#6487);
#5752=LINE('',#14268,#6488);
#5753=LINE('',#14269,#6489);
#5754=LINE('',#14484,#6490);
#5755=LINE('',#14486,#6491);
#5756=LINE('',#14488,#6492);
#5757=LINE('',#14490,#6493);
#5758=LINE('',#14493,#6494);
#5759=LINE('',#14495,#6495);
#5760=LINE('',#14499,#6496);
#5761=LINE('',#14506,#6497);
#5762=LINE('',#14510,#6498);
#5763=LINE('',#14515,#6499);
#5764=LINE('',#14519,#6500);
#5765=LINE('',#14520,#6501);
#5766=LINE('',#14522,#6502);
#5767=LINE('',#14523,#6503);
#5768=LINE('',#14526,#6504);
#5769=LINE('',#14528,#6505);
#5770=LINE('',#14531,#6506);
#5771=LINE('',#14532,#6507);
#5772=LINE('',#14534,#6508);
#5773=LINE('',#14540,#6509);
#5774=LINE('',#14542,#6510);
#5775=LINE('',#14544,#6511);
#5776=LINE('',#14546,#6512);
#5777=LINE('',#14548,#6513);
#5778=LINE('',#14550,#6514);
#5779=LINE('',#14553,#6515);
#5780=LINE('',#14554,#6516);
#5781=LINE('',#14556,#6517);
#5782=LINE('',#14558,#6518);
#5783=LINE('',#14562,#6519);
#5784=LINE('',#14566,#6520);
#5785=LINE('',#14568,#6521);
#5786=LINE('',#14570,#6522);
#5787=LINE('',#14572,#6523);
#5788=LINE('',#14574,#6524);
#5789=LINE('',#14576,#6525);
#5790=LINE('',#14578,#6526);
#5791=LINE('',#14582,#6527);
#5792=LINE('',#14586,#6528);
#5793=LINE('',#14589,#6529);
#5794=LINE('',#14591,#6530);
#5795=LINE('',#14593,#6531);
#5796=LINE('',#14595,#6532);
#5797=LINE('',#14601,#6533);
#5798=LINE('',#14604,#6534);
#5799=LINE('',#14606,#6535);
#5800=LINE('',#14608,#6536);
#5801=LINE('',#14610,#6537);
#5802=LINE('',#14612,#6538);
#5803=LINE('',#14614,#6539);
#5804=LINE('',#14616,#6540);
#5805=LINE('',#14617,#6541);
#5806=LINE('',#14619,#6542);
#5807=LINE('',#14621,#6543);
#5808=LINE('',#14626,#6544);
#5809=LINE('',#14628,#6545);
#5810=LINE('',#14629,#6546);
#5811=LINE('',#14631,#6547);
#5812=LINE('',#14632,#6548);
#5813=LINE('',#14634,#6549);
#5814=LINE('',#14636,#6550);
#5815=LINE('',#14640,#6551);
#5816=LINE('',#14666,#6552);
#5817=LINE('',#14670,#6553);
#5818=LINE('',#14671,#6554);
#5819=LINE('',#14673,#6555);
#5820=LINE('',#14675,#6556);
#5821=LINE('',#14677,#6557);
#5822=LINE('',#14679,#6558);
#5823=LINE('',#14681,#6559);
#5824=LINE('',#14683,#6560);
#5825=LINE('',#14685,#6561);
#5826=LINE('',#14686,#6562);
#5827=LINE('',#14700,#6563);
#5828=LINE('',#14702,#6564);
#5829=LINE('',#14706,#6565);
#5830=LINE('',#14708,#6566);
#5831=LINE('',#14710,#6567);
#5832=LINE('',#14712,#6568);
#5833=LINE('',#14713,#6569);
#5834=LINE('',#14729,#6570);
#5835=LINE('',#14731,#6571);
#5836=LINE('',#14735,#6572);
#5837=LINE('',#14737,#6573);
#5838=LINE('',#14739,#6574);
#5839=LINE('',#14740,#6575);
#5840=LINE('',#14742,#6576);
#5841=LINE('',#14744,#6577);
#5842=LINE('',#14755,#6578);
#5843=LINE('',#14765,#6579);
#5844=LINE('',#14772,#6580);
#5845=LINE('',#14779,#6581);
#5846=LINE('',#14780,#6582);
#5847=LINE('',#14783,#6583);
#5848=LINE('',#14785,#6584);
#5849=LINE('',#14797,#6585);
#5850=LINE('',#14799,#6586);
#5851=LINE('',#14801,#6587);
#5852=LINE('',#14802,#6588);
#5853=LINE('',#14805,#6589);
#5854=LINE('',#14807,#6590);
#5855=LINE('',#14822,#6591);
#5856=LINE('',#14824,#6592);
#5857=LINE('',#14826,#6593);
#5858=LINE('',#14827,#6594);
#5859=LINE('',#14830,#6595);
#5860=LINE('',#14832,#6596);
#5861=LINE('',#14847,#6597);
#5862=LINE('',#14849,#6598);
#5863=LINE('',#14851,#6599);
#5864=LINE('',#14852,#6600);
#5865=LINE('',#14855,#6601);
#5866=LINE('',#14857,#6602);
#5867=LINE('',#14872,#6603);
#5868=LINE('',#14874,#6604);
#5869=LINE('',#14876,#6605);
#5870=LINE('',#14878,#6606);
#5871=LINE('',#14879,#6607);
#5872=LINE('',#14882,#6608);
#5873=LINE('',#14884,#6609);
#5874=LINE('',#14886,#6610);
#5875=LINE('',#14888,#6611);
#5876=LINE('',#14890,#6612);
#5877=LINE('',#14892,#6613);
#5878=LINE('',#14894,#6614);
#5879=LINE('',#14895,#6615);
#5880=LINE('',#14898,#6616);
#5881=LINE('',#14900,#6617);
#5882=LINE('',#14907,#6618);
#5883=LINE('',#14909,#6619);
#5884=LINE('',#14911,#6620);
#5885=LINE('',#14915,#6621);
#5886=LINE('',#14917,#6622);
#5887=LINE('',#14919,#6623);
#5888=LINE('',#14921,#6624);
#5889=LINE('',#14922,#6625);
#5890=LINE('',#14925,#6626);
#5891=LINE('',#14927,#6627);
#5892=LINE('',#14945,#6628);
#5893=LINE('',#14947,#6629);
#5894=LINE('',#14949,#6630);
#5895=LINE('',#14951,#6631);
#5896=LINE('',#14966,#6632);
#5897=LINE('',#14967,#6633);
#5898=LINE('',#14968,#6634);
#5899=LINE('',#14969,#6635);
#5900=LINE('',#14973,#6636);
#5901=LINE('',#14979,#6637);
#5902=LINE('',#15019,#6638);
#5903=LINE('',#15027,#6639);
#5904=LINE('',#15029,#6640);
#5905=LINE('',#15033,#6641);
#5906=LINE('',#15034,#6642);
#5907=LINE('',#15038,#6643);
#5908=LINE('',#15039,#6644);
#5909=LINE('',#15042,#6645);
#5910=LINE('',#15043,#6646);
#5911=LINE('',#15066,#6647);
#5912=LINE('',#15068,#6648);
#5913=LINE('',#15091,#6649);
#5914=LINE('',#15093,#6650);
#5915=LINE('',#15116,#6651);
#5916=LINE('',#15118,#6652);
#5917=LINE('',#15141,#6653);
#5918=LINE('',#15143,#6654);
#5919=LINE('',#15166,#6655);
#5920=LINE('',#15168,#6656);
#5921=LINE('',#15191,#6657);
#5922=LINE('',#15193,#6658);
#5923=LINE('',#15216,#6659);
#5924=LINE('',#15218,#6660);
#5925=LINE('',#15241,#6661);
#5926=LINE('',#15243,#6662);
#5927=LINE('',#15266,#6663);
#5928=LINE('',#15268,#6664);
#5929=LINE('',#15291,#6665);
#5930=LINE('',#15293,#6666);
#5931=LINE('',#15316,#6667);
#5932=LINE('',#15318,#6668);
#5933=LINE('',#15341,#6669);
#5934=LINE('',#15343,#6670);
#5935=LINE('',#15366,#6671);
#5936=LINE('',#15368,#6672);
#5937=LINE('',#15391,#6673);
#5938=LINE('',#15393,#6674);
#5939=LINE('',#15420,#6675);
#5940=LINE('',#15424,#6676);
#5941=LINE('',#15426,#6677);
#5942=LINE('',#15428,#6678);
#5943=LINE('',#15430,#6679);
#5944=LINE('',#15436,#6680);
#5945=LINE('',#15439,#6681);
#5946=LINE('',#15441,#6682);
#5947=LINE('',#15443,#6683);
#5948=LINE('',#15447,#6684);
#5949=LINE('',#15455,#6685);
#5950=LINE('',#15457,#6686);
#5951=LINE('',#15459,#6687);
#5952=LINE('',#15461,#6688);
#5953=LINE('',#15463,#6689);
#5954=LINE('',#15465,#6690);
#5955=LINE('',#15467,#6691);
#5956=LINE('',#15488,#6692);
#5957=LINE('',#15508,#6693);
#5958=LINE('',#15510,#6694);
#5959=LINE('',#15512,#6695);
#5960=LINE('',#15514,#6696);
#5961=LINE('',#15516,#6697);
#5962=LINE('',#15518,#6698);
#5963=LINE('',#15520,#6699);
#5964=LINE('',#15522,#6700);
#5965=LINE('',#15524,#6701);
#5966=LINE('',#15538,#6702);
#5967=LINE('',#15558,#6703);
#5968=LINE('',#15560,#6704);
#5969=LINE('',#15563,#6705);
#5970=LINE('',#15565,#6706);
#5971=LINE('',#15567,#6707);
#5972=LINE('',#15569,#6708);
#5973=LINE('',#15571,#6709);
#5974=LINE('',#15573,#6710);
#5975=LINE('',#15575,#6711);
#5976=LINE('',#15589,#6712);
#5977=LINE('',#15591,#6713);
#5978=LINE('',#15593,#6714);
#5979=LINE('',#15595,#6715);
#5980=LINE('',#15597,#6716);
#5981=LINE('',#15599,#6717);
#5982=LINE('',#15613,#6718);
#5983=LINE('',#15615,#6719);
#5984=LINE('',#15617,#6720);
#5985=LINE('',#15619,#6721);
#5986=LINE('',#15621,#6722);
#5987=LINE('',#15623,#6723);
#5988=LINE('',#15625,#6724);
#5989=LINE('',#15628,#6725);
#5990=LINE('',#15630,#6726);
#5991=LINE('',#15632,#6727);
#5992=LINE('',#15634,#6728);
#5993=LINE('',#15636,#6729);
#5994=LINE('',#15638,#6730);
#5995=LINE('',#15640,#6731);
#5996=LINE('',#15642,#6732);
#5997=LINE('',#15644,#6733);
#5998=LINE('',#15646,#6734);
#5999=LINE('',#15648,#6735);
#6000=LINE('',#15650,#6736);
#6001=LINE('',#15652,#6737);
#6002=LINE('',#15654,#6738);
#6003=LINE('',#15656,#6739);
#6004=LINE('',#15658,#6740);
#6005=LINE('',#15661,#6741);
#6006=LINE('',#15663,#6742);
#6007=LINE('',#15665,#6743);
#6008=LINE('',#15667,#6744);
#6009=LINE('',#15669,#6745);
#6010=LINE('',#15671,#6746);
#6011=LINE('',#15673,#6747);
#6012=LINE('',#15693,#6748);
#6013=LINE('',#15707,#6749);
#6014=LINE('',#15709,#6750);
#6015=LINE('',#15711,#6751);
#6016=LINE('',#15713,#6752);
#6017=LINE('',#15715,#6753);
#6018=LINE('',#15717,#6754);
#6019=LINE('',#15719,#6755);
#6020=LINE('',#15721,#6756);
#6021=LINE('',#15723,#6757);
#6022=LINE('',#15726,#6758);
#6023=LINE('',#15728,#6759);
#6024=LINE('',#15730,#6760);
#6025=LINE('',#15733,#6761);
#6026=LINE('',#15734,#6762);
#6027=LINE('',#15736,#6763);
#6028=LINE('',#15738,#6764);
#6029=LINE('',#15740,#6765);
#6030=LINE('',#15742,#6766);
#6031=LINE('',#15744,#6767);
#6032=LINE('',#15746,#6768);
#6033=LINE('',#15748,#6769);
#6034=LINE('',#15750,#6770);
#6035=LINE('',#15752,#6771);
#6036=LINE('',#15754,#6772);
#6037=LINE('',#15768,#6773);
#6038=LINE('',#15788,#6774);
#6039=LINE('',#15790,#6775);
#6040=LINE('',#15792,#6776);
#6041=LINE('',#15794,#6777);
#6042=LINE('',#15796,#6778);
#6043=LINE('',#15798,#6779);
#6044=LINE('',#15801,#6780);
#6045=LINE('',#15803,#6781);
#6046=LINE('',#15805,#6782);
#6047=LINE('',#15807,#6783);
#6048=LINE('',#15809,#6784);
#6049=LINE('',#15811,#6785);
#6050=LINE('',#15813,#6786);
#6051=LINE('',#15833,#6787);
#6052=LINE('',#15847,#6788);
#6053=LINE('',#15849,#6789);
#6054=LINE('',#15851,#6790);
#6055=LINE('',#15853,#6791);
#6056=LINE('',#15855,#6792);
#6057=LINE('',#15857,#6793);
#6058=LINE('',#15860,#6794);
#6059=LINE('',#15862,#6795);
#6060=LINE('',#15864,#6796);
#6061=LINE('',#15866,#6797);
#6062=LINE('',#15868,#6798);
#6063=LINE('',#15870,#6799);
#6064=LINE('',#15872,#6800);
#6065=LINE('',#15898,#6801);
#6066=LINE('',#15900,#6802);
#6067=LINE('',#15902,#6803);
#6068=LINE('',#15904,#6804);
#6069=LINE('',#15906,#6805);
#6070=LINE('',#15908,#6806);
#6071=LINE('',#15924,#6807);
#6072=LINE('',#15931,#6808);
#6073=LINE('',#15933,#6809);
#6074=LINE('',#15935,#6810);
#6075=LINE('',#15955,#6811);
#6076=LINE('',#15957,#6812);
#6077=LINE('',#15959,#6813);
#6078=LINE('',#15973,#6814);
#6079=LINE('',#15975,#6815);
#6080=LINE('',#15977,#6816);
#6081=LINE('',#15991,#6817);
#6082=LINE('',#15993,#6818);
#6083=LINE('',#15995,#6819);
#6084=LINE('',#15998,#6820);
#6085=LINE('',#16000,#6821);
#6086=LINE('',#16002,#6822);
#6087=LINE('',#16004,#6823);
#6088=LINE('',#16007,#6824);
#6089=LINE('',#16008,#6825);
#6090=LINE('',#16010,#6826);
#6091=LINE('',#16012,#6827);
#6092=LINE('',#16014,#6828);
#6093=LINE('',#16016,#6829);
#6094=LINE('',#16018,#6830);
#6095=LINE('',#16022,#6831);
#6096=LINE('',#16024,#6832);
#6097=LINE('',#16026,#6833);
#6098=LINE('',#16028,#6834);
#6099=LINE('',#16030,#6835);
#6100=LINE('',#16032,#6836);
#6101=LINE('',#16034,#6837);
#6102=LINE('',#16036,#6838);
#6103=LINE('',#16038,#6839);
#6104=LINE('',#16040,#6840);
#6105=LINE('',#16042,#6841);
#6106=LINE('',#16044,#6842);
#6107=LINE('',#16047,#6843);
#6108=LINE('',#16049,#6844);
#6109=LINE('',#16051,#6845);
#6110=LINE('',#16053,#6846);
#6111=LINE('',#16055,#6847);
#6112=LINE('',#16057,#6848);
#6113=LINE('',#16059,#6849);
#6114=LINE('',#16061,#6850);
#6115=LINE('',#16063,#6851);
#6116=LINE('',#16065,#6852);
#6117=LINE('',#16067,#6853);
#6118=LINE('',#16069,#6854);
#6119=LINE('',#16071,#6855);
#6120=LINE('',#16073,#6856);
#6121=LINE('',#16075,#6857);
#6122=LINE('',#16077,#6858);
#6123=LINE('',#16079,#6859);
#6124=LINE('',#16081,#6860);
#6125=LINE('',#16083,#6861);
#6126=LINE('',#16085,#6862);
#6127=LINE('',#16087,#6863);
#6128=LINE('',#16089,#6864);
#6129=LINE('',#16091,#6865);
#6130=LINE('',#16093,#6866);
#6131=LINE('',#16096,#6867);
#6132=LINE('',#16099,#6868);
#6133=LINE('',#16101,#6869);
#6134=LINE('',#16103,#6870);
#6135=LINE('',#16105,#6871);
#6136=LINE('',#16107,#6872);
#6137=LINE('',#16109,#6873);
#6138=LINE('',#16111,#6874);
#6139=LINE('',#16113,#6875);
#6140=LINE('',#16115,#6876);
#6141=LINE('',#16117,#6877);
#6142=LINE('',#16119,#6878);
#6143=LINE('',#16121,#6879);
#6144=LINE('',#16123,#6880);
#6145=LINE('',#16125,#6881);
#6146=LINE('',#16127,#6882);
#6147=LINE('',#16129,#6883);
#6148=LINE('',#16131,#6884);
#6149=LINE('',#16133,#6885);
#6150=LINE('',#16135,#6886);
#6151=LINE('',#16137,#6887);
#6152=LINE('',#16139,#6888);
#6153=LINE('',#16141,#6889);
#6154=LINE('',#16143,#6890);
#6155=LINE('',#16145,#6891);
#6156=LINE('',#16147,#6892);
#6157=LINE('',#16149,#6893);
#6158=LINE('',#16151,#6894);
#6159=LINE('',#16153,#6895);
#6160=LINE('',#16155,#6896);
#6161=LINE('',#16157,#6897);
#6162=LINE('',#16159,#6898);
#6163=LINE('',#16161,#6899);
#6164=LINE('',#16163,#6900);
#6165=LINE('',#16165,#6901);
#6166=LINE('',#16166,#6902);
#6167=LINE('',#16169,#6903);
#6168=LINE('',#16172,#6904);
#6169=LINE('',#16174,#6905);
#6170=LINE('',#16176,#6906);
#6171=LINE('',#16178,#6907);
#6172=LINE('',#16180,#6908);
#6173=LINE('',#16182,#6909);
#6174=LINE('',#16184,#6910);
#6175=LINE('',#16186,#6911);
#6176=LINE('',#16188,#6912);
#6177=LINE('',#16190,#6913);
#6178=LINE('',#16191,#6914);
#6179=LINE('',#16209,#6915);
#6180=LINE('',#16234,#6916);
#6181=LINE('',#16253,#6917);
#6182=LINE('',#16257,#6918);
#6183=LINE('',#16261,#6919);
#6184=LINE('',#16263,#6920);
#6185=LINE('',#16265,#6921);
#6186=LINE('',#16267,#6922);
#6187=LINE('',#16269,#6923);
#6188=LINE('',#16271,#6924);
#6189=LINE('',#16273,#6925);
#6190=LINE('',#16275,#6926);
#6191=LINE('',#16277,#6927);
#6192=LINE('',#16278,#6928);
#6193=LINE('',#16280,#6929);
#6194=LINE('',#16282,#6930);
#6195=LINE('',#16284,#6931);
#6196=LINE('',#16286,#6932);
#6197=LINE('',#16288,#6933);
#6198=LINE('',#16290,#6934);
#6199=LINE('',#16292,#6935);
#6200=LINE('',#16294,#6936);
#6201=LINE('',#16296,#6937);
#6202=LINE('',#16299,#6938);
#6203=LINE('',#16303,#6939);
#6204=LINE('',#16307,#6940);
#6205=LINE('',#16311,#6941);
#6206=LINE('',#16313,#6942);
#6207=LINE('',#16320,#6943);
#6208=LINE('',#16323,#6944);
#6209=LINE('',#16325,#6945);
#6210=LINE('',#16327,#6946);
#6211=LINE('',#16329,#6947);
#6212=LINE('',#16333,#6948);
#6213=LINE('',#16335,#6949);
#6214=LINE('',#16337,#6950);
#6215=VECTOR('',#9901,1.);
#6216=VECTOR('',#9904,1.);
#6217=VECTOR('',#9907,1.);
#6218=VECTOR('',#9908,1.);
#6219=VECTOR('',#9915,1.);
#6220=VECTOR('',#9916,1.);
#6221=VECTOR('',#9919,1.);
#6222=VECTOR('',#9920,1.);
#6223=VECTOR('',#9921,1.);
#6224=VECTOR('',#9924,1.);
#6225=VECTOR('',#9929,1.);
#6226=VECTOR('',#9932,1.);
#6227=VECTOR('',#9935,1.);
#6228=VECTOR('',#9936,1.);
#6229=VECTOR('',#9939,1.);
#6230=VECTOR('',#9942,1.);
#6231=VECTOR('',#9945,1.);
#6232=VECTOR('',#9946,1.);
#6233=VECTOR('',#9951,1.);
#6234=VECTOR('',#9958,1.);
#6235=VECTOR('',#9965,1.);
#6236=VECTOR('',#9972,1.);
#6237=VECTOR('',#9979,1.);
#6238=VECTOR('',#9984,1.);
#6239=VECTOR('',#9985,1.);
#6240=VECTOR('',#9986,1.);
#6241=VECTOR('',#9991,1.);
#6242=VECTOR('',#9992,1.);
#6243=VECTOR('',#9993,1.);
#6244=VECTOR('',#9994,1.);
#6245=VECTOR('',#9995,1.);
#6246=VECTOR('',#10002,1.);
#6247=VECTOR('',#10005,1.);
#6248=VECTOR('',#10006,1.);
#6249=VECTOR('',#10011,1.);
#6250=VECTOR('',#10012,1.);
#6251=VECTOR('',#10015,1.);
#6252=VECTOR('',#10020,1.);
#6253=VECTOR('',#10023,1.);
#6254=VECTOR('',#10024,1.);
#6255=VECTOR('',#10029,1.);
#6256=VECTOR('',#10032,1.);
#6257=VECTOR('',#10033,1.);
#6258=VECTOR('',#10050,1.);
#6259=VECTOR('',#10051,1.);
#6260=VECTOR('',#10052,1.);
#6261=VECTOR('',#10053,1.);
#6262=VECTOR('',#10056,1.);
#6263=VECTOR('',#10057,1.);
#6264=VECTOR('',#10058,1.);
#6265=VECTOR('',#10061,1.);
#6266=VECTOR('',#10062,1.);
#6267=VECTOR('',#10063,1.);
#6268=VECTOR('',#10084,1.);
#6269=VECTOR('',#10085,1.);
#6270=VECTOR('',#10110,1.);
#6271=VECTOR('',#10113,1.);
#6272=VECTOR('',#10116,1.);
#6273=VECTOR('',#10213,1.);
#6274=VECTOR('',#10216,1.);
#6275=VECTOR('',#10221,1.);
#6276=VECTOR('',#10224,1.);
#6277=VECTOR('',#10229,1.);
#6278=VECTOR('',#10230,1.);
#6279=VECTOR('',#10231,1.);
#6280=VECTOR('',#10232,1.);
#6281=VECTOR('',#10237,1.);
#6282=VECTOR('',#10240,1.);
#6283=VECTOR('',#10243,1.);
#6284=VECTOR('',#10246,1.);
#6285=VECTOR('',#10253,1.);
#6286=VECTOR('',#10256,1.);
#6287=VECTOR('',#10283,1.);
#6288=VECTOR('',#10286,1.);
#6289=VECTOR('',#10289,1.);
#6290=VECTOR('',#10292,1.);
#6291=VECTOR('',#10295,1.);
#6292=VECTOR('',#10296,1.);
#6293=VECTOR('',#10299,1.);
#6294=VECTOR('',#10300,1.);
#6295=VECTOR('',#10311,1.);
#6296=VECTOR('',#10314,1.);
#6297=VECTOR('',#10319,1.);
#6298=VECTOR('',#10322,1.);
#6299=VECTOR('',#10325,1.);
#6300=VECTOR('',#10328,1.);
#6301=VECTOR('',#10331,1.);
#6302=VECTOR('',#10336,1.);
#6303=VECTOR('',#10339,1.);
#6304=VECTOR('',#10344,1.);
#6305=VECTOR('',#10347,1.);
#6306=VECTOR('',#10350,1.);
#6307=VECTOR('',#10355,1.);
#6308=VECTOR('',#10356,1.);
#6309=VECTOR('',#10357,1.);
#6310=VECTOR('',#10358,1.);
#6311=VECTOR('',#10361,1.);
#6312=VECTOR('',#10362,1.);
#6313=VECTOR('',#10367,1.);
#6314=VECTOR('',#10368,1.);
#6315=VECTOR('',#10369,1.);
#6316=VECTOR('',#10372,1.);
#6317=VECTOR('',#10375,1.);
#6318=VECTOR('',#10378,1.);
#6319=VECTOR('',#10379,1.);
#6320=VECTOR('',#10380,1.);
#6321=VECTOR('',#10381,1.);
#6322=VECTOR('',#10382,1.);
#6323=VECTOR('',#10383,1.);
#6324=VECTOR('',#10384,1.);
#6325=VECTOR('',#10395,1.);
#6326=VECTOR('',#10396,1.);
#6327=VECTOR('',#10397,1.);
#6328=VECTOR('',#10398,1.);
#6329=VECTOR('',#10403,1.);
#6330=VECTOR('',#10404,1.);
#6331=VECTOR('',#10405,1.);
#6332=VECTOR('',#10406,1.);
#6333=VECTOR('',#10407,1.);
#6334=VECTOR('',#10408,1.);
#6335=VECTOR('',#10409,1.);
#6336=VECTOR('',#10410,1.);
#6337=VECTOR('',#10411,1.);
#6338=VECTOR('',#10416,1.);
#6339=VECTOR('',#10419,1.);
#6340=VECTOR('',#10420,1.);
#6341=VECTOR('',#10437,1.);
#6342=VECTOR('',#10440,1.);
#6343=VECTOR('',#10463,1.);
#6344=VECTOR('',#10468,1.);
#6345=VECTOR('',#10475,1.);
#6346=VECTOR('',#10478,1.);
#6347=VECTOR('',#10483,1.);
#6348=VECTOR('',#10484,1.);
#6349=VECTOR('',#10489,1.);
#6350=VECTOR('',#10492,1.);
#6351=VECTOR('',#10495,1.);
#6352=VECTOR('',#10502,1.);
#6353=VECTOR('',#10509,1.);
#6354=VECTOR('',#10520,1.);
#6355=VECTOR('',#10525,1.);
#6356=VECTOR('',#10528,1.);
#6357=VECTOR('',#10531,1.);
#6358=VECTOR('',#10532,1.);
#6359=VECTOR('',#10533,1.);
#6360=VECTOR('',#10534,1.);
#6361=VECTOR('',#10537,1.);
#6362=VECTOR('',#10538,1.);
#6363=VECTOR('',#10539,1.);
#6364=VECTOR('',#10540,1.);
#6365=VECTOR('',#10541,1.);
#6366=VECTOR('',#10542,1.);
#6367=VECTOR('',#10545,1.);
#6368=VECTOR('',#10546,1.);
#6369=VECTOR('',#10547,1.);
#6370=VECTOR('',#10548,1.);
#6371=VECTOR('',#10549,1.);
#6372=VECTOR('',#10552,1.);
#6373=VECTOR('',#10563,1.);
#6374=VECTOR('',#10566,1.);
#6375=VECTOR('',#10569,1.);
#6376=VECTOR('',#10570,1.);
#6377=VECTOR('',#10571,1.);
#6378=VECTOR('',#10574,1.);
#6379=VECTOR('',#10575,1.);
#6380=VECTOR('',#10578,1.);
#6381=VECTOR('',#10579,1.);
#6382=VECTOR('',#10582,1.);
#6383=VECTOR('',#10587,1.);
#6384=VECTOR('',#10594,1.);
#6385=VECTOR('',#10597,1.);
#6386=VECTOR('',#10604,1.);
#6387=VECTOR('',#10605,1.);
#6388=VECTOR('',#10606,1.);
#6389=VECTOR('',#10607,1.);
#6390=VECTOR('',#10610,1.);
#6391=VECTOR('',#10611,1.);
#6392=VECTOR('',#10612,1.);
#6393=VECTOR('',#10627,1.);
#6394=VECTOR('',#10628,1.);
#6395=VECTOR('',#10629,1.);
#6396=VECTOR('',#10630,1.);
#6397=VECTOR('',#10633,1.);
#6398=VECTOR('',#10634,1.);
#6399=VECTOR('',#10635,1.);
#6400=VECTOR('',#10662,1.);
#6401=VECTOR('',#10665,1.);
#6402=VECTOR('',#10672,1.);
#6403=VECTOR('',#10677,1.);
#6404=VECTOR('',#10678,1.);
#6405=VECTOR('',#10687,1.);
#6406=VECTOR('',#10692,1.);
#6407=VECTOR('',#10693,1.);
#6408=VECTOR('',#10694,1.);
#6409=VECTOR('',#10695,1.);
#6410=VECTOR('',#10698,1.);
#6411=VECTOR('',#10701,1.);
#6412=VECTOR('',#10712,1.);
#6413=VECTOR('',#10715,1.);
#6414=VECTOR('',#10720,1.);
#6415=VECTOR('',#10723,1.);
#6416=VECTOR('',#10726,1.);
#6417=VECTOR('',#10727,1.);
#6418=VECTOR('',#10730,1.);
#6419=VECTOR('',#10733,1.);
#6420=VECTOR('',#10734,1.);
#6421=VECTOR('',#10739,1.);
#6422=VECTOR('',#10740,1.);
#6423=VECTOR('',#10741,1.);
#6424=VECTOR('',#10744,1.);
#6425=VECTOR('',#10745,1.);
#6426=VECTOR('',#10748,1.);
#6427=VECTOR('',#10751,1.);
#6428=VECTOR('',#10754,1.);
#6429=VECTOR('',#10757,1.);
#6430=VECTOR('',#10760,1.);
#6431=VECTOR('',#10763,1.);
#6432=VECTOR('',#10766,1.);
#6433=VECTOR('',#10769,1.);
#6434=VECTOR('',#10772,1.);
#6435=VECTOR('',#10775,1.);
#6436=VECTOR('',#10798,1.);
#6437=VECTOR('',#10799,1.);
#6438=VECTOR('',#10886,1.);
#6439=VECTOR('',#10889,1.);
#6440=VECTOR('',#10904,1.);
#6441=VECTOR('',#10907,1.);
#6442=VECTOR('',#10912,1.);
#6443=VECTOR('',#10915,1.);
#6444=VECTOR('',#10922,1.);
#6445=VECTOR('',#10925,1.);
#6446=VECTOR('',#10928,1.);
#6447=VECTOR('',#10931,1.);
#6448=VECTOR('',#10952,1.);
#6449=VECTOR('',#10953,1.);
#6450=VECTOR('',#10956,1.);
#6451=VECTOR('',#10957,1.);
#6452=VECTOR('',#10958,1.);
#6453=VECTOR('',#10959,1.);
#6454=VECTOR('',#10960,1.);
#6455=VECTOR('',#10961,1.);
#6456=VECTOR('',#10962,1.);
#6457=VECTOR('',#10963,1.);
#6458=VECTOR('',#10964,1.);
#6459=VECTOR('',#10965,1.);
#6460=VECTOR('',#10966,1.);
#6461=VECTOR('',#10967,1.);
#6462=VECTOR('',#10968,1.);
#6463=VECTOR('',#10969,1.);
#6464=VECTOR('',#10970,1.);
#6465=VECTOR('',#10971,1.);
#6466=VECTOR('',#10972,1.);
#6467=VECTOR('',#10973,1.);
#6468=VECTOR('',#10974,1.);
#6469=VECTOR('',#10975,1.);
#6470=VECTOR('',#10978,1.);
#6471=VECTOR('',#10979,1.);
#6472=VECTOR('',#10980,1.);
#6473=VECTOR('',#10983,1.);
#6474=VECTOR('',#10984,1.);
#6475=VECTOR('',#10985,1.);
#6476=VECTOR('',#10990,1.);
#6477=VECTOR('',#10991,1.);
#6478=VECTOR('',#10992,1.);
#6479=VECTOR('',#10993,1.);
#6480=VECTOR('',#10998,1.);
#6481=VECTOR('',#11001,1.);
#6482=VECTOR('',#11004,1.);
#6483=VECTOR('',#11005,1.);
#6484=VECTOR('',#11006,1.);
#6485=VECTOR('',#11011,1.);
#6486=VECTOR('',#11016,1.);
#6487=VECTOR('',#11017,1.);
#6488=VECTOR('',#11020,1.);
#6489=VECTOR('',#11021,1.);
#6490=VECTOR('',#11060,1.);
#6491=VECTOR('',#11063,1.);
#6492=VECTOR('',#11066,1.);
#6493=VECTOR('',#11069,1.);
#6494=VECTOR('',#11074,1.);
#6495=VECTOR('',#11075,1.);
#6496=VECTOR('',#11078,1.);
#6497=VECTOR('',#11085,1.);
#6498=VECTOR('',#11088,1.);
#6499=VECTOR('',#11093,1.);
#6500=VECTOR('',#11096,1.);
#6501=VECTOR('',#11097,1.);
#6502=VECTOR('',#11100,1.);
#6503=VECTOR('',#11101,1.);
#6504=VECTOR('',#11106,1.);
#6505=VECTOR('',#11109,1.);
#6506=VECTOR('',#11114,1.);
#6507=VECTOR('',#11115,1.);
#6508=VECTOR('',#11118,1.);
#6509=VECTOR('',#11125,1.);
#6510=VECTOR('',#11128,1.);
#6511=VECTOR('',#11129,1.);
#6512=VECTOR('',#11132,1.);
#6513=VECTOR('',#11133,1.);
#6514=VECTOR('',#11136,1.);
#6515=VECTOR('',#11137,1.);
#6516=VECTOR('',#11138,1.);
#6517=VECTOR('',#11141,1.);
#6518=VECTOR('',#11142,1.);
#6519=VECTOR('',#11147,1.);
#6520=VECTOR('',#11154,1.);
#6521=VECTOR('',#11157,1.);
#6522=VECTOR('',#11158,1.);
#6523=VECTOR('',#11159,1.);
#6524=VECTOR('',#11162,1.);
#6525=VECTOR('',#11165,1.);
#6526=VECTOR('',#11168,1.);
#6527=VECTOR('',#11173,1.);
#6528=VECTOR('',#11178,1.);
#6529=VECTOR('',#11179,1.);
#6530=VECTOR('',#11180,1.);
#6531=VECTOR('',#11181,1.);
#6532=VECTOR('',#11184,1.);
#6533=VECTOR('',#11191,1.);
#6534=VECTOR('',#11192,1.);
#6535=VECTOR('',#11193,1.);
#6536=VECTOR('',#11194,1.);
#6537=VECTOR('',#11197,1.);
#6538=VECTOR('',#11198,1.);
#6539=VECTOR('',#11199,1.);
#6540=VECTOR('',#11200,1.);
#6541=VECTOR('',#11201,1.);
#6542=VECTOR('',#11204,1.);
#6543=VECTOR('',#11205,1.);
#6544=VECTOR('',#11210,1.);
#6545=VECTOR('',#11211,1.);
#6546=VECTOR('',#11212,1.);
#6547=VECTOR('',#11215,1.);
#6548=VECTOR('',#11216,1.);
#6549=VECTOR('',#11217,1.);
#6550=VECTOR('',#11220,1.);
#6551=VECTOR('',#11223,1.);
#6552=VECTOR('',#11234,1.);
#6553=VECTOR('',#11239,1.);
#6554=VECTOR('',#11240,1.);
#6555=VECTOR('',#11243,1.);
#6556=VECTOR('',#11244,1.);
#6557=VECTOR('',#11247,1.);
#6558=VECTOR('',#11248,1.);
#6559=VECTOR('',#11249,1.);
#6560=VECTOR('',#11252,1.);
#6561=VECTOR('',#11253,1.);
#6562=VECTOR('',#11254,1.);
#6563=VECTOR('',#11263,1.);
#6564=VECTOR('',#11264,1.);
#6565=VECTOR('',#11267,1.);
#6566=VECTOR('',#11270,1.);
#6567=VECTOR('',#11271,1.);
#6568=VECTOR('',#11272,1.);
#6569=VECTOR('',#11273,1.);
#6570=VECTOR('',#11282,1.);
#6571=VECTOR('',#11283,1.);
#6572=VECTOR('',#11288,1.);
#6573=VECTOR('',#11289,1.);
#6574=VECTOR('',#11292,1.);
#6575=VECTOR('',#11293,1.);
#6576=VECTOR('',#11294,1.);
#6577=VECTOR('',#11295,1.);
#6578=VECTOR('',#11298,1.);
#6579=VECTOR('',#11299,1.);
#6580=VECTOR('',#11300,1.);
#6581=VECTOR('',#11301,1.);
#6582=VECTOR('',#11302,1.);
#6583=VECTOR('',#11303,1.);
#6584=VECTOR('',#11304,1.);
#6585=VECTOR('',#11305,1.);
#6586=VECTOR('',#11306,1.);
#6587=VECTOR('',#11307,1.);
#6588=VECTOR('',#11308,1.);
#6589=VECTOR('',#11309,1.);
#6590=VECTOR('',#11310,1.);
#6591=VECTOR('',#11311,1.);
#6592=VECTOR('',#11312,1.);
#6593=VECTOR('',#11313,1.);
#6594=VECTOR('',#11314,1.);
#6595=VECTOR('',#11315,1.);
#6596=VECTOR('',#11316,1.);
#6597=VECTOR('',#11317,1.);
#6598=VECTOR('',#11318,1.);
#6599=VECTOR('',#11319,1.);
#6600=VECTOR('',#11320,1.);
#6601=VECTOR('',#11321,1.);
#6602=VECTOR('',#11322,1.);
#6603=VECTOR('',#11323,1.);
#6604=VECTOR('',#11324,1.);
#6605=VECTOR('',#11325,1.);
#6606=VECTOR('',#11326,1.);
#6607=VECTOR('',#11327,1.);
#6608=VECTOR('',#11328,1.);
#6609=VECTOR('',#11329,1.);
#6610=VECTOR('',#11330,1.);
#6611=VECTOR('',#11331,1.);
#6612=VECTOR('',#11332,1.);
#6613=VECTOR('',#11333,1.);
#6614=VECTOR('',#11334,1.);
#6615=VECTOR('',#11335,1.);
#6616=VECTOR('',#11336,1.);
#6617=VECTOR('',#11337,1.);
#6618=VECTOR('',#11338,1.);
#6619=VECTOR('',#11339,1.);
#6620=VECTOR('',#11340,1.);
#6621=VECTOR('',#11343,1.);
#6622=VECTOR('',#11344,1.);
#6623=VECTOR('',#11345,1.);
#6624=VECTOR('',#11346,1.);
#6625=VECTOR('',#11347,1.);
#6626=VECTOR('',#11348,1.);
#6627=VECTOR('',#11349,1.);
#6628=VECTOR('',#11350,1.);
#6629=VECTOR('',#11351,1.);
#6630=VECTOR('',#11352,1.);
#6631=VECTOR('',#11353,1.);
#6632=VECTOR('',#11354,1.);
#6633=VECTOR('',#11355,1.);
#6634=VECTOR('',#11356,1.);
#6635=VECTOR('',#11357,1.);
#6636=VECTOR('',#11362,1.);
#6637=VECTOR('',#11371,1.);
#6638=VECTOR('',#11390,1.);
#6639=VECTOR('',#11401,1.);
#6640=VECTOR('',#11404,1.);
#6641=VECTOR('',#11407,1.);
#6642=VECTOR('',#11408,1.);
#6643=VECTOR('',#11411,1.);
#6644=VECTOR('',#11412,1.);
#6645=VECTOR('',#11417,1.);
#6646=VECTOR('',#11418,1.);
#6647=VECTOR('',#11419,1.);
#6648=VECTOR('',#11422,1.);
#6649=VECTOR('',#11423,1.);
#6650=VECTOR('',#11426,1.);
#6651=VECTOR('',#11427,1.);
#6652=VECTOR('',#11430,1.);
#6653=VECTOR('',#11431,1.);
#6654=VECTOR('',#11434,1.);
#6655=VECTOR('',#11435,1.);
#6656=VECTOR('',#11438,1.);
#6657=VECTOR('',#11439,1.);
#6658=VECTOR('',#11442,1.);
#6659=VECTOR('',#11443,1.);
#6660=VECTOR('',#11446,1.);
#6661=VECTOR('',#11447,1.);
#6662=VECTOR('',#11450,1.);
#6663=VECTOR('',#11451,1.);
#6664=VECTOR('',#11454,1.);
#6665=VECTOR('',#11455,1.);
#6666=VECTOR('',#11458,1.);
#6667=VECTOR('',#11459,1.);
#6668=VECTOR('',#11462,1.);
#6669=VECTOR('',#11463,1.);
#6670=VECTOR('',#11466,1.);
#6671=VECTOR('',#11467,1.);
#6672=VECTOR('',#11470,1.);
#6673=VECTOR('',#11471,1.);
#6674=VECTOR('',#11474,1.);
#6675=VECTOR('',#11479,1.);
#6676=VECTOR('',#11482,1.);
#6677=VECTOR('',#11485,1.);
#6678=VECTOR('',#11486,1.);
#6679=VECTOR('',#11487,1.);
#6680=VECTOR('',#11498,1.);
#6681=VECTOR('',#11499,1.);
#6682=VECTOR('',#11500,1.);
#6683=VECTOR('',#11501,1.);
#6684=VECTOR('',#11506,1.);
#6685=VECTOR('',#11519,1.);
#6686=VECTOR('',#11520,1.);
#6687=VECTOR('',#11521,1.);
#6688=VECTOR('',#11524,1.);
#6689=VECTOR('',#11525,1.);
#6690=VECTOR('',#11528,1.);
#6691=VECTOR('',#11529,1.);
#6692=VECTOR('',#11530,1.);
#6693=VECTOR('',#11531,1.);
#6694=VECTOR('',#11534,1.);
#6695=VECTOR('',#11535,1.);
#6696=VECTOR('',#11538,1.);
#6697=VECTOR('',#11539,1.);
#6698=VECTOR('',#11542,1.);
#6699=VECTOR('',#11543,1.);
#6700=VECTOR('',#11546,1.);
#6701=VECTOR('',#11547,1.);
#6702=VECTOR('',#11548,1.);
#6703=VECTOR('',#11549,1.);
#6704=VECTOR('',#11552,1.);
#6705=VECTOR('',#11557,1.);
#6706=VECTOR('',#11558,1.);
#6707=VECTOR('',#11559,1.);
#6708=VECTOR('',#11562,1.);
#6709=VECTOR('',#11563,1.);
#6710=VECTOR('',#11566,1.);
#6711=VECTOR('',#11567,1.);
#6712=VECTOR('',#11568,1.);
#6713=VECTOR('',#11571,1.);
#6714=VECTOR('',#11572,1.);
#6715=VECTOR('',#11575,1.);
#6716=VECTOR('',#11576,1.);
#6717=VECTOR('',#11579,1.);
#6718=VECTOR('',#11586,1.);
#6719=VECTOR('',#11587,1.);
#6720=VECTOR('',#11590,1.);
#6721=VECTOR('',#11591,1.);
#6722=VECTOR('',#11594,1.);
#6723=VECTOR('',#11595,1.);
#6724=VECTOR('',#11598,1.);
#6725=VECTOR('',#11603,1.);
#6726=VECTOR('',#11604,1.);
#6727=VECTOR('',#11605,1.);
#6728=VECTOR('',#11608,1.);
#6729=VECTOR('',#11609,1.);
#6730=VECTOR('',#11612,1.);
#6731=VECTOR('',#11613,1.);
#6732=VECTOR('',#11616,1.);
#6733=VECTOR('',#11617,1.);
#6734=VECTOR('',#11620,1.);
#6735=VECTOR('',#11621,1.);
#6736=VECTOR('',#11624,1.);
#6737=VECTOR('',#11625,1.);
#6738=VECTOR('',#11628,1.);
#6739=VECTOR('',#11629,1.);
#6740=VECTOR('',#11632,1.);
#6741=VECTOR('',#11637,1.);
#6742=VECTOR('',#11638,1.);
#6743=VECTOR('',#11639,1.);
#6744=VECTOR('',#11642,1.);
#6745=VECTOR('',#11643,1.);
#6746=VECTOR('',#11646,1.);
#6747=VECTOR('',#11647,1.);
#6748=VECTOR('',#11648,1.);
#6749=VECTOR('',#11649,1.);
#6750=VECTOR('',#11652,1.);
#6751=VECTOR('',#11653,1.);
#6752=VECTOR('',#11656,1.);
#6753=VECTOR('',#11657,1.);
#6754=VECTOR('',#11660,1.);
#6755=VECTOR('',#11661,1.);
#6756=VECTOR('',#11664,1.);
#6757=VECTOR('',#11667,1.);
#6758=VECTOR('',#11668,1.);
#6759=VECTOR('',#11669,1.);
#6760=VECTOR('',#11672,1.);
#6761=VECTOR('',#11673,1.);
#6762=VECTOR('',#11674,1.);
#6763=VECTOR('',#11677,1.);
#6764=VECTOR('',#11678,1.);
#6765=VECTOR('',#11681,1.);
#6766=VECTOR('',#11684,1.);
#6767=VECTOR('',#11685,1.);
#6768=VECTOR('',#11686,1.);
#6769=VECTOR('',#11689,1.);
#6770=VECTOR('',#11690,1.);
#6771=VECTOR('',#11693,1.);
#6772=VECTOR('',#11694,1.);
#6773=VECTOR('',#11695,1.);
#6774=VECTOR('',#11696,1.);
#6775=VECTOR('',#11699,1.);
#6776=VECTOR('',#11700,1.);
#6777=VECTOR('',#11703,1.);
#6778=VECTOR('',#11704,1.);
#6779=VECTOR('',#11707,1.);
#6780=VECTOR('',#11712,1.);
#6781=VECTOR('',#11713,1.);
#6782=VECTOR('',#11714,1.);
#6783=VECTOR('',#11717,1.);
#6784=VECTOR('',#11718,1.);
#6785=VECTOR('',#11721,1.);
#6786=VECTOR('',#11722,1.);
#6787=VECTOR('',#11723,1.);
#6788=VECTOR('',#11724,1.);
#6789=VECTOR('',#11727,1.);
#6790=VECTOR('',#11728,1.);
#6791=VECTOR('',#11731,1.);
#6792=VECTOR('',#11732,1.);
#6793=VECTOR('',#11735,1.);
#6794=VECTOR('',#11740,1.);
#6795=VECTOR('',#11741,1.);
#6796=VECTOR('',#11742,1.);
#6797=VECTOR('',#11745,1.);
#6798=VECTOR('',#11746,1.);
#6799=VECTOR('',#11749,1.);
#6800=VECTOR('',#11750,1.);
#6801=VECTOR('',#11751,1.);
#6802=VECTOR('',#11754,1.);
#6803=VECTOR('',#11755,1.);
#6804=VECTOR('',#11758,1.);
#6805=VECTOR('',#11759,1.);
#6806=VECTOR('',#11762,1.);
#6807=VECTOR('',#11765,1.);
#6808=VECTOR('',#11766,1.);
#6809=VECTOR('',#11769,1.);
#6810=VECTOR('',#11770,1.);
#6811=VECTOR('',#11771,1.);
#6812=VECTOR('',#11774,1.);
#6813=VECTOR('',#11775,1.);
#6814=VECTOR('',#11776,1.);
#6815=VECTOR('',#11779,1.);
#6816=VECTOR('',#11780,1.);
#6817=VECTOR('',#11781,1.);
#6818=VECTOR('',#11784,1.);
#6819=VECTOR('',#11787,1.);
#6820=VECTOR('',#11788,1.);
#6821=VECTOR('',#11789,1.);
#6822=VECTOR('',#11790,1.);
#6823=VECTOR('',#11793,1.);
#6824=VECTOR('',#11794,1.);
#6825=VECTOR('',#11795,1.);
#6826=VECTOR('',#11798,1.);
#6827=VECTOR('',#11799,1.);
#6828=VECTOR('',#11802,1.);
#6829=VECTOR('',#11803,1.);
#6830=VECTOR('',#11806,1.);
#6831=VECTOR('',#11813,1.);
#6832=VECTOR('',#11814,1.);
#6833=VECTOR('',#11815,1.);
#6834=VECTOR('',#11818,1.);
#6835=VECTOR('',#11819,1.);
#6836=VECTOR('',#11822,1.);
#6837=VECTOR('',#11823,1.);
#6838=VECTOR('',#11826,1.);
#6839=VECTOR('',#11827,1.);
#6840=VECTOR('',#11830,1.);
#6841=VECTOR('',#11831,1.);
#6842=VECTOR('',#11834,1.);
#6843=VECTOR('',#11839,1.);
#6844=VECTOR('',#11840,1.);
#6845=VECTOR('',#11841,1.);
#6846=VECTOR('',#11844,1.);
#6847=VECTOR('',#11845,1.);
#6848=VECTOR('',#11848,1.);
#6849=VECTOR('',#11849,1.);
#6850=VECTOR('',#11852,1.);
#6851=VECTOR('',#11853,1.);
#6852=VECTOR('',#11856,1.);
#6853=VECTOR('',#11857,1.);
#6854=VECTOR('',#11860,1.);
#6855=VECTOR('',#11861,1.);
#6856=VECTOR('',#11864,1.);
#6857=VECTOR('',#11865,1.);
#6858=VECTOR('',#11868,1.);
#6859=VECTOR('',#11869,1.);
#6860=VECTOR('',#11872,1.);
#6861=VECTOR('',#11873,1.);
#6862=VECTOR('',#11876,1.);
#6863=VECTOR('',#11877,1.);
#6864=VECTOR('',#11880,1.);
#6865=VECTOR('',#11881,1.);
#6866=VECTOR('',#11884,1.);
#6867=VECTOR('',#11889,1.);
#6868=VECTOR('',#11890,1.);
#6869=VECTOR('',#11891,1.);
#6870=VECTOR('',#11892,1.);
#6871=VECTOR('',#11895,1.);
#6872=VECTOR('',#11896,1.);
#6873=VECTOR('',#11897,1.);
#6874=VECTOR('',#11900,1.);
#6875=VECTOR('',#11901,1.);
#6876=VECTOR('',#11902,1.);
#6877=VECTOR('',#11905,1.);
#6878=VECTOR('',#11906,1.);
#6879=VECTOR('',#11907,1.);
#6880=VECTOR('',#11910,1.);
#6881=VECTOR('',#11911,1.);
#6882=VECTOR('',#11912,1.);
#6883=VECTOR('',#11915,1.);
#6884=VECTOR('',#11916,1.);
#6885=VECTOR('',#11917,1.);
#6886=VECTOR('',#11920,1.);
#6887=VECTOR('',#11921,1.);
#6888=VECTOR('',#11922,1.);
#6889=VECTOR('',#11925,1.);
#6890=VECTOR('',#11926,1.);
#6891=VECTOR('',#11927,1.);
#6892=VECTOR('',#11930,1.);
#6893=VECTOR('',#11931,1.);
#6894=VECTOR('',#11932,1.);
#6895=VECTOR('',#11935,1.);
#6896=VECTOR('',#11936,1.);
#6897=VECTOR('',#11937,1.);
#6898=VECTOR('',#11940,1.);
#6899=VECTOR('',#11941,1.);
#6900=VECTOR('',#11942,1.);
#6901=VECTOR('',#11945,1.);
#6902=VECTOR('',#11946,1.);
#6903=VECTOR('',#11951,1.);
#6904=VECTOR('',#11952,1.);
#6905=VECTOR('',#11953,1.);
#6906=VECTOR('',#11954,1.);
#6907=VECTOR('',#11957,1.);
#6908=VECTOR('',#11958,1.);
#6909=VECTOR('',#11959,1.);
#6910=VECTOR('',#11962,1.);
#6911=VECTOR('',#11963,1.);
#6912=VECTOR('',#11964,1.);
#6913=VECTOR('',#11967,1.);
#6914=VECTOR('',#11968,1.);
#6915=VECTOR('',#11993,1.);
#6916=VECTOR('',#12020,1.);
#6917=VECTOR('',#12037,1.);
#6918=VECTOR('',#12040,1.);
#6919=VECTOR('',#12043,1.);
#6920=VECTOR('',#12044,1.);
#6921=VECTOR('',#12045,1.);
#6922=VECTOR('',#12046,1.);
#6923=VECTOR('',#12047,1.);
#6924=VECTOR('',#12050,1.);
#6925=VECTOR('',#12051,1.);
#6926=VECTOR('',#12052,1.);
#6927=VECTOR('',#12053,1.);
#6928=VECTOR('',#12054,1.);
#6929=VECTOR('',#12055,1.);
#6930=VECTOR('',#12058,1.);
#6931=VECTOR('',#12059,1.);
#6932=VECTOR('',#12060,1.);
#6933=VECTOR('',#12063,1.);
#6934=VECTOR('',#12064,1.);
#6935=VECTOR('',#12067,1.);
#6936=VECTOR('',#12068,1.);
#6937=VECTOR('',#12071,1.);
#6938=VECTOR('',#12076,1.);
#6939=VECTOR('',#12081,1.);
#6940=VECTOR('',#12086,1.);
#6941=VECTOR('',#12089,1.);
#6942=VECTOR('',#12092,1.);
#6943=VECTOR('',#12103,1.);
#6944=VECTOR('',#12104,1.);
#6945=VECTOR('',#12105,1.);
#6946=VECTOR('',#12106,1.);
#6947=VECTOR('',#12109,1.);
#6948=VECTOR('',#12112,1.);
#6949=VECTOR('',#12115,1.);
#6950=VECTOR('',#12116,1.);
#6951=EDGE_LOOP('',(#979,#980,#981,#982));
#6952=EDGE_LOOP('',(#983,#984,#985,#986));
#6953=EDGE_LOOP('',(#987,#988,#989,#990));
#6954=EDGE_LOOP('',(#991,#992,#993,#994));
#6955=EDGE_LOOP('',(#995,#996,#997,#998));
#6956=EDGE_LOOP('',(#999,#1000,#1001,#1002));
#6957=EDGE_LOOP('',(#1003,#1004,#1005,#1006));
#6958=EDGE_LOOP('',(#1007,#1008,#1009,#1010));
#6959=EDGE_LOOP('',(#1011,#1012,#1013,#1014));
#6960=EDGE_LOOP('',(#1015,#1016,#1017,#1018));
#6961=EDGE_LOOP('',(#1019,#1020,#1021,#1022,#1023,#1024,#1025,#1026));
#6962=EDGE_LOOP('',(#1027,#1028,#1029,#1030,#1031,#1032,#1033,#1034));
#6963=EDGE_LOOP('',(#1035,#1036,#1037,#1038,#1039,#1040,#1041,#1042));
#6964=EDGE_LOOP('',(#1043,#1044,#1045,#1046,#1047,#1048,#1049,#1050));
#6965=EDGE_LOOP('',(#1051,#1052,#1053,#1054,#1055,#1056,#1057,#1058));
#6966=EDGE_LOOP('',(#1059,#1060,#1061,#1062));
#6967=EDGE_LOOP('',(#1063,#1064,#1065,#1066,#1067,#1068));
#6968=EDGE_LOOP('',(#1069,#1070,#1071,#1072,#1073,#1074,#1075,#1076,#1077));
#6969=EDGE_LOOP('',(#1078));
#6970=EDGE_LOOP('',(#1079,#1080,#1081,#1082,#1083,#1084,#1085,#1086,#1087,#1088,#1089,#1090,#1091,#1092,#1093,#1094,#1095,#1096,#1097,#1098));
#6971=EDGE_LOOP('',(#1099,#1100,#1101,#1102));
#6972=EDGE_LOOP('',(#1103,#1104,#1105,#1106));
#6973=EDGE_LOOP('',(#1107,#1108,#1109,#1110));
#6974=EDGE_LOOP('',(#1111,#1112,#1113,#1114));
#6975=EDGE_LOOP('',(#1115,#1116,#1117,#1118));
#6976=EDGE_LOOP('',(#1119,#1120,#1121,#1122));
#6977=EDGE_LOOP('',(#1123,#1124,#1125,#1126,#1127,#1128,#1129,#1130,#1131));
#6978=EDGE_LOOP('',(#1132,#1133,#1134,#1135));
#6979=EDGE_LOOP('',(#1136,#1137,#1138,#1139,#1140,#1141));
#6980=EDGE_LOOP('',(#1142,#1143,#1144,#1145));
#6981=EDGE_LOOP('',(#1146,#1147,#1148,#1149));
#6982=EDGE_LOOP('',(#1150,#1151,#1152,#1153));
#6983=EDGE_LOOP('',(#1154,#1155,#1156,#1157));
#6984=EDGE_LOOP('',(#1158,#1159,#1160,#1161,#1162,#1163,#1164,#1165,#1166));
#6985=EDGE_LOOP('',(#1167,#1168,#1169,#1170,#1171,#1172));
#6986=EDGE_LOOP('',(#1173,#1174,#1175,#1176));
#6987=EDGE_LOOP('',(#1177,#1178,#1179,#1180));
#6988=EDGE_LOOP('',(#1181,#1182,#1183,#1184));
#6989=EDGE_LOOP('',(#1185,#1186,#1187,#1188,#1189,#1190,#1191,#1192,#1193));
#6990=EDGE_LOOP('',(#1194,#1195,#1196,#1197));
#6991=EDGE_LOOP('',(#1198,#1199,#1200,#1201,#1202,#1203));
#6992=EDGE_LOOP('',(#1204,#1205,#1206,#1207));
#6993=EDGE_LOOP('',(#1208,#1209,#1210,#1211));
#6994=EDGE_LOOP('',(#1212,#1213,#1214,#1215));
#6995=EDGE_LOOP('',(#1216,#1217,#1218,#1219,#1220,#1221,#1222,#1223,#1224));
#6996=EDGE_LOOP('',(#1225,#1226,#1227,#1228));
#6997=EDGE_LOOP('',(#1229,#1230,#1231,#1232,#1233,#1234));
#6998=EDGE_LOOP('',(#1235));
#6999=EDGE_LOOP('',(#1236,#1237,#1238,#1239,#1240,#1241,#1242,#1243,#1244,#1245,#1246,#1247,#1248,#1249,#1250));
#7000=EDGE_LOOP('',(#1251));
#7001=EDGE_LOOP('',(#1252));
#7002=EDGE_LOOP('',(#1253));
#7003=EDGE_LOOP('',(#1254));
#7004=EDGE_LOOP('',(#1255,#1256,#1257,#1258));
#7005=EDGE_LOOP('',(#1259,#1260,#1261,#1262));
#7006=EDGE_LOOP('',(#1263,#1264,#1265,#1266));
#7007=EDGE_LOOP('',(#1267));
#7008=EDGE_LOOP('',(#1268));
#7009=EDGE_LOOP('',(#1269));
#7010=EDGE_LOOP('',(#1270));
#7011=EDGE_LOOP('',(#1271));
#7012=EDGE_LOOP('',(#1272));
#7013=EDGE_LOOP('',(#1273,#1274,#1275,#1276));
#7014=EDGE_LOOP('',(#1277));
#7015=EDGE_LOOP('',(#1278));
#7016=EDGE_LOOP('',(#1279,#1280,#1281,#1282));
#7017=EDGE_LOOP('',(#1283));
#7018=EDGE_LOOP('',(#1284));
#7019=EDGE_LOOP('',(#1285));
#7020=EDGE_LOOP('',(#1286));
#7021=EDGE_LOOP('',(#1287,#1288,#1289,#1290));
#7022=EDGE_LOOP('',(#1291));
#7023=EDGE_LOOP('',(#1292));
#7024=EDGE_LOOP('',(#1293));
#7025=EDGE_LOOP('',(#1294));
#7026=EDGE_LOOP('',(#1295));
#7027=EDGE_LOOP('',(#1296));
#7028=EDGE_LOOP('',(#1297));
#7029=EDGE_LOOP('',(#1298,#1299,#1300,#1301,#1302,#1303));
#7030=EDGE_LOOP('',(#1304));
#7031=EDGE_LOOP('',(#1305));
#7032=EDGE_LOOP('',(#1306));
#7033=EDGE_LOOP('',(#1307));
#7034=EDGE_LOOP('',(#1308));
#7035=EDGE_LOOP('',(#1309));
#7036=EDGE_LOOP('',(#1310));
#7037=EDGE_LOOP('',(#1311));
#7038=EDGE_LOOP('',(#1312));
#7039=EDGE_LOOP('',(#1313));
#7040=EDGE_LOOP('',(#1314));
#7041=EDGE_LOOP('',(#1315));
#7042=EDGE_LOOP('',(#1316));
#7043=EDGE_LOOP('',(#1317));
#7044=EDGE_LOOP('',(#1318));
#7045=EDGE_LOOP('',(#1319));
#7046=EDGE_LOOP('',(#1320));
#7047=EDGE_LOOP('',(#1321));
#7048=EDGE_LOOP('',(#1322));
#7049=EDGE_LOOP('',(#1323));
#7050=EDGE_LOOP('',(#1324));
#7051=EDGE_LOOP('',(#1325));
#7052=EDGE_LOOP('',(#1326));
#7053=EDGE_LOOP('',(#1327));
#7054=EDGE_LOOP('',(#1328));
#7055=EDGE_LOOP('',(#1329));
#7056=EDGE_LOOP('',(#1330));
#7057=EDGE_LOOP('',(#1331));
#7058=EDGE_LOOP('',(#1332));
#7059=EDGE_LOOP('',(#1333));
#7060=EDGE_LOOP('',(#1334));
#7061=EDGE_LOOP('',(#1335));
#7062=EDGE_LOOP('',(#1336));
#7063=EDGE_LOOP('',(#1337));
#7064=EDGE_LOOP('',(#1338));
#7065=EDGE_LOOP('',(#1339));
#7066=EDGE_LOOP('',(#1340));
#7067=EDGE_LOOP('',(#1341));
#7068=EDGE_LOOP('',(#1342));
#7069=EDGE_LOOP('',(#1343));
#7070=EDGE_LOOP('',(#1344));
#7071=EDGE_LOOP('',(#1345));
#7072=EDGE_LOOP('',(#1346));
#7073=EDGE_LOOP('',(#1347));
#7074=EDGE_LOOP('',(#1348));
#7075=EDGE_LOOP('',(#1349));
#7076=EDGE_LOOP('',(#1350));
#7077=EDGE_LOOP('',(#1351,#1352,#1353,#1354));
#7078=EDGE_LOOP('',(#1355,#1356,#1357,#1358));
#7079=EDGE_LOOP('',(#1359,#1360,#1361,#1362));
#7080=EDGE_LOOP('',(#1363,#1364,#1365,#1366));
#7081=EDGE_LOOP('',(#1367,#1368,#1369,#1370));
#7082=EDGE_LOOP('',(#1371,#1372,#1373,#1374,#1375));
#7083=EDGE_LOOP('',(#1376,#1377,#1378,#1379,#1380,#1381,#1382,#1383));
#7084=EDGE_LOOP('',(#1384,#1385,#1386,#1387));
#7085=EDGE_LOOP('',(#1388,#1389,#1390,#1391));
#7086=EDGE_LOOP('',(#1392,#1393,#1394,#1395,#1396,#1397,#1398,#1399));
#7087=EDGE_LOOP('',(#1400,#1401,#1402,#1403,#1404));
#7088=EDGE_LOOP('',(#1405,#1406,#1407,#1408));
#7089=EDGE_LOOP('',(#1409,#1410,#1411,#1412,#1413,#1414,#1415,#1416,#1417,#1418,#1419,#1420,#1421,#1422,#1423,#1424,#1425,#1426,#1427,#1428,#1429,#1430,#1431,#1432,#1433,#1434,#1435,#1436));
#7090=EDGE_LOOP('',(#1437,#1438,#1439,#1440));
#7091=EDGE_LOOP('',(#1441,#1442,#1443));
#7092=EDGE_LOOP('',(#1444,#1445,#1446,#1447,#1448,#1449));
#7093=EDGE_LOOP('',(#1450,#1451,#1452,#1453,#1454,#1455,#1456,#1457,#1458,#1459,#1460,#1461));
#7094=EDGE_LOOP('',(#1462,#1463,#1464,#1465));
#7095=EDGE_LOOP('',(#1466,#1467,#1468,#1469,#1470));
#7096=EDGE_LOOP('',(#1471,#1472,#1473,#1474,#1475,#1476,#1477,#1478,#1479,#1480,#1481,#1482));
#7097=EDGE_LOOP('',(#1483,#1484,#1485,#1486,#1487,#1488,#1489));
#7098=EDGE_LOOP('',(#1490,#1491,#1492,#1493));
#7099=EDGE_LOOP('',(#1494,#1495,#1496,#1497,#1498));
#7100=EDGE_LOOP('',(#1499,#1500,#1501,#1502,#1503,#1504,#1505,#1506));
#7101=EDGE_LOOP('',(#1507,#1508,#1509,#1510));
#7102=EDGE_LOOP('',(#1511));
#7103=EDGE_LOOP('',(#1512,#1513,#1514,#1515));
#7104=EDGE_LOOP('',(#1516));
#7105=EDGE_LOOP('',(#1517,#1518,#1519,#1520));
#7106=EDGE_LOOP('',(#1521,#1522,#1523,#1524,#1525,#1526));
#7107=EDGE_LOOP('',(#1527));
#7108=EDGE_LOOP('',(#1528,#1529,#1530,#1531,#1532,#1533,#1534,#1535,#1536,#1537));
#7109=EDGE_LOOP('',(#1538,#1539,#1540,#1541,#1542));
#7110=EDGE_LOOP('',(#1543,#1544,#1545,#1546,#1547));
#7111=EDGE_LOOP('',(#1548,#1549,#1550,#1551));
#7112=EDGE_LOOP('',(#1552,#1553,#1554,#1555));
#7113=EDGE_LOOP('',(#1556,#1557,#1558,#1559,#1560,#1561));
#7114=EDGE_LOOP('',(#1562,#1563,#1564,#1565,#1566,#1567));
#7115=EDGE_LOOP('',(#1568,#1569,#1570,#1571,#1572,#1573,#1574,#1575));
#7116=EDGE_LOOP('',(#1576,#1577,#1578,#1579,#1580,#1581));
#7117=EDGE_LOOP('',(#1582,#1583,#1584,#1585,#1586,#1587));
#7118=EDGE_LOOP('',(#1588,#1589,#1590,#1591));
#7119=EDGE_LOOP('',(#1592,#1593,#1594,#1595,#1596,#1597,#1598));
#7120=EDGE_LOOP('',(#1599,#1600,#1601));
#7121=EDGE_LOOP('',(#1602,#1603,#1604,#1605,#1606,#1607));
#7122=EDGE_LOOP('',(#1608,#1609,#1610,#1611));
#7123=EDGE_LOOP('',(#1612,#1613,#1614,#1615,#1616,#1617,#1618));
#7124=EDGE_LOOP('',(#1619,#1620,#1621,#1622,#1623,#1624,#1625));
#7125=EDGE_LOOP('',(#1626,#1627,#1628,#1629,#1630,#1631,#1632,#1633));
#7126=EDGE_LOOP('',(#1634,#1635,#1636,#1637));
#7127=EDGE_LOOP('',(#1638,#1639,#1640,#1641,#1642,#1643));
#7128=EDGE_LOOP('',(#1644,#1645,#1646,#1647,#1648));
#7129=EDGE_LOOP('',(#1649,#1650,#1651,#1652));
#7130=EDGE_LOOP('',(#1653,#1654,#1655,#1656));
#7131=EDGE_LOOP('',(#1657,#1658,#1659,#1660,#1661,#1662,#1663,#1664));
#7132=EDGE_LOOP('',(#1665,#1666,#1667,#1668,#1669,#1670));
#7133=EDGE_LOOP('',(#1671,#1672,#1673,#1674,#1675));
#7134=EDGE_LOOP('',(#1676,#1677,#1678,#1679));
#7135=EDGE_LOOP('',(#1680,#1681,#1682,#1683));
#7136=EDGE_LOOP('',(#1684,#1685,#1686,#1687,#1688,#1689,#1690,#1691));
#7137=EDGE_LOOP('',(#1692,#1693,#1694,#1695,#1696,#1697,#1698,#1699));
#7138=EDGE_LOOP('',(#1700,#1701,#1702,#1703,#1704,#1705,#1706,#1707));
#7139=EDGE_LOOP('',(#1708,#1709,#1710,#1711));
#7140=EDGE_LOOP('',(#1712,#1713,#1714,#1715));
#7141=EDGE_LOOP('',(#1716,#1717,#1718,#1719));
#7142=EDGE_LOOP('',(#1720,#1721,#1722,#1723));
#7143=EDGE_LOOP('',(#1724,#1725,#1726,#1727));
#7144=EDGE_LOOP('',(#1728,#1729,#1730,#1731));
#7145=EDGE_LOOP('',(#1732,#1733,#1734,#1735));
#7146=EDGE_LOOP('',(#1736,#1737,#1738,#1739));
#7147=EDGE_LOOP('',(#1740));
#7148=EDGE_LOOP('',(#1741,#1742,#1743,#1744,#1745,#1746,#1747,#1748,#1749,#1750));
#7149=EDGE_LOOP('',(#1751,#1752,#1753,#1754));
#7150=EDGE_LOOP('',(#1755,#1756,#1757,#1758));
#7151=EDGE_LOOP('',(#1759,#1760,#1761,#1762,#1763,#1764));
#7152=EDGE_LOOP('',(#1765,#1766,#1767,#1768));
#7153=EDGE_LOOP('',(#1769,#1770,#1771,#1772,#1773,#1774));
#7154=EDGE_LOOP('',(#1775,#1776,#1777,#1778,#1779));
#7155=EDGE_LOOP('',(#1780,#1781,#1782,#1783,#1784));
#7156=EDGE_LOOP('',(#1785,#1786,#1787,#1788));
#7157=EDGE_LOOP('',(#1789,#1790,#1791,#1792));
#7158=EDGE_LOOP('',(#1793,#1794,#1795,#1796));
#7159=EDGE_LOOP('',(#1797,#1798,#1799,#1800));
#7160=EDGE_LOOP('',(#1801,#1802,#1803,#1804));
#7161=EDGE_LOOP('',(#1805,#1806,#1807,#1808));
#7162=EDGE_LOOP('',(#1809,#1810,#1811,#1812));
#7163=EDGE_LOOP('',(#1813,#1814,#1815,#1816));
#7164=EDGE_LOOP('',(#1817,#1818,#1819,#1820));
#7165=EDGE_LOOP('',(#1821,#1822,#1823,#1824));
#7166=EDGE_LOOP('',(#1825,#1826,#1827,#1828));
#7167=EDGE_LOOP('',(#1829,#1830,#1831,#1832));
#7168=EDGE_LOOP('',(#1833,#1834,#1835,#1836));
#7169=EDGE_LOOP('',(#1837,#1838,#1839,#1840));
#7170=EDGE_LOOP('',(#1841,#1842,#1843,#1844));
#7171=EDGE_LOOP('',(#1845,#1846,#1847,#1848));
#7172=EDGE_LOOP('',(#1849,#1850,#1851,#1852));
#7173=EDGE_LOOP('',(#1853,#1854,#1855,#1856));
#7174=EDGE_LOOP('',(#1857,#1858,#1859,#1860));
#7175=EDGE_LOOP('',(#1861,#1862,#1863,#1864));
#7176=EDGE_LOOP('',(#1865,#1866,#1867));
#7177=EDGE_LOOP('',(#1868));
#7178=EDGE_LOOP('',(#1869));
#7179=EDGE_LOOP('',(#1870));
#7180=EDGE_LOOP('',(#1871));
#7181=EDGE_LOOP('',(#1872));
#7182=EDGE_LOOP('',(#1873));
#7183=EDGE_LOOP('',(#1874));
#7184=EDGE_LOOP('',(#1875));
#7185=EDGE_LOOP('',(#1876));
#7186=EDGE_LOOP('',(#1877));
#7187=EDGE_LOOP('',(#1878));
#7188=EDGE_LOOP('',(#1879));
#7189=EDGE_LOOP('',(#1880));
#7190=EDGE_LOOP('',(#1881));
#7191=EDGE_LOOP('',(#1882));
#7192=EDGE_LOOP('',(#1883));
#7193=EDGE_LOOP('',(#1884));
#7194=EDGE_LOOP('',(#1885));
#7195=EDGE_LOOP('',(#1886));
#7196=EDGE_LOOP('',(#1887,#1888,#1889,#1890,#1891,#1892,#1893,#1894,#1895,#1896,#1897,#1898,#1899,#1900,#1901,#1902,#1903,#1904,#1905,#1906,#1907,#1908,#1909,#1910,#1911,#1912,#1913,#1914,#1915,#1916));
#7197=EDGE_LOOP('',(#1917,#1918,#1919,#1920));
#7198=EDGE_LOOP('',(#1921,#1922,#1923,#1924));
#7199=EDGE_LOOP('',(#1925,#1926,#1927,#1928,#1929,#1930));
#7200=EDGE_LOOP('',(#1931,#1932,#1933,#1934));
#7201=EDGE_LOOP('',(#1935,#1936,#1937,#1938));
#7202=EDGE_LOOP('',(#1939,#1940,#1941,#1942));
#7203=EDGE_LOOP('',(#1943,#1944,#1945,#1946));
#7204=EDGE_LOOP('',(#1947));
#7205=EDGE_LOOP('',(#1948));
#7206=EDGE_LOOP('',(#1949));
#7207=EDGE_LOOP('',(#1950));
#7208=EDGE_LOOP('',(#1951));
#7209=EDGE_LOOP('',(#1952));
#7210=EDGE_LOOP('',(#1953));
#7211=EDGE_LOOP('',(#1954));
#7212=EDGE_LOOP('',(#1955,#1956,#1957,#1958));
#7213=EDGE_LOOP('',(#1959));
#7214=EDGE_LOOP('',(#1960));
#7215=EDGE_LOOP('',(#1961,#1962,#1963,#1964,#1965,#1966));
#7216=EDGE_LOOP('',(#1967,#1968,#1969,#1970,#1971,#1972,#1973,#1974,#1975,#1976,#1977,#1978));
#7217=EDGE_LOOP('',(#1979,#1980,#1981,#1982,#1983,#1984,#1985,#1986,#1987,#1988,#1989,#1990,#1991,#1992,#1993,#1994,#1995,#1996));
#7218=EDGE_LOOP('',(#1997,#1998,#1999,#2000));
#7219=EDGE_LOOP('',(#2001,#2002,#2003,#2004));
#7220=EDGE_LOOP('',(#2005,#2006,#2007,#2008));
#7221=EDGE_LOOP('',(#2009,#2010,#2011,#2012));
#7222=EDGE_LOOP('',(#2013,#2014,#2015,#2016));
#7223=EDGE_LOOP('',(#2017,#2018,#2019,#2020));
#7224=EDGE_LOOP('',(#2021));
#7225=EDGE_LOOP('',(#2022));
#7226=EDGE_LOOP('',(#2023));
#7227=EDGE_LOOP('',(#2024));
#7228=EDGE_LOOP('',(#2025,#2026,#2027,#2028,#2029,#2030,#2031,#2032,#2033,#2034,#2035,#2036,#2037,#2038,#2039,#2040,#2041,#2042,#2043,#2044,#2045,#2046,#2047,#2048,#2049,#2050,#2051,#2052,#2053,#2054));
#7229=EDGE_LOOP('',(#2055));
#7230=EDGE_LOOP('',(#2056,#2057,#2058,#2059));
#7231=EDGE_LOOP('',(#2060,#2061,#2062,#2063));
#7232=EDGE_LOOP('',(#2064,#2065,#2066,#2067));
#7233=EDGE_LOOP('',(#2068,#2069,#2070,#2071));
#7234=EDGE_LOOP('',(#2072,#2073,#2074,#2075));
#7235=EDGE_LOOP('',(#2076,#2077,#2078,#2079,#2080,#2081));
#7236=EDGE_LOOP('',(#2082,#2083,#2084,#2085,#2086,#2087));
#7237=EDGE_LOOP('',(#2088,#2089,#2090,#2091,#2092,#2093));
#7238=EDGE_LOOP('',(#2094,#2095,#2096,#2097,#2098,#2099));
#7239=EDGE_LOOP('',(#2100,#2101,#2102,#2103));
#7240=EDGE_LOOP('',(#2104,#2105,#2106,#2107));
#7241=EDGE_LOOP('',(#2108,#2109,#2110,#2111));
#7242=EDGE_LOOP('',(#2112,#2113,#2114,#2115));
#7243=EDGE_LOOP('',(#2116,#2117,#2118,#2119));
#7244=EDGE_LOOP('',(#2120,#2121,#2122,#2123,#2124,#2125,#2126,#2127));
#7245=EDGE_LOOP('',(#2128,#2129,#2130,#2131));
#7246=EDGE_LOOP('',(#2132,#2133,#2134,#2135));
#7247=EDGE_LOOP('',(#2136,#2137,#2138,#2139));
#7248=EDGE_LOOP('',(#2140,#2141,#2142,#2143));
#7249=EDGE_LOOP('',(#2144,#2145,#2146,#2147,#2148,#2149));
#7250=EDGE_LOOP('',(#2150,#2151,#2152,#2153));
#7251=EDGE_LOOP('',(#2154,#2155,#2156,#2157,#2158,#2159,#2160,#2161,#2162,#2163,#2164,#2165));
#7252=EDGE_LOOP('',(#2166,#2167,#2168,#2169));
#7253=EDGE_LOOP('',(#2170,#2171,#2172,#2173,#2174,#2175));
#7254=EDGE_LOOP('',(#2176,#2177));
#7255=EDGE_LOOP('',(#2178,#2179,#2180,#2181));
#7256=EDGE_LOOP('',(#2182,#2183,#2184,#2185));
#7257=EDGE_LOOP('',(#2186,#2187,#2188,#2189));
#7258=EDGE_LOOP('',(#2190,#2191,#2192,#2193));
#7259=EDGE_LOOP('',(#2194,#2195,#2196,#2197));
#7260=EDGE_LOOP('',(#2198,#2199,#2200,#2201));
#7261=EDGE_LOOP('',(#2202,#2203,#2204,#2205,#2206,#2207,#2208,#2209));
#7262=EDGE_LOOP('',(#2210,#2211,#2212,#2213));
#7263=EDGE_LOOP('',(#2214,#2215,#2216,#2217));
#7264=EDGE_LOOP('',(#2218,#2219,#2220,#2221,#2222,#2223,#2224,#2225,#2226));
#7265=EDGE_LOOP('',(#2227,#2228,#2229,#2230,#2231));
#7266=EDGE_LOOP('',(#2232,#2233,#2234,#2235,#2236));
#7267=EDGE_LOOP('',(#2237,#2238,#2239,#2240));
#7268=EDGE_LOOP('',(#2241,#2242,#2243,#2244,#2245));
#7269=EDGE_LOOP('',(#2246,#2247,#2248,#2249,#2250,#2251,#2252));
#7270=EDGE_LOOP('',(#2253,#2254,#2255,#2256,#2257,#2258,#2259));
#7271=EDGE_LOOP('',(#2260,#2261,#2262,#2263,#2264,#2265));
#7272=EDGE_LOOP('',(#2266,#2267,#2268,#2269));
#7273=EDGE_LOOP('',(#2270,#2271,#2272,#2273,#2274));
#7274=EDGE_LOOP('',(#2275,#2276,#2277,#2278,#2279,#2280,#2281,#2282,#2283));
#7275=EDGE_LOOP('',(#2284,#2285,#2286,#2287,#2288));
#7276=EDGE_LOOP('',(#2289,#2290,#2291,#2292));
#7277=EDGE_LOOP('',(#2293,#2294,#2295,#2296));
#7278=EDGE_LOOP('',(#2297,#2298,#2299,#2300,#2301,#2302,#2303,#2304));
#7279=EDGE_LOOP('',(#2305,#2306,#2307,#2308,#2309,#2310,#2311,#2312));
#7280=EDGE_LOOP('',(#2313,#2314,#2315,#2316,#2317,#2318,#2319));
#7281=EDGE_LOOP('',(#2320,#2321,#2322,#2323,#2324,#2325,#2326,#2327));
#7282=EDGE_LOOP('',(#2328,#2329,#2330,#2331,#2332,#2333,#2334,#2335));
#7283=EDGE_LOOP('',(#2336,#2337,#2338,#2339,#2340,#2341,#2342,#2343,#2344));
#7284=EDGE_LOOP('',(#2345,#2346,#2347,#2348,#2349,#2350,#2351,#2352));
#7285=EDGE_LOOP('',(#2353,#2354,#2355,#2356,#2357,#2358,#2359,#2360,#2361,#2362,#2363,#2364));
#7286=EDGE_LOOP('',(#2365,#2366,#2367,#2368,#2369,#2370,#2371,#2372,#2373,#2374,#2375,#2376));
#7287=EDGE_LOOP('',(#2377,#2378,#2379,#2380,#2381,#2382,#2383,#2384));
#7288=EDGE_LOOP('',(#2385,#2386,#2387,#2388,#2389,#2390,#2391,#2392));
#7289=EDGE_LOOP('',(#2393,#2394,#2395,#2396));
#7290=EDGE_LOOP('',(#2397,#2398,#2399,#2400,#2401,#2402,#2403));
#7291=EDGE_LOOP('',(#2404,#2405,#2406,#2407));
#7292=EDGE_LOOP('',(#2408,#2409,#2410,#2411));
#7293=EDGE_LOOP('',(#2412,#2413,#2414,#2415));
#7294=EDGE_LOOP('',(#2416,#2417,#2418,#2419));
#7295=EDGE_LOOP('',(#2420,#2421,#2422,#2423,#2424,#2425,#2426));
#7296=EDGE_LOOP('',(#2427,#2428,#2429,#2430));
#7297=EDGE_LOOP('',(#2431,#2432,#2433,#2434,#2435,#2436,#2437,#2438));
#7298=EDGE_LOOP('',(#2439,#2440,#2441,#2442,#2443,#2444,#2445,#2446,#2447,#2448,#2449,#2450,#2451,#2452,#2453,#2454,#2455,#2456,#2457,#2458,#2459,#2460,#2461));
#7299=EDGE_LOOP('',(#2462,#2463,#2464,#2465));
#7300=EDGE_LOOP('',(#2466,#2467,#2468,#2469));
#7301=EDGE_LOOP('',(#2470,#2471,#2472,#2473));
#7302=EDGE_LOOP('',(#2474,#2475,#2476,#2477));
#7303=EDGE_LOOP('',(#2478,#2479,#2480,#2481));
#7304=EDGE_LOOP('',(#2482,#2483,#2484,#2485));
#7305=EDGE_LOOP('',(#2486,#2487,#2488,#2489));
#7306=EDGE_LOOP('',(#2490,#2491,#2492,#2493));
#7307=EDGE_LOOP('',(#2494,#2495,#2496,#2497));
#7308=EDGE_LOOP('',(#2498,#2499,#2500,#2501));
#7309=EDGE_LOOP('',(#2502,#2503,#2504,#2505));
#7310=EDGE_LOOP('',(#2506,#2507,#2508,#2509));
#7311=EDGE_LOOP('',(#2510,#2511,#2512,#2513));
#7312=EDGE_LOOP('',(#2514,#2515,#2516,#2517));
#7313=EDGE_LOOP('',(#2518,#2519,#2520,#2521));
#7314=EDGE_LOOP('',(#2522,#2523,#2524,#2525));
#7315=EDGE_LOOP('',(#2526,#2527,#2528,#2529));
#7316=EDGE_LOOP('',(#2530,#2531,#2532,#2533));
#7317=EDGE_LOOP('',(#2534,#2535,#2536,#2537));
#7318=EDGE_LOOP('',(#2538,#2539,#2540,#2541));
#7319=EDGE_LOOP('',(#2542,#2543,#2544,#2545));
#7320=EDGE_LOOP('',(#2546,#2547,#2548,#2549));
#7321=EDGE_LOOP('',(#2550,#2551,#2552,#2553));
#7322=EDGE_LOOP('',(#2554,#2555,#2556,#2557));
#7323=EDGE_LOOP('',(#2558,#2559,#2560,#2561));
#7324=EDGE_LOOP('',(#2562,#2563,#2564,#2565));
#7325=EDGE_LOOP('',(#2566,#2567,#2568,#2569));
#7326=EDGE_LOOP('',(#2570,#2571,#2572,#2573));
#7327=EDGE_LOOP('',(#2574,#2575,#2576,#2577));
#7328=EDGE_LOOP('',(#2578,#2579,#2580,#2581));
#7329=EDGE_LOOP('',(#2582,#2583,#2584,#2585));
#7330=EDGE_LOOP('',(#2586,#2587,#2588,#2589));
#7331=EDGE_LOOP('',(#2590,#2591,#2592,#2593));
#7332=EDGE_LOOP('',(#2594,#2595,#2596));
#7333=EDGE_LOOP('',(#2597,#2598,#2599,#2600));
#7334=EDGE_LOOP('',(#2601,#2602,#2603,#2604));
#7335=EDGE_LOOP('',(#2605,#2606,#2607,#2608));
#7336=EDGE_LOOP('',(#2609,#2610,#2611));
#7337=EDGE_LOOP('',(#2612,#2613,#2614,#2615));
#7338=EDGE_LOOP('',(#2616,#2617,#2618,#2619));
#7339=EDGE_LOOP('',(#2620,#2621,#2622,#2623));
#7340=EDGE_LOOP('',(#2624,#2625,#2626,#2627));
#7341=EDGE_LOOP('',(#2628,#2629,#2630,#2631));
#7342=EDGE_LOOP('',(#2632,#2633,#2634,#2635));
#7343=EDGE_LOOP('',(#2636,#2637,#2638,#2639));
#7344=EDGE_LOOP('',(#2640,#2641,#2642,#2643));
#7345=EDGE_LOOP('',(#2644,#2645,#2646,#2647));
#7346=EDGE_LOOP('',(#2648,#2649,#2650,#2651));
#7347=EDGE_LOOP('',(#2652,#2653,#2654,#2655));
#7348=EDGE_LOOP('',(#2656,#2657,#2658,#2659));
#7349=EDGE_LOOP('',(#2660,#2661,#2662,#2663,#2664,#2665,#2666,#2667,#2668,#2669,#2670,#2671));
#7350=EDGE_LOOP('',(#2672,#2673,#2674,#2675));
#7351=EDGE_LOOP('',(#2676,#2677,#2678,#2679));
#7352=EDGE_LOOP('',(#2680,#2681,#2682,#2683));
#7353=EDGE_LOOP('',(#2684,#2685,#2686,#2687));
#7354=EDGE_LOOP('',(#2688,#2689,#2690,#2691));
#7355=EDGE_LOOP('',(#2692,#2693,#2694,#2695));
#7356=EDGE_LOOP('',(#2696,#2697,#2698,#2699));
#7357=EDGE_LOOP('',(#2700,#2701,#2702,#2703));
#7358=EDGE_LOOP('',(#2704,#2705,#2706,#2707));
#7359=EDGE_LOOP('',(#2708,#2709,#2710,#2711));
#7360=EDGE_LOOP('',(#2712,#2713,#2714,#2715));
#7361=EDGE_LOOP('',(#2716,#2717,#2718,#2719));
#7362=EDGE_LOOP('',(#2720,#2721,#2722,#2723,#2724,#2725,#2726,#2727,#2728,#2729,#2730,#2731));
#7363=EDGE_LOOP('',(#2732,#2733,#2734,#2735));
#7364=EDGE_LOOP('',(#2736,#2737,#2738,#2739));
#7365=EDGE_LOOP('',(#2740,#2741,#2742,#2743));
#7366=EDGE_LOOP('',(#2744,#2745,#2746,#2747));
#7367=EDGE_LOOP('',(#2748,#2749,#2750,#2751));
#7368=EDGE_LOOP('',(#2752,#2753,#2754,#2755));
#7369=EDGE_LOOP('',(#2756,#2757,#2758,#2759));
#7370=EDGE_LOOP('',(#2760,#2761,#2762,#2763));
#7371=EDGE_LOOP('',(#2764,#2765,#2766,#2767,#2768,#2769,#2770,#2771));
#7372=EDGE_LOOP('',(#2772,#2773,#2774,#2775));
#7373=EDGE_LOOP('',(#2776,#2777,#2778,#2779));
#7374=EDGE_LOOP('',(#2780,#2781,#2782,#2783));
#7375=EDGE_LOOP('',(#2784,#2785,#2786,#2787));
#7376=EDGE_LOOP('',(#2788,#2789,#2790,#2791));
#7377=EDGE_LOOP('',(#2792,#2793,#2794,#2795));
#7378=EDGE_LOOP('',(#2796,#2797,#2798,#2799));
#7379=EDGE_LOOP('',(#2800,#2801,#2802,#2803));
#7380=EDGE_LOOP('',(#2804,#2805,#2806,#2807));
#7381=EDGE_LOOP('',(#2808,#2809,#2810));
#7382=EDGE_LOOP('',(#2811,#2812,#2813,#2814,#2815,#2816,#2817,#2818,#2819));
#7383=EDGE_LOOP('',(#2820,#2821,#2822,#2823));
#7384=EDGE_LOOP('',(#2824,#2825,#2826,#2827));
#7385=EDGE_LOOP('',(#2828,#2829,#2830,#2831));
#7386=EDGE_LOOP('',(#2832,#2833,#2834,#2835));
#7387=EDGE_LOOP('',(#2836,#2837,#2838,#2839));
#7388=EDGE_LOOP('',(#2840,#2841,#2842,#2843));
#7389=EDGE_LOOP('',(#2844,#2845,#2846,#2847));
#7390=EDGE_LOOP('',(#2848,#2849,#2850,#2851));
#7391=EDGE_LOOP('',(#2852,#2853,#2854,#2855));
#7392=EDGE_LOOP('',(#2856,#2857,#2858,#2859));
#7393=EDGE_LOOP('',(#2860,#2861,#2862,#2863));
#7394=EDGE_LOOP('',(#2864,#2865,#2866,#2867,#2868,#2869,#2870,#2871));
#7395=EDGE_LOOP('',(#2872,#2873,#2874,#2875));
#7396=EDGE_LOOP('',(#2876,#2877,#2878,#2879));
#7397=EDGE_LOOP('',(#2880,#2881,#2882,#2883));
#7398=EDGE_LOOP('',(#2884,#2885,#2886,#2887));
#7399=EDGE_LOOP('',(#2888,#2889,#2890,#2891));
#7400=EDGE_LOOP('',(#2892,#2893,#2894,#2895));
#7401=EDGE_LOOP('',(#2896,#2897,#2898,#2899));
#7402=EDGE_LOOP('',(#2900,#2901,#2902,#2903));
#7403=EDGE_LOOP('',(#2904,#2905,#2906,#2907,#2908,#2909,#2910,#2911));
#7404=EDGE_LOOP('',(#2912,#2913,#2914,#2915));
#7405=EDGE_LOOP('',(#2916,#2917,#2918,#2919));
#7406=EDGE_LOOP('',(#2920,#2921,#2922,#2923));
#7407=EDGE_LOOP('',(#2924,#2925,#2926,#2927));
#7408=EDGE_LOOP('',(#2928,#2929,#2930,#2931));
#7409=EDGE_LOOP('',(#2932,#2933,#2934,#2935));
#7410=EDGE_LOOP('',(#2936,#2937,#2938,#2939));
#7411=EDGE_LOOP('',(#2940,#2941,#2942,#2943,#2944,#2945,#2946));
#7412=EDGE_LOOP('',(#2947,#2948,#2949,#2950));
#7413=EDGE_LOOP('',(#2951,#2952,#2953,#2954));
#7414=EDGE_LOOP('',(#2955,#2956,#2957,#2958));
#7415=EDGE_LOOP('',(#2959,#2960,#2961,#2962));
#7416=EDGE_LOOP('',(#2963,#2964,#2965,#2966));
#7417=EDGE_LOOP('',(#2967,#2968,#2969,#2970));
#7418=EDGE_LOOP('',(#2971,#2972,#2973,#2974));
#7419=EDGE_LOOP('',(#2975,#2976,#2977,#2978));
#7420=EDGE_LOOP('',(#2979,#2980,#2981,#2982));
#7421=EDGE_LOOP('',(#2983,#2984,#2985,#2986,#2987,#2988,#2989,#2990));
#7422=EDGE_LOOP('',(#2991,#2992,#2993,#2994));
#7423=EDGE_LOOP('',(#2995,#2996,#2997,#2998));
#7424=EDGE_LOOP('',(#2999,#3000,#3001,#3002));
#7425=EDGE_LOOP('',(#3003,#3004,#3005,#3006));
#7426=EDGE_LOOP('',(#3007,#3008,#3009));
#7427=EDGE_LOOP('',(#3010,#3011,#3012,#3013));
#7428=EDGE_LOOP('',(#3014,#3015,#3016,#3017));
#7429=EDGE_LOOP('',(#3018,#3019,#3020,#3021));
#7430=EDGE_LOOP('',(#3022,#3023,#3024,#3025));
#7431=EDGE_LOOP('',(#3026,#3027,#3028,#3029));
#7432=EDGE_LOOP('',(#3030,#3031,#3032,#3033));
#7433=EDGE_LOOP('',(#3034,#3035,#3036,#3037));
#7434=EDGE_LOOP('',(#3038,#3039,#3040,#3041,#3042,#3043));
#7435=EDGE_LOOP('',(#3044,#3045,#3046,#3047));
#7436=EDGE_LOOP('',(#3048,#3049,#3050,#3051));
#7437=EDGE_LOOP('',(#3052,#3053,#3054,#3055));
#7438=EDGE_LOOP('',(#3056,#3057,#3058,#3059));
#7439=EDGE_LOOP('',(#3060,#3061,#3062,#3063));
#7440=EDGE_LOOP('',(#3064,#3065,#3066,#3067));
#7441=EDGE_LOOP('',(#3068,#3069,#3070,#3071));
#7442=EDGE_LOOP('',(#3072,#3073,#3074,#3075));
#7443=EDGE_LOOP('',(#3076,#3077,#3078,#3079));
#7444=EDGE_LOOP('',(#3080,#3081,#3082,#3083));
#7445=EDGE_LOOP('',(#3084,#3085,#3086,#3087));
#7446=EDGE_LOOP('',(#3088,#3089,#3090,#3091));
#7447=EDGE_LOOP('',(#3092,#3093,#3094,#3095,#3096,#3097,#3098,#3099,#3100,#3101,#3102,#3103));
#7448=EDGE_LOOP('',(#3104,#3105,#3106,#3107));
#7449=EDGE_LOOP('',(#3108,#3109,#3110,#3111));
#7450=EDGE_LOOP('',(#3112,#3113,#3114,#3115));
#7451=EDGE_LOOP('',(#3116,#3117,#3118,#3119));
#7452=EDGE_LOOP('',(#3120,#3121,#3122,#3123));
#7453=EDGE_LOOP('',(#3124,#3125,#3126,#3127));
#7454=EDGE_LOOP('',(#3128,#3129,#3130,#3131));
#7455=EDGE_LOOP('',(#3132,#3133,#3134,#3135));
#7456=EDGE_LOOP('',(#3136,#3137,#3138,#3139));
#7457=EDGE_LOOP('',(#3140,#3141,#3142,#3143));
#7458=EDGE_LOOP('',(#3144,#3145,#3146,#3147));
#7459=EDGE_LOOP('',(#3148,#3149,#3150,#3151));
#7460=EDGE_LOOP('',(#3152,#3153,#3154,#3155,#3156,#3157,#3158,#3159,#3160,#3161,#3162,#3163));
#7461=EDGE_LOOP('',(#3164,#3165,#3166,#3167));
#7462=EDGE_LOOP('',(#3168,#3169,#3170,#3171));
#7463=EDGE_LOOP('',(#3172,#3173,#3174,#3175));
#7464=EDGE_LOOP('',(#3176,#3177,#3178,#3179));
#7465=EDGE_LOOP('',(#3180,#3181,#3182,#3183));
#7466=EDGE_LOOP('',(#3184,#3185,#3186));
#7467=EDGE_LOOP('',(#3187));
#7468=EDGE_LOOP('',(#3188));
#7469=EDGE_LOOP('',(#3189));
#7470=EDGE_LOOP('',(#3190));
#7471=EDGE_LOOP('',(#3191));
#7472=EDGE_LOOP('',(#3192));
#7473=EDGE_LOOP('',(#3193));
#7474=EDGE_LOOP('',(#3194));
#7475=EDGE_LOOP('',(#3195,#3196,#3197,#3198));
#7476=EDGE_LOOP('',(#3199,#3200,#3201,#3202,#3203,#3204,#3205,#3206,#3207,#3208,#3209,#3210,#3211,#3212,#3213,#3214,#3215));
#7477=EDGE_LOOP('',(#3216));
#7478=EDGE_LOOP('',(#3217));
#7479=EDGE_LOOP('',(#3218));
#7480=EDGE_LOOP('',(#3219));
#7481=EDGE_LOOP('',(#3220));
#7482=EDGE_LOOP('',(#3221));
#7483=EDGE_LOOP('',(#3222));
#7484=EDGE_LOOP('',(#3223,#3224,#3225));
#7485=EDGE_LOOP('',(#3226,#3227,#3228));
#7486=EDGE_LOOP('',(#3229,#3230,#3231,#3232));
#7487=EDGE_LOOP('',(#3233,#3234,#3235,#3236,#3237,#3238,#3239,#3240,#3241,#3242,#3243,#3244));
#7488=EDGE_LOOP('',(#3245,#3246,#3247,#3248,#3249,#3250,#3251,#3252,#3253,#3254,#3255,#3256));
#7489=EDGE_LOOP('',(#3257,#3258,#3259,#3260));
#7490=EDGE_LOOP('',(#3261,#3262,#3263,#3264,#3265,#3266,#3267));
#7491=EDGE_LOOP('',(#3268,#3269,#3270,#3271,#3272,#3273,#3274));
#7492=EDGE_LOOP('',(#3275,#3276,#3277,#3278));
#7493=EDGE_LOOP('',(#3279,#3280,#3281,#3282,#3283,#3284,#3285,#3286,#3287,#3288,#3289,#3290));
#7494=EDGE_LOOP('',(#3291));
#7495=EDGE_LOOP('',(#3292,#3293,#3294,#3295,#3296,#3297,#3298,#3299,#3300,#3301,#3302,#3303));
#7496=EDGE_LOOP('',(#3304,#3305,#3306,#3307,#3308,#3309,#3310,#3311,#3312,#3313,#3314,#3315,#3316,#3317,#3318,#3319,#3320));
#7497=EDGE_LOOP('',(#3321,#3322,#3323,#3324));
#7498=EDGE_LOOP('',(#3325,#3326,#3327,#3328));
#7499=EDGE_LOOP('',(#3329,#3330,#3331,#3332));
#7500=EDGE_LOOP('',(#3333,#3334,#3335,#3336,#3337,#3338,#3339,#3340,#3341,#3342));
#7501=EDGE_LOOP('',(#3343,#3344,#3345,#3346,#3347,#3348,#3349,#3350));
#7502=EDGE_LOOP('',(#3351,#3352,#3353,#3354,#3355));
#7503=EDGE_LOOP('',(#3356,#3357,#3358,#3359));
#7504=EDGE_LOOP('',(#3360,#3361,#3362,#3363,#3364));
#7505=EDGE_LOOP('',(#3365,#3366,#3367,#3368));
#7506=EDGE_LOOP('',(#3369,#3370,#3371,#3372));
#7507=EDGE_LOOP('',(#3373,#3374,#3375,#3376));
#7508=EDGE_LOOP('',(#3377,#3378,#3379,#3380));
#7509=EDGE_LOOP('',(#3381,#3382,#3383,#3384,#3385,#3386));
#7510=EDGE_LOOP('',(#3387,#3388,#3389,#3390,#3391));
#7511=EDGE_LOOP('',(#3392,#3393,#3394,#3395,#3396));
#7512=EDGE_LOOP('',(#3397,#3398,#3399,#3400));
#7513=EDGE_LOOP('',(#3401,#3402,#3403,#3404));
#7514=EDGE_LOOP('',(#3405,#3406,#3407,#3408));
#7515=EDGE_LOOP('',(#3409,#3410,#3411,#3412));
#7516=EDGE_LOOP('',(#3413,#3414,#3415,#3416));
#7517=EDGE_LOOP('',(#3417,#3418,#3419,#3420));
#7518=EDGE_LOOP('',(#3421,#3422,#3423,#3424));
#7519=FACE_BOUND('',#6951,.T.);
#7520=FACE_BOUND('',#6952,.T.);
#7521=FACE_BOUND('',#6953,.T.);
#7522=FACE_BOUND('',#6954,.T.);
#7523=FACE_BOUND('',#6955,.T.);
#7524=FACE_BOUND('',#6956,.T.);
#7525=FACE_BOUND('',#6957,.T.);
#7526=FACE_BOUND('',#6958,.T.);
#7527=FACE_BOUND('',#6959,.T.);
#7528=FACE_BOUND('',#6960,.T.);
#7529=FACE_BOUND('',#6961,.T.);
#7530=FACE_BOUND('',#6962,.T.);
#7531=FACE_BOUND('',#6963,.T.);
#7532=FACE_BOUND('',#6964,.T.);
#7533=FACE_BOUND('',#6965,.T.);
#7534=FACE_BOUND('',#6966,.T.);
#7535=FACE_BOUND('',#6967,.T.);
#7536=FACE_BOUND('',#6968,.T.);
#7537=FACE_BOUND('',#6969,.T.);
#7538=FACE_BOUND('',#6970,.T.);
#7539=FACE_BOUND('',#6971,.T.);
#7540=FACE_BOUND('',#6972,.T.);
#7541=FACE_BOUND('',#6973,.T.);
#7542=FACE_BOUND('',#6974,.T.);
#7543=FACE_BOUND('',#6975,.T.);
#7544=FACE_BOUND('',#6976,.T.);
#7545=FACE_BOUND('',#6977,.T.);
#7546=FACE_BOUND('',#6978,.T.);
#7547=FACE_BOUND('',#6979,.T.);
#7548=FACE_BOUND('',#6980,.T.);
#7549=FACE_BOUND('',#6981,.T.);
#7550=FACE_BOUND('',#6982,.T.);
#7551=FACE_BOUND('',#6983,.T.);
#7552=FACE_BOUND('',#6984,.T.);
#7553=FACE_BOUND('',#6985,.T.);
#7554=FACE_BOUND('',#6986,.T.);
#7555=FACE_BOUND('',#6987,.T.);
#7556=FACE_BOUND('',#6988,.T.);
#7557=FACE_BOUND('',#6989,.T.);
#7558=FACE_BOUND('',#6990,.T.);
#7559=FACE_BOUND('',#6991,.T.);
#7560=FACE_BOUND('',#6992,.T.);
#7561=FACE_BOUND('',#6993,.T.);
#7562=FACE_BOUND('',#6994,.T.);
#7563=FACE_BOUND('',#6995,.T.);
#7564=FACE_BOUND('',#6996,.T.);
#7565=FACE_BOUND('',#6997,.T.);
#7566=FACE_BOUND('',#6998,.T.);
#7567=FACE_BOUND('',#6999,.T.);
#7568=FACE_BOUND('',#7000,.T.);
#7569=FACE_BOUND('',#7001,.T.);
#7570=FACE_BOUND('',#7002,.T.);
#7571=FACE_BOUND('',#7003,.T.);
#7572=FACE_BOUND('',#7004,.T.);
#7573=FACE_BOUND('',#7005,.T.);
#7574=FACE_BOUND('',#7006,.T.);
#7575=FACE_BOUND('',#7007,.T.);
#7576=FACE_BOUND('',#7008,.T.);
#7577=FACE_BOUND('',#7009,.T.);
#7578=FACE_BOUND('',#7010,.T.);
#7579=FACE_BOUND('',#7011,.T.);
#7580=FACE_BOUND('',#7012,.T.);
#7581=FACE_BOUND('',#7013,.T.);
#7582=FACE_BOUND('',#7014,.T.);
#7583=FACE_BOUND('',#7015,.T.);
#7584=FACE_BOUND('',#7016,.T.);
#7585=FACE_BOUND('',#7017,.T.);
#7586=FACE_BOUND('',#7018,.T.);
#7587=FACE_BOUND('',#7019,.T.);
#7588=FACE_BOUND('',#7020,.T.);
#7589=FACE_BOUND('',#7021,.T.);
#7590=FACE_BOUND('',#7022,.T.);
#7591=FACE_BOUND('',#7023,.T.);
#7592=FACE_BOUND('',#7024,.T.);
#7593=FACE_BOUND('',#7025,.T.);
#7594=FACE_BOUND('',#7026,.T.);
#7595=FACE_BOUND('',#7027,.T.);
#7596=FACE_BOUND('',#7028,.T.);
#7597=FACE_BOUND('',#7029,.T.);
#7598=FACE_BOUND('',#7030,.T.);
#7599=FACE_BOUND('',#7031,.T.);
#7600=FACE_BOUND('',#7032,.T.);
#7601=FACE_BOUND('',#7033,.T.);
#7602=FACE_BOUND('',#7034,.T.);
#7603=FACE_BOUND('',#7035,.T.);
#7604=FACE_BOUND('',#7036,.T.);
#7605=FACE_BOUND('',#7037,.T.);
#7606=FACE_BOUND('',#7038,.T.);
#7607=FACE_BOUND('',#7039,.T.);
#7608=FACE_BOUND('',#7040,.T.);
#7609=FACE_BOUND('',#7041,.T.);
#7610=FACE_BOUND('',#7042,.T.);
#7611=FACE_BOUND('',#7043,.T.);
#7612=FACE_BOUND('',#7044,.T.);
#7613=FACE_BOUND('',#7045,.T.);
#7614=FACE_BOUND('',#7046,.T.);
#7615=FACE_BOUND('',#7047,.T.);
#7616=FACE_BOUND('',#7048,.T.);
#7617=FACE_BOUND('',#7049,.T.);
#7618=FACE_BOUND('',#7050,.T.);
#7619=FACE_BOUND('',#7051,.T.);
#7620=FACE_BOUND('',#7052,.T.);
#7621=FACE_BOUND('',#7053,.T.);
#7622=FACE_BOUND('',#7054,.T.);
#7623=FACE_BOUND('',#7055,.T.);
#7624=FACE_BOUND('',#7056,.T.);
#7625=FACE_BOUND('',#7057,.T.);
#7626=FACE_BOUND('',#7058,.T.);
#7627=FACE_BOUND('',#7059,.T.);
#7628=FACE_BOUND('',#7060,.T.);
#7629=FACE_BOUND('',#7061,.T.);
#7630=FACE_BOUND('',#7062,.T.);
#7631=FACE_BOUND('',#7063,.T.);
#7632=FACE_BOUND('',#7064,.T.);
#7633=FACE_BOUND('',#7065,.T.);
#7634=FACE_BOUND('',#7066,.T.);
#7635=FACE_BOUND('',#7067,.T.);
#7636=FACE_BOUND('',#7068,.T.);
#7637=FACE_BOUND('',#7069,.T.);
#7638=FACE_BOUND('',#7070,.T.);
#7639=FACE_BOUND('',#7071,.T.);
#7640=FACE_BOUND('',#7072,.T.);
#7641=FACE_BOUND('',#7073,.T.);
#7642=FACE_BOUND('',#7074,.T.);
#7643=FACE_BOUND('',#7075,.T.);
#7644=FACE_BOUND('',#7076,.T.);
#7645=FACE_BOUND('',#7077,.T.);
#7646=FACE_BOUND('',#7078,.T.);
#7647=FACE_BOUND('',#7079,.T.);
#7648=FACE_BOUND('',#7080,.T.);
#7649=FACE_BOUND('',#7081,.T.);
#7650=FACE_BOUND('',#7082,.T.);
#7651=FACE_BOUND('',#7083,.T.);
#7652=FACE_BOUND('',#7084,.T.);
#7653=FACE_BOUND('',#7085,.T.);
#7654=FACE_BOUND('',#7086,.T.);
#7655=FACE_BOUND('',#7087,.T.);
#7656=FACE_BOUND('',#7088,.T.);
#7657=FACE_BOUND('',#7089,.T.);
#7658=FACE_BOUND('',#7090,.T.);
#7659=FACE_BOUND('',#7091,.T.);
#7660=FACE_BOUND('',#7092,.T.);
#7661=FACE_BOUND('',#7093,.T.);
#7662=FACE_BOUND('',#7094,.T.);
#7663=FACE_BOUND('',#7095,.T.);
#7664=FACE_BOUND('',#7096,.T.);
#7665=FACE_BOUND('',#7097,.T.);
#7666=FACE_BOUND('',#7098,.T.);
#7667=FACE_BOUND('',#7099,.T.);
#7668=FACE_BOUND('',#7100,.T.);
#7669=FACE_BOUND('',#7101,.T.);
#7670=FACE_BOUND('',#7102,.T.);
#7671=FACE_BOUND('',#7103,.T.);
#7672=FACE_BOUND('',#7104,.T.);
#7673=FACE_BOUND('',#7105,.T.);
#7674=FACE_BOUND('',#7106,.T.);
#7675=FACE_BOUND('',#7107,.T.);
#7676=FACE_BOUND('',#7108,.T.);
#7677=FACE_BOUND('',#7109,.T.);
#7678=FACE_BOUND('',#7110,.T.);
#7679=FACE_BOUND('',#7111,.T.);
#7680=FACE_BOUND('',#7112,.T.);
#7681=FACE_BOUND('',#7113,.T.);
#7682=FACE_BOUND('',#7114,.T.);
#7683=FACE_BOUND('',#7115,.T.);
#7684=FACE_BOUND('',#7116,.T.);
#7685=FACE_BOUND('',#7117,.T.);
#7686=FACE_BOUND('',#7118,.T.);
#7687=FACE_BOUND('',#7119,.T.);
#7688=FACE_BOUND('',#7120,.T.);
#7689=FACE_BOUND('',#7121,.T.);
#7690=FACE_BOUND('',#7122,.T.);
#7691=FACE_BOUND('',#7123,.T.);
#7692=FACE_BOUND('',#7124,.T.);
#7693=FACE_BOUND('',#7125,.T.);
#7694=FACE_BOUND('',#7126,.T.);
#7695=FACE_BOUND('',#7127,.T.);
#7696=FACE_BOUND('',#7128,.T.);
#7697=FACE_BOUND('',#7129,.T.);
#7698=FACE_BOUND('',#7130,.T.);
#7699=FACE_BOUND('',#7131,.T.);
#7700=FACE_BOUND('',#7132,.T.);
#7701=FACE_BOUND('',#7133,.T.);
#7702=FACE_BOUND('',#7134,.T.);
#7703=FACE_BOUND('',#7135,.T.);
#7704=FACE_BOUND('',#7136,.T.);
#7705=FACE_BOUND('',#7137,.T.);
#7706=FACE_BOUND('',#7138,.T.);
#7707=FACE_BOUND('',#7139,.T.);
#7708=FACE_BOUND('',#7140,.T.);
#7709=FACE_BOUND('',#7141,.T.);
#7710=FACE_BOUND('',#7142,.T.);
#7711=FACE_BOUND('',#7143,.T.);
#7712=FACE_BOUND('',#7144,.T.);
#7713=FACE_BOUND('',#7145,.T.);
#7714=FACE_BOUND('',#7146,.T.);
#7715=FACE_BOUND('',#7147,.T.);
#7716=FACE_BOUND('',#7148,.T.);
#7717=FACE_BOUND('',#7149,.T.);
#7718=FACE_BOUND('',#7150,.T.);
#7719=FACE_BOUND('',#7151,.T.);
#7720=FACE_BOUND('',#7152,.T.);
#7721=FACE_BOUND('',#7153,.T.);
#7722=FACE_BOUND('',#7154,.T.);
#7723=FACE_BOUND('',#7155,.T.);
#7724=FACE_BOUND('',#7156,.T.);
#7725=FACE_BOUND('',#7157,.T.);
#7726=FACE_BOUND('',#7158,.T.);
#7727=FACE_BOUND('',#7159,.T.);
#7728=FACE_BOUND('',#7160,.T.);
#7729=FACE_BOUND('',#7161,.T.);
#7730=FACE_BOUND('',#7162,.T.);
#7731=FACE_BOUND('',#7163,.T.);
#7732=FACE_BOUND('',#7164,.T.);
#7733=FACE_BOUND('',#7165,.T.);
#7734=FACE_BOUND('',#7166,.T.);
#7735=FACE_BOUND('',#7167,.T.);
#7736=FACE_BOUND('',#7168,.T.);
#7737=FACE_BOUND('',#7169,.T.);
#7738=FACE_BOUND('',#7170,.T.);
#7739=FACE_BOUND('',#7171,.T.);
#7740=FACE_BOUND('',#7172,.T.);
#7741=FACE_BOUND('',#7173,.T.);
#7742=FACE_BOUND('',#7174,.T.);
#7743=FACE_BOUND('',#7175,.T.);
#7744=FACE_BOUND('',#7176,.T.);
#7745=FACE_BOUND('',#7177,.T.);
#7746=FACE_BOUND('',#7178,.T.);
#7747=FACE_BOUND('',#7179,.T.);
#7748=FACE_BOUND('',#7180,.T.);
#7749=FACE_BOUND('',#7181,.T.);
#7750=FACE_BOUND('',#7182,.T.);
#7751=FACE_BOUND('',#7183,.T.);
#7752=FACE_BOUND('',#7184,.T.);
#7753=FACE_BOUND('',#7185,.T.);
#7754=FACE_BOUND('',#7186,.T.);
#7755=FACE_BOUND('',#7187,.T.);
#7756=FACE_BOUND('',#7188,.T.);
#7757=FACE_BOUND('',#7189,.T.);
#7758=FACE_BOUND('',#7190,.T.);
#7759=FACE_BOUND('',#7191,.T.);
#7760=FACE_BOUND('',#7192,.T.);
#7761=FACE_BOUND('',#7193,.T.);
#7762=FACE_BOUND('',#7194,.T.);
#7763=FACE_BOUND('',#7195,.T.);
#7764=FACE_BOUND('',#7196,.T.);
#7765=FACE_BOUND('',#7197,.T.);
#7766=FACE_BOUND('',#7198,.T.);
#7767=FACE_BOUND('',#7199,.T.);
#7768=FACE_BOUND('',#7200,.T.);
#7769=FACE_BOUND('',#7201,.T.);
#7770=FACE_BOUND('',#7202,.T.);
#7771=FACE_BOUND('',#7203,.T.);
#7772=FACE_BOUND('',#7204,.T.);
#7773=FACE_BOUND('',#7205,.T.);
#7774=FACE_BOUND('',#7206,.T.);
#7775=FACE_BOUND('',#7207,.T.);
#7776=FACE_BOUND('',#7208,.T.);
#7777=FACE_BOUND('',#7209,.T.);
#7778=FACE_BOUND('',#7210,.T.);
#7779=FACE_BOUND('',#7211,.T.);
#7780=FACE_BOUND('',#7212,.T.);
#7781=FACE_BOUND('',#7213,.T.);
#7782=FACE_BOUND('',#7214,.T.);
#7783=FACE_BOUND('',#7215,.T.);
#7784=FACE_BOUND('',#7216,.T.);
#7785=FACE_BOUND('',#7217,.T.);
#7786=FACE_BOUND('',#7218,.T.);
#7787=FACE_BOUND('',#7219,.T.);
#7788=FACE_BOUND('',#7220,.T.);
#7789=FACE_BOUND('',#7221,.T.);
#7790=FACE_BOUND('',#7222,.T.);
#7791=FACE_BOUND('',#7223,.T.);
#7792=FACE_BOUND('',#7224,.T.);
#7793=FACE_BOUND('',#7225,.T.);
#7794=FACE_BOUND('',#7226,.T.);
#7795=FACE_BOUND('',#7227,.T.);
#7796=FACE_BOUND('',#7228,.T.);
#7797=FACE_BOUND('',#7229,.T.);
#7798=FACE_BOUND('',#7230,.T.);
#7799=FACE_BOUND('',#7231,.T.);
#7800=FACE_BOUND('',#7232,.T.);
#7801=FACE_BOUND('',#7233,.T.);
#7802=FACE_BOUND('',#7234,.T.);
#7803=FACE_BOUND('',#7235,.T.);
#7804=FACE_BOUND('',#7236,.T.);
#7805=FACE_BOUND('',#7237,.T.);
#7806=FACE_BOUND('',#7238,.T.);
#7807=FACE_BOUND('',#7239,.T.);
#7808=FACE_BOUND('',#7240,.T.);
#7809=FACE_BOUND('',#7241,.T.);
#7810=FACE_BOUND('',#7242,.T.);
#7811=FACE_BOUND('',#7243,.T.);
#7812=FACE_BOUND('',#7244,.T.);
#7813=FACE_BOUND('',#7245,.T.);
#7814=FACE_BOUND('',#7246,.T.);
#7815=FACE_BOUND('',#7247,.T.);
#7816=FACE_BOUND('',#7248,.T.);
#7817=FACE_BOUND('',#7249,.T.);
#7818=FACE_BOUND('',#7250,.T.);
#7819=FACE_BOUND('',#7251,.T.);
#7820=FACE_BOUND('',#7252,.T.);
#7821=FACE_BOUND('',#7253,.T.);
#7822=FACE_BOUND('',#7254,.T.);
#7823=FACE_BOUND('',#7255,.T.);
#7824=FACE_BOUND('',#7256,.T.);
#7825=FACE_BOUND('',#7257,.T.);
#7826=FACE_BOUND('',#7258,.T.);
#7827=FACE_BOUND('',#7259,.T.);
#7828=FACE_BOUND('',#7260,.T.);
#7829=FACE_BOUND('',#7261,.T.);
#7830=FACE_BOUND('',#7262,.T.);
#7831=FACE_BOUND('',#7263,.T.);
#7832=FACE_BOUND('',#7264,.T.);
#7833=FACE_BOUND('',#7265,.T.);
#7834=FACE_BOUND('',#7266,.T.);
#7835=FACE_BOUND('',#7267,.T.);
#7836=FACE_BOUND('',#7268,.T.);
#7837=FACE_BOUND('',#7269,.T.);
#7838=FACE_BOUND('',#7270,.T.);
#7839=FACE_BOUND('',#7271,.T.);
#7840=FACE_BOUND('',#7272,.T.);
#7841=FACE_BOUND('',#7273,.T.);
#7842=FACE_BOUND('',#7274,.T.);
#7843=FACE_BOUND('',#7275,.T.);
#7844=FACE_BOUND('',#7276,.T.);
#7845=FACE_BOUND('',#7277,.T.);
#7846=FACE_BOUND('',#7278,.T.);
#7847=FACE_BOUND('',#7279,.T.);
#7848=FACE_BOUND('',#7280,.T.);
#7849=FACE_BOUND('',#7281,.T.);
#7850=FACE_BOUND('',#7282,.T.);
#7851=FACE_BOUND('',#7283,.T.);
#7852=FACE_BOUND('',#7284,.T.);
#7853=FACE_BOUND('',#7285,.T.);
#7854=FACE_BOUND('',#7286,.T.);
#7855=FACE_BOUND('',#7287,.T.);
#7856=FACE_BOUND('',#7288,.T.);
#7857=FACE_BOUND('',#7289,.T.);
#7858=FACE_BOUND('',#7290,.T.);
#7859=FACE_BOUND('',#7291,.T.);
#7860=FACE_BOUND('',#7292,.T.);
#7861=FACE_BOUND('',#7293,.T.);
#7862=FACE_BOUND('',#7294,.T.);
#7863=FACE_BOUND('',#7295,.T.);
#7864=FACE_BOUND('',#7296,.T.);
#7865=FACE_BOUND('',#7297,.T.);
#7866=FACE_BOUND('',#7298,.T.);
#7867=FACE_BOUND('',#7299,.T.);
#7868=FACE_BOUND('',#7300,.T.);
#7869=FACE_BOUND('',#7301,.T.);
#7870=FACE_BOUND('',#7302,.T.);
#7871=FACE_BOUND('',#7303,.T.);
#7872=FACE_BOUND('',#7304,.T.);
#7873=FACE_BOUND('',#7305,.T.);
#7874=FACE_BOUND('',#7306,.T.);
#7875=FACE_BOUND('',#7307,.T.);
#7876=FACE_BOUND('',#7308,.T.);
#7877=FACE_BOUND('',#7309,.T.);
#7878=FACE_BOUND('',#7310,.T.);
#7879=FACE_BOUND('',#7311,.T.);
#7880=FACE_BOUND('',#7312,.T.);
#7881=FACE_BOUND('',#7313,.T.);
#7882=FACE_BOUND('',#7314,.T.);
#7883=FACE_BOUND('',#7315,.T.);
#7884=FACE_BOUND('',#7316,.T.);
#7885=FACE_BOUND('',#7317,.T.);
#7886=FACE_BOUND('',#7318,.T.);
#7887=FACE_BOUND('',#7319,.T.);
#7888=FACE_BOUND('',#7320,.T.);
#7889=FACE_BOUND('',#7321,.T.);
#7890=FACE_BOUND('',#7322,.T.);
#7891=FACE_BOUND('',#7323,.T.);
#7892=FACE_BOUND('',#7324,.T.);
#7893=FACE_BOUND('',#7325,.T.);
#7894=FACE_BOUND('',#7326,.T.);
#7895=FACE_BOUND('',#7327,.T.);
#7896=FACE_BOUND('',#7328,.T.);
#7897=FACE_BOUND('',#7329,.T.);
#7898=FACE_BOUND('',#7330,.T.);
#7899=FACE_BOUND('',#7331,.T.);
#7900=FACE_BOUND('',#7332,.T.);
#7901=FACE_BOUND('',#7333,.T.);
#7902=FACE_BOUND('',#7334,.T.);
#7903=FACE_BOUND('',#7335,.T.);
#7904=FACE_BOUND('',#7336,.T.);
#7905=FACE_BOUND('',#7337,.T.);
#7906=FACE_BOUND('',#7338,.T.);
#7907=FACE_BOUND('',#7339,.T.);
#7908=FACE_BOUND('',#7340,.T.);
#7909=FACE_BOUND('',#7341,.T.);
#7910=FACE_BOUND('',#7342,.T.);
#7911=FACE_BOUND('',#7343,.T.);
#7912=FACE_BOUND('',#7344,.T.);
#7913=FACE_BOUND('',#7345,.T.);
#7914=FACE_BOUND('',#7346,.T.);
#7915=FACE_BOUND('',#7347,.T.);
#7916=FACE_BOUND('',#7348,.T.);
#7917=FACE_BOUND('',#7349,.T.);
#7918=FACE_BOUND('',#7350,.T.);
#7919=FACE_BOUND('',#7351,.T.);
#7920=FACE_BOUND('',#7352,.T.);
#7921=FACE_BOUND('',#7353,.T.);
#7922=FACE_BOUND('',#7354,.T.);
#7923=FACE_BOUND('',#7355,.T.);
#7924=FACE_BOUND('',#7356,.T.);
#7925=FACE_BOUND('',#7357,.T.);
#7926=FACE_BOUND('',#7358,.T.);
#7927=FACE_BOUND('',#7359,.T.);
#7928=FACE_BOUND('',#7360,.T.);
#7929=FACE_BOUND('',#7361,.T.);
#7930=FACE_BOUND('',#7362,.T.);
#7931=FACE_BOUND('',#7363,.T.);
#7932=FACE_BOUND('',#7364,.T.);
#7933=FACE_BOUND('',#7365,.T.);
#7934=FACE_BOUND('',#7366,.T.);
#7935=FACE_BOUND('',#7367,.T.);
#7936=FACE_BOUND('',#7368,.T.);
#7937=FACE_BOUND('',#7369,.T.);
#7938=FACE_BOUND('',#7370,.T.);
#7939=FACE_BOUND('',#7371,.T.);
#7940=FACE_BOUND('',#7372,.T.);
#7941=FACE_BOUND('',#7373,.T.);
#7942=FACE_BOUND('',#7374,.T.);
#7943=FACE_BOUND('',#7375,.T.);
#7944=FACE_BOUND('',#7376,.T.);
#7945=FACE_BOUND('',#7377,.T.);
#7946=FACE_BOUND('',#7378,.T.);
#7947=FACE_BOUND('',#7379,.T.);
#7948=FACE_BOUND('',#7380,.T.);
#7949=FACE_BOUND('',#7381,.T.);
#7950=FACE_BOUND('',#7382,.T.);
#7951=FACE_BOUND('',#7383,.T.);
#7952=FACE_BOUND('',#7384,.T.);
#7953=FACE_BOUND('',#7385,.T.);
#7954=FACE_BOUND('',#7386,.T.);
#7955=FACE_BOUND('',#7387,.T.);
#7956=FACE_BOUND('',#7388,.T.);
#7957=FACE_BOUND('',#7389,.T.);
#7958=FACE_BOUND('',#7390,.T.);
#7959=FACE_BOUND('',#7391,.T.);
#7960=FACE_BOUND('',#7392,.T.);
#7961=FACE_BOUND('',#7393,.T.);
#7962=FACE_BOUND('',#7394,.T.);
#7963=FACE_BOUND('',#7395,.T.);
#7964=FACE_BOUND('',#7396,.T.);
#7965=FACE_BOUND('',#7397,.T.);
#7966=FACE_BOUND('',#7398,.T.);
#7967=FACE_BOUND('',#7399,.T.);
#7968=FACE_BOUND('',#7400,.T.);
#7969=FACE_BOUND('',#7401,.T.);
#7970=FACE_BOUND('',#7402,.T.);
#7971=FACE_BOUND('',#7403,.T.);
#7972=FACE_BOUND('',#7404,.T.);
#7973=FACE_BOUND('',#7405,.T.);
#7974=FACE_BOUND('',#7406,.T.);
#7975=FACE_BOUND('',#7407,.T.);
#7976=FACE_BOUND('',#7408,.T.);
#7977=FACE_BOUND('',#7409,.T.);
#7978=FACE_BOUND('',#7410,.T.);
#7979=FACE_BOUND('',#7411,.T.);
#7980=FACE_BOUND('',#7412,.T.);
#7981=FACE_BOUND('',#7413,.T.);
#7982=FACE_BOUND('',#7414,.T.);
#7983=FACE_BOUND('',#7415,.T.);
#7984=FACE_BOUND('',#7416,.T.);
#7985=FACE_BOUND('',#7417,.T.);
#7986=FACE_BOUND('',#7418,.T.);
#7987=FACE_BOUND('',#7419,.T.);
#7988=FACE_BOUND('',#7420,.T.);
#7989=FACE_BOUND('',#7421,.T.);
#7990=FACE_BOUND('',#7422,.T.);
#7991=FACE_BOUND('',#7423,.T.);
#7992=FACE_BOUND('',#7424,.T.);
#7993=FACE_BOUND('',#7425,.T.);
#7994=FACE_BOUND('',#7426,.T.);
#7995=FACE_BOUND('',#7427,.T.);
#7996=FACE_BOUND('',#7428,.T.);
#7997=FACE_BOUND('',#7429,.T.);
#7998=FACE_BOUND('',#7430,.T.);
#7999=FACE_BOUND('',#7431,.T.);
#8000=FACE_BOUND('',#7432,.T.);
#8001=FACE_BOUND('',#7433,.T.);
#8002=FACE_BOUND('',#7434,.T.);
#8003=FACE_BOUND('',#7435,.T.);
#8004=FACE_BOUND('',#7436,.T.);
#8005=FACE_BOUND('',#7437,.T.);
#8006=FACE_BOUND('',#7438,.T.);
#8007=FACE_BOUND('',#7439,.T.);
#8008=FACE_BOUND('',#7440,.T.);
#8009=FACE_BOUND('',#7441,.T.);
#8010=FACE_BOUND('',#7442,.T.);
#8011=FACE_BOUND('',#7443,.T.);
#8012=FACE_BOUND('',#7444,.T.);
#8013=FACE_BOUND('',#7445,.T.);
#8014=FACE_BOUND('',#7446,.T.);
#8015=FACE_BOUND('',#7447,.T.);
#8016=FACE_BOUND('',#7448,.T.);
#8017=FACE_BOUND('',#7449,.T.);
#8018=FACE_BOUND('',#7450,.T.);
#8019=FACE_BOUND('',#7451,.T.);
#8020=FACE_BOUND('',#7452,.T.);
#8021=FACE_BOUND('',#7453,.T.);
#8022=FACE_BOUND('',#7454,.T.);
#8023=FACE_BOUND('',#7455,.T.);
#8024=FACE_BOUND('',#7456,.T.);
#8025=FACE_BOUND('',#7457,.T.);
#8026=FACE_BOUND('',#7458,.T.);
#8027=FACE_BOUND('',#7459,.T.);
#8028=FACE_BOUND('',#7460,.T.);
#8029=FACE_BOUND('',#7461,.T.);
#8030=FACE_BOUND('',#7462,.T.);
#8031=FACE_BOUND('',#7463,.T.);
#8032=FACE_BOUND('',#7464,.T.);
#8033=FACE_BOUND('',#7465,.T.);
#8034=FACE_BOUND('',#7466,.T.);
#8035=FACE_BOUND('',#7467,.T.);
#8036=FACE_BOUND('',#7468,.T.);
#8037=FACE_BOUND('',#7469,.T.);
#8038=FACE_BOUND('',#7470,.T.);
#8039=FACE_BOUND('',#7471,.T.);
#8040=FACE_BOUND('',#7472,.T.);
#8041=FACE_BOUND('',#7473,.T.);
#8042=FACE_BOUND('',#7474,.T.);
#8043=FACE_BOUND('',#7475,.T.);
#8044=FACE_BOUND('',#7476,.T.);
#8045=FACE_BOUND('',#7477,.T.);
#8046=FACE_BOUND('',#7478,.T.);
#8047=FACE_BOUND('',#7479,.T.);
#8048=FACE_BOUND('',#7480,.T.);
#8049=FACE_BOUND('',#7481,.T.);
#8050=FACE_BOUND('',#7482,.T.);
#8051=FACE_BOUND('',#7483,.T.);
#8052=FACE_BOUND('',#7484,.T.);
#8053=FACE_BOUND('',#7485,.T.);
#8054=FACE_BOUND('',#7486,.T.);
#8055=FACE_BOUND('',#7487,.T.);
#8056=FACE_BOUND('',#7488,.T.);
#8057=FACE_BOUND('',#7489,.T.);
#8058=FACE_BOUND('',#7490,.T.);
#8059=FACE_BOUND('',#7491,.T.);
#8060=FACE_BOUND('',#7492,.T.);
#8061=FACE_BOUND('',#7493,.T.);
#8062=FACE_BOUND('',#7494,.T.);
#8063=FACE_BOUND('',#7495,.T.);
#8064=FACE_BOUND('',#7496,.T.);
#8065=FACE_BOUND('',#7497,.T.);
#8066=FACE_BOUND('',#7498,.T.);
#8067=FACE_BOUND('',#7499,.T.);
#8068=FACE_BOUND('',#7500,.T.);
#8069=FACE_BOUND('',#7501,.T.);
#8070=FACE_BOUND('',#7502,.T.);
#8071=FACE_BOUND('',#7503,.T.);
#8072=FACE_BOUND('',#7504,.T.);
#8073=FACE_BOUND('',#7505,.T.);
#8074=FACE_BOUND('',#7506,.T.);
#8075=FACE_BOUND('',#7507,.T.);
#8076=FACE_BOUND('',#7508,.T.);
#8077=FACE_BOUND('',#7509,.T.);
#8078=FACE_BOUND('',#7510,.T.);
#8079=FACE_BOUND('',#7511,.T.);
#8080=FACE_BOUND('',#7512,.T.);
#8081=FACE_BOUND('',#7513,.T.);
#8082=FACE_BOUND('',#7514,.T.);
#8083=FACE_BOUND('',#7515,.T.);
#8084=FACE_BOUND('',#7516,.T.);
#8085=FACE_BOUND('',#7517,.T.);
#8086=FACE_BOUND('',#7518,.T.);
#8087=CYLINDRICAL_SURFACE('',#9149,91.1464397345288);
#8088=CYLINDRICAL_SURFACE('',#9152,91.1464314179217);
#8089=CYLINDRICAL_SURFACE('',#9156,91.1465124579945);
#8090=CYLINDRICAL_SURFACE('',#9158,91.1462826953244);
#8091=CYLINDRICAL_SURFACE('',#9161,91.1465123161386);
#8092=CYLINDRICAL_SURFACE('',#9164,0.01);
#8093=CYLINDRICAL_SURFACE('',#9167,0.01);
#8094=CYLINDRICAL_SURFACE('',#9170,0.01);
#8095=CYLINDRICAL_SURFACE('',#9173,0.01);
#8096=CYLINDRICAL_SURFACE('',#9176,0.01);
#8097=CYLINDRICAL_SURFACE('',#9179,91.1464397345288);
#8098=CYLINDRICAL_SURFACE('',#9184,91.1465123161386);
#8099=CYLINDRICAL_SURFACE('',#9188,91.1462826953244);
#8100=CYLINDRICAL_SURFACE('',#9190,91.1465124579945);
#8101=CYLINDRICAL_SURFACE('',#9193,91.1464314179217);
#8102=CYLINDRICAL_SURFACE('',#9198,0.002);
#8103=CYLINDRICAL_SURFACE('',#9205,0.0015);
#8104=CYLINDRICAL_SURFACE('',#9208,0.0015);
#8105=CYLINDRICAL_SURFACE('',#9211,0.0015);
#8106=CYLINDRICAL_SURFACE('',#9215,0.0015);
#8107=CYLINDRICAL_SURFACE('',#9223,0.0020193);
#8108=CYLINDRICAL_SURFACE('',#9242,0.0020193);
#8109=CYLINDRICAL_SURFACE('',#9245,0.0020193);
#8110=CYLINDRICAL_SURFACE('',#9248,0.0020193);
#8111=CYLINDRICAL_SURFACE('',#9251,0.0020193);
#8112=CYLINDRICAL_SURFACE('',#9254,0.0020193);
#8113=CYLINDRICAL_SURFACE('',#9257,0.0020193);
#8114=CYLINDRICAL_SURFACE('',#9260,0.0020193);
#8115=CYLINDRICAL_SURFACE('',#9263,0.0020193);
#8116=CYLINDRICAL_SURFACE('',#9266,0.0020193);
#8117=CYLINDRICAL_SURFACE('',#9269,0.0020193);
#8118=CYLINDRICAL_SURFACE('',#9272,0.0020193);
#8119=CYLINDRICAL_SURFACE('',#9298,0.000199780147419224);
#8120=CYLINDRICAL_SURFACE('',#9301,0.000199774769859883);
#8121=CYLINDRICAL_SURFACE('',#9363,0.0014732);
#8122=CYLINDRICAL_SURFACE('',#9367,0.0014732);
#8123=CYLINDRICAL_SURFACE('',#9454,0.0015875);
#8124=CYLINDRICAL_SURFACE('',#9455,0.0015875);
#8125=CYLINDRICAL_SURFACE('',#9456,0.0002);
#8126=CYLINDRICAL_SURFACE('',#9459,0.0002);
#8127=CYLINDRICAL_SURFACE('',#9462,0.00049999116707393);
#8128=CYLINDRICAL_SURFACE('',#9463,0.0005);
#8129=CYLINDRICAL_SURFACE('',#9467,0.00300259699249335);
#8130=CYLINDRICAL_SURFACE('',#9469,0.00300259699249335);
#8131=CYLINDRICAL_SURFACE('',#9471,0.0002);
#8132=CYLINDRICAL_SURFACE('',#9472,0.0002);
#8133=CYLINDRICAL_SURFACE('',#9475,0.0005);
#8134=CYLINDRICAL_SURFACE('',#9476,0.00049999404590025);
#8135=CYLINDRICAL_SURFACE('',#9477,0.000199956558992972);
#8136=CYLINDRICAL_SURFACE('',#9479,0.000199956755014863);
#8137=CYLINDRICAL_SURFACE('',#9481,0.0002);
#8138=CYLINDRICAL_SURFACE('',#9482,0.0002);
#8139=CYLINDRICAL_SURFACE('',#9483,0.000200002485002506);
#8140=CYLINDRICAL_SURFACE('',#9485,0.000200003735477799);
#8141=CYLINDRICAL_SURFACE('',#9488,0.0027813);
#8142=CYLINDRICAL_SURFACE('',#9493,0.0011303);
#8143=CYLINDRICAL_SURFACE('',#9496,0.0027813);
#8144=CYLINDRICAL_SURFACE('',#9501,0.0011303);
#8145=CYLINDRICAL_SURFACE('',#9529,0.000200000000000005);
#8146=CYLINDRICAL_SURFACE('',#9544,0.0218);
#8147=CYLINDRICAL_SURFACE('',#9549,0.0043434);
#8148=CYLINDRICAL_SURFACE('',#9555,0.008);
#8149=CYLINDRICAL_SURFACE('',#9556,0.009525);
#8150=CYLINDRICAL_SURFACE('',#9557,0.022);
#8151=CYLINDRICAL_SURFACE('',#9564,0.0015875);
#8152=CYLINDRICAL_SURFACE('',#9568,0.0015875);
#8153=CYLINDRICAL_SURFACE('',#9605,0.0013875);
#8154=CYLINDRICAL_SURFACE('',#9608,0.0013875);
#8155=CYLINDRICAL_SURFACE('',#9626,0.0015875);
#8156=CYLINDRICAL_SURFACE('',#9627,0.0015875);
#8157=CYLINDRICAL_SURFACE('',#9692,0.00397204478);
#8158=CYLINDRICAL_SURFACE('',#9693,0.00397204478);
#8159=CYLINDRICAL_SURFACE('',#9694,0.00397204478);
#8160=CYLINDRICAL_SURFACE('',#9695,0.00397204478);
#8161=CYLINDRICAL_SURFACE('',#9696,0.00397204478);
#8162=CYLINDRICAL_SURFACE('',#9697,0.00397204478);
#8163=CYLINDRICAL_SURFACE('',#9698,0.00397204478);
#8164=CYLINDRICAL_SURFACE('',#9699,0.00397204478);
#8165=CYLINDRICAL_SURFACE('',#9700,0.00397204478);
#8166=CYLINDRICAL_SURFACE('',#9701,0.00397204478);
#8167=CYLINDRICAL_SURFACE('',#9702,0.00397204478);
#8168=CYLINDRICAL_SURFACE('',#9703,0.00397204478);
#8169=CYLINDRICAL_SURFACE('',#9704,0.00397204478);
#8170=CYLINDRICAL_SURFACE('',#9705,0.00397204478);
#8171=CYLINDRICAL_SURFACE('',#9706,0.00397204478);
#8172=CYLINDRICAL_SURFACE('',#9707,5.11898734180127E-05);
#8173=CYLINDRICAL_SURFACE('',#9714,0.0219873);
#8174=CYLINDRICAL_SURFACE('',#9719,5.11898734192893E-05);
#8175=CYLINDRICAL_SURFACE('',#9722,0.0219873);
#8176=CYLINDRICAL_SURFACE('',#9836,0.0035687);
#8177=CYLINDRICAL_SURFACE('',#9841,0.0018288);
#8178=CYLINDRICAL_SURFACE('',#9846,0.0035687);
#8179=CYLINDRICAL_SURFACE('',#9850,0.0018288);
#8180=CYLINDRICAL_SURFACE('',#9853,0.022);
#8181=CYLINDRICAL_SURFACE('',#9875,0.0002);
#8182=CYLINDRICAL_SURFACE('',#9877,0.0002);
#8183=ADVANCED_FACE('',(#7519),#8087,.T.);
#8184=ADVANCED_FACE('',(#7520),#257,.F.);
#8185=ADVANCED_FACE('',(#7521),#8088,.T.);
#8186=ADVANCED_FACE('',(#7522),#258,.F.);
#8187=ADVANCED_FACE('',(#7523),#259,.F.);
#8188=ADVANCED_FACE('',(#7524),#8089,.T.);
#8189=ADVANCED_FACE('',(#7525),#8090,.T.);
#8190=ADVANCED_FACE('',(#7526),#260,.F.);
#8191=ADVANCED_FACE('',(#7527),#8091,.T.);
#8192=ADVANCED_FACE('',(#7528),#261,.F.);
#8193=ADVANCED_FACE('',(#7529),#8092,.T.);
#8194=ADVANCED_FACE('',(#7530),#8093,.T.);
#8195=ADVANCED_FACE('',(#7531),#8094,.T.);
#8196=ADVANCED_FACE('',(#7532),#8095,.T.);
#8197=ADVANCED_FACE('',(#7533),#8096,.T.);
#8198=ADVANCED_FACE('',(#7534),#8097,.T.);
#8199=ADVANCED_FACE('',(#7535),#216,.T.);
#8200=ADVANCED_FACE('',(#7536),#217,.T.);
#8201=ADVANCED_FACE('',(#7537,#7538),#262,.F.);
#8202=ADVANCED_FACE('',(#7539),#263,.T.);
#8203=ADVANCED_FACE('',(#7540),#211,.T.);
#8204=ADVANCED_FACE('',(#7541),#264,.F.);
#8205=ADVANCED_FACE('',(#7542),#8098,.T.);
#8206=ADVANCED_FACE('',(#7543),#212,.T.);
#8207=ADVANCED_FACE('',(#7544),#265,.T.);
#8208=ADVANCED_FACE('',(#7545),#218,.T.);
#8209=ADVANCED_FACE('',(#7546),#266,.F.);
#8210=ADVANCED_FACE('',(#7547),#219,.T.);
#8211=ADVANCED_FACE('',(#7548),#213,.T.);
#8212=ADVANCED_FACE('',(#7549),#267,.T.);
#8213=ADVANCED_FACE('',(#7550),#8099,.T.);
#8214=ADVANCED_FACE('',(#7551),#268,.F.);
#8215=ADVANCED_FACE('',(#7552),#220,.T.);
#8216=ADVANCED_FACE('',(#7553),#221,.T.);
#8217=ADVANCED_FACE('',(#7554),#8100,.T.);
#8218=ADVANCED_FACE('',(#7555),#214,.T.);
#8219=ADVANCED_FACE('',(#7556),#269,.T.);
#8220=ADVANCED_FACE('',(#7557),#222,.T.);
#8221=ADVANCED_FACE('',(#7558),#270,.F.);
#8222=ADVANCED_FACE('',(#7559),#223,.T.);
#8223=ADVANCED_FACE('',(#7560),#8101,.T.);
#8224=ADVANCED_FACE('',(#7561),#215,.T.);
#8225=ADVANCED_FACE('',(#7562),#271,.T.);
#8226=ADVANCED_FACE('',(#7563),#224,.T.);
#8227=ADVANCED_FACE('',(#7564),#272,.F.);
#8228=ADVANCED_FACE('',(#7565),#225,.T.);
#8229=ADVANCED_FACE('',(#7566,#7567),#273,.T.);
#8230=ADVANCED_FACE('',(#7568,#7569),#8102,.F.);
#8231=ADVANCED_FACE('',(#7570,#7571),#204,.T.);
#8232=ADVANCED_FACE('',(#7572),#274,.T.);
#8233=ADVANCED_FACE('',(#7573),#275,.F.);
#8234=ADVANCED_FACE('',(#7574),#276,.F.);
#8235=ADVANCED_FACE('',(#7575,#7576),#8103,.F.);
#8236=ADVANCED_FACE('',(#7577,#7578),#8104,.F.);
#8237=ADVANCED_FACE('',(#7579,#7580),#8105,.F.);
#8238=ADVANCED_FACE('',(#7581),#277,.T.);
#8239=ADVANCED_FACE('',(#7582,#7583),#8106,.F.);
#8240=ADVANCED_FACE('',(#7584,#7585,#7586,#7587,#7588),#278,.T.);
#8241=ADVANCED_FACE('',(#7589,#7590,#7591,#7592,#7593),#279,.F.);
#8242=ADVANCED_FACE('',(#7594),#280,.T.);
#8243=ADVANCED_FACE('',(#7595,#7596),#8107,.F.);
#8244=ADVANCED_FACE('',(#7597,#7598,#7599,#7600,#7601,#7602,#7603,#7604,#7605,#7606,#7607,#7608,#7609),#281,.T.);
#8245=ADVANCED_FACE('',(#7610),#282,.T.);
#8246=ADVANCED_FACE('',(#7611,#7612),#8108,.F.);
#8247=ADVANCED_FACE('',(#7613),#283,.T.);
#8248=ADVANCED_FACE('',(#7614,#7615),#8109,.F.);
#8249=ADVANCED_FACE('',(#7616),#284,.T.);
#8250=ADVANCED_FACE('',(#7617,#7618),#8110,.F.);
#8251=ADVANCED_FACE('',(#7619),#285,.T.);
#8252=ADVANCED_FACE('',(#7620,#7621),#8111,.F.);
#8253=ADVANCED_FACE('',(#7622),#286,.T.);
#8254=ADVANCED_FACE('',(#7623,#7624),#8112,.F.);
#8255=ADVANCED_FACE('',(#7625),#287,.T.);
#8256=ADVANCED_FACE('',(#7626,#7627),#8113,.F.);
#8257=ADVANCED_FACE('',(#7628),#288,.T.);
#8258=ADVANCED_FACE('',(#7629,#7630),#8114,.F.);
#8259=ADVANCED_FACE('',(#7631),#289,.T.);
#8260=ADVANCED_FACE('',(#7632,#7633),#8115,.F.);
#8261=ADVANCED_FACE('',(#7634),#290,.T.);
#8262=ADVANCED_FACE('',(#7635,#7636),#8116,.F.);
#8263=ADVANCED_FACE('',(#7637),#291,.T.);
#8264=ADVANCED_FACE('',(#7638,#7639),#8117,.F.);
#8265=ADVANCED_FACE('',(#7640),#292,.T.);
#8266=ADVANCED_FACE('',(#7641,#7642),#8118,.F.);
#8267=ADVANCED_FACE('',(#7643,#7644),#293,.T.);
#8268=ADVANCED_FACE('',(#7645),#294,.T.);
#8269=ADVANCED_FACE('',(#7646),#295,.T.);
#8270=ADVANCED_FACE('',(#7647),#296,.F.);
#8271=ADVANCED_FACE('',(#7648),#297,.F.);
#8272=ADVANCED_FACE('',(#7649),#298,.F.);
#8273=ADVANCED_FACE('',(#7650),#299,.F.);
#8274=ADVANCED_FACE('',(#7651),#16,.F.);
#8275=ADVANCED_FACE('',(#7652),#8119,.T.);
#8276=ADVANCED_FACE('',(#7653),#8120,.T.);
#8277=ADVANCED_FACE('',(#7654),#300,.T.);
#8278=ADVANCED_FACE('',(#7655),#301,.T.);
#8279=ADVANCED_FACE('',(#7656),#17,.F.);
#8280=ADVANCED_FACE('',(#7657),#302,.T.);
#8281=ADVANCED_FACE('',(#7658),#303,.T.);
#8282=ADVANCED_FACE('',(#7659),#304,.F.);
#8283=ADVANCED_FACE('',(#7660),#305,.T.);
#8284=ADVANCED_FACE('',(#7661),#306,.T.);
#8285=ADVANCED_FACE('',(#7662),#18,.F.);
#8286=ADVANCED_FACE('',(#7663),#307,.T.);
#8287=ADVANCED_FACE('',(#7664),#308,.T.);
#8288=ADVANCED_FACE('',(#7665),#309,.T.);
#8289=ADVANCED_FACE('',(#7666),#19,.F.);
#8290=ADVANCED_FACE('',(#7667),#310,.F.);
#8291=ADVANCED_FACE('',(#7668),#20,.T.);
#8292=ADVANCED_FACE('',(#7669),#21,.T.);
#8293=ADVANCED_FACE('',(#7670,#7671),#8121,.F.);
#8294=ADVANCED_FACE('',(#7672,#7673),#8122,.F.);
#8295=ADVANCED_FACE('',(#7674),#311,.T.);
#8296=ADVANCED_FACE('',(#7675,#7676),#312,.T.);
#8297=ADVANCED_FACE('',(#7677),#313,.F.);
#8298=ADVANCED_FACE('',(#7678),#314,.F.);
#8299=ADVANCED_FACE('',(#7679),#315,.F.);
#8300=ADVANCED_FACE('',(#7680),#316,.F.);
#8301=ADVANCED_FACE('',(#7681),#22,.T.);
#8302=ADVANCED_FACE('',(#7682),#317,.T.);
#8303=ADVANCED_FACE('',(#7683),#318,.T.);
#8304=ADVANCED_FACE('',(#7684),#319,.T.);
#8305=ADVANCED_FACE('',(#7685),#23,.T.);
#8306=ADVANCED_FACE('',(#7686),#24,.T.);
#8307=ADVANCED_FACE('',(#7687),#320,.T.);
#8308=ADVANCED_FACE('',(#7688),#321,.T.);
#8309=ADVANCED_FACE('',(#7689),#322,.T.);
#8310=ADVANCED_FACE('',(#7690),#323,.T.);
#8311=ADVANCED_FACE('',(#7691),#324,.F.);
#8312=ADVANCED_FACE('',(#7692),#325,.F.);
#8313=ADVANCED_FACE('',(#7693),#25,.T.);
#8314=ADVANCED_FACE('',(#7694),#326,.F.);
#8315=ADVANCED_FACE('',(#7695),#327,.T.);
#8316=ADVANCED_FACE('',(#7696),#328,.T.);
#8317=ADVANCED_FACE('',(#7697),#26,.F.);
#8318=ADVANCED_FACE('',(#7698),#27,.F.);
#8319=ADVANCED_FACE('',(#7699),#329,.F.);
#8320=ADVANCED_FACE('',(#7700),#330,.T.);
#8321=ADVANCED_FACE('',(#7701),#331,.T.);
#8322=ADVANCED_FACE('',(#7702),#28,.F.);
#8323=ADVANCED_FACE('',(#7703),#29,.F.);
#8324=ADVANCED_FACE('',(#7704),#332,.F.);
#8325=ADVANCED_FACE('',(#7705),#333,.F.);
#8326=ADVANCED_FACE('',(#7706),#334,.F.);
#8327=ADVANCED_FACE('',(#7707),#335,.F.);
#8328=ADVANCED_FACE('',(#7708),#336,.T.);
#8329=ADVANCED_FACE('',(#7709),#30,.F.);
#8330=ADVANCED_FACE('',(#7710),#337,.F.);
#8331=ADVANCED_FACE('',(#7711),#338,.F.);
#8332=ADVANCED_FACE('',(#7712),#339,.T.);
#8333=ADVANCED_FACE('',(#7713),#340,.F.);
#8334=ADVANCED_FACE('',(#7714),#31,.F.);
#8335=ADVANCED_FACE('',(#7715,#7716),#341,.T.);
#8336=ADVANCED_FACE('',(#7717),#8123,.T.);
#8337=ADVANCED_FACE('',(#7718),#8124,.T.);
#8338=ADVANCED_FACE('',(#7719),#8125,.T.);
#8339=ADVANCED_FACE('',(#7720),#205,.F.);
#8340=ADVANCED_FACE('',(#7721),#8126,.T.);
#8341=ADVANCED_FACE('',(#7722),#32,.F.);
#8342=ADVANCED_FACE('',(#7723),#8127,.T.);
#8343=ADVANCED_FACE('',(#7724),#8128,.T.);
#8344=ADVANCED_FACE('',(#7725),#342,.F.);
#8345=ADVANCED_FACE('',(#7726),#343,.F.);
#8346=ADVANCED_FACE('',(#7727),#344,.T.);
#8347=ADVANCED_FACE('',(#7728),#8129,.F.);
#8348=ADVANCED_FACE('',(#7729),#345,.T.);
#8349=ADVANCED_FACE('',(#7730),#8130,.F.);
#8350=ADVANCED_FACE('',(#7731),#346,.T.);
#8351=ADVANCED_FACE('',(#7732),#8131,.T.);
#8352=ADVANCED_FACE('',(#7733),#8132,.T.);
#8353=ADVANCED_FACE('',(#7734),#33,.F.);
#8354=ADVANCED_FACE('',(#7735),#347,.F.);
#8355=ADVANCED_FACE('',(#7736),#8133,.T.);
#8356=ADVANCED_FACE('',(#7737),#8134,.T.);
#8357=ADVANCED_FACE('',(#7738),#8135,.T.);
#8358=ADVANCED_FACE('',(#7739),#8136,.T.);
#8359=ADVANCED_FACE('',(#7740),#8137,.T.);
#8360=ADVANCED_FACE('',(#7741),#8138,.T.);
#8361=ADVANCED_FACE('',(#7742),#8139,.T.);
#8362=ADVANCED_FACE('',(#7743),#8140,.T.);
#8363=ADVANCED_FACE('',(#7744),#348,.F.);
#8364=ADVANCED_FACE('',(#7745,#7746),#8141,.T.);
#8365=ADVANCED_FACE('',(#7747,#7748),#349,.F.);
#8366=ADVANCED_FACE('',(#7749,#7750),#8142,.F.);
#8367=ADVANCED_FACE('',(#7751),#350,.T.);
#8368=ADVANCED_FACE('',(#7752,#7753),#8143,.T.);
#8369=ADVANCED_FACE('',(#7754,#7755),#351,.F.);
#8370=ADVANCED_FACE('',(#7756,#7757),#8144,.F.);
#8371=ADVANCED_FACE('',(#7758),#352,.T.);
#8372=ADVANCED_FACE('',(#7759,#7760),#34,.F.);
#8373=ADVANCED_FACE('',(#7761,#7762),#35,.T.);
#8374=ADVANCED_FACE('',(#7763,#7764),#36,.T.);
#8375=ADVANCED_FACE('',(#7765),#206,.T.);
#8376=ADVANCED_FACE('',(#7766),#8145,.T.);
#8377=ADVANCED_FACE('',(#7767),#37,.T.);
#8378=ADVANCED_FACE('',(#7768),#38,.F.);
#8379=ADVANCED_FACE('',(#7769),#39,.F.);
#8380=ADVANCED_FACE('',(#7770),#8146,.T.);
#8381=ADVANCED_FACE('',(#7771),#40,.T.);
#8382=ADVANCED_FACE('',(#7772,#7773),#8147,.T.);
#8383=ADVANCED_FACE('',(#7774,#7775),#41,.T.);
#8384=ADVANCED_FACE('',(#7776,#7777),#8148,.F.);
#8385=ADVANCED_FACE('',(#7778,#7779),#8149,.T.);
#8386=ADVANCED_FACE('',(#7780),#8150,.T.);
#8387=ADVANCED_FACE('',(#7781,#7782,#7783,#7784,#7785),#353,.F.);
#8388=ADVANCED_FACE('',(#7786),#354,.T.);
#8389=ADVANCED_FACE('',(#7787),#8151,.T.);
#8390=ADVANCED_FACE('',(#7788),#355,.T.);
#8391=ADVANCED_FACE('',(#7789),#8152,.T.);
#8392=ADVANCED_FACE('',(#7790),#356,.T.);
#8393=ADVANCED_FACE('',(#7791),#357,.T.);
#8394=ADVANCED_FACE('',(#7792,#7793),#358,.T.);
#8395=ADVANCED_FACE('',(#7794,#7795),#359,.T.);
#8396=ADVANCED_FACE('',(#7796,#7797),#360,.T.);
#8397=ADVANCED_FACE('',(#7798),#361,.F.);
#8398=ADVANCED_FACE('',(#7799),#362,.F.);
#8399=ADVANCED_FACE('',(#7800),#42,.T.);
#8400=ADVANCED_FACE('',(#7801),#43,.T.);
#8401=ADVANCED_FACE('',(#7802),#363,.F.);
#8402=ADVANCED_FACE('',(#7803,#7804),#364,.T.);
#8403=ADVANCED_FACE('',(#7805,#7806),#365,.F.);
#8404=ADVANCED_FACE('',(#7807),#8153,.T.);
#8405=ADVANCED_FACE('',(#7808),#366,.T.);
#8406=ADVANCED_FACE('',(#7809),#367,.T.);
#8407=ADVANCED_FACE('',(#7810),#8154,.T.);
#8408=ADVANCED_FACE('',(#7811),#368,.T.);
#8409=ADVANCED_FACE('',(#7812),#369,.T.);
#8410=ADVANCED_FACE('',(#7813),#44,.T.);
#8411=ADVANCED_FACE('',(#7814),#45,.T.);
#8412=ADVANCED_FACE('',(#7815),#370,.T.);
#8413=ADVANCED_FACE('',(#7816),#371,.T.);
#8414=ADVANCED_FACE('',(#7817),#372,.T.);
#8415=ADVANCED_FACE('',(#7818),#373,.T.);
#8416=ADVANCED_FACE('',(#7819),#46,.T.);
#8417=ADVANCED_FACE('',(#7820),#374,.T.);
#8418=ADVANCED_FACE('',(#7821),#375,.T.);
#8419=ADVANCED_FACE('',(#7822),#376,.F.);
#8420=ADVANCED_FACE('',(#7823),#8155,.T.);
#8421=ADVANCED_FACE('',(#7824),#8156,.T.);
#8422=ADVANCED_FACE('',(#7825),#47,.F.);
#8423=ADVANCED_FACE('',(#7826),#377,.F.);
#8424=ADVANCED_FACE('',(#7827),#48,.F.);
#8425=ADVANCED_FACE('',(#7828),#378,.F.);
#8426=ADVANCED_FACE('',(#7829),#379,.T.);
#8427=ADVANCED_FACE('',(#7830),#380,.F.);
#8428=ADVANCED_FACE('',(#7831),#381,.F.);
#8429=ADVANCED_FACE('',(#7832),#382,.F.);
#8430=ADVANCED_FACE('',(#7833),#383,.T.);
#8431=ADVANCED_FACE('',(#7834),#49,.T.);
#8432=ADVANCED_FACE('',(#7835),#50,.T.);
#8433=ADVANCED_FACE('',(#7836),#384,.T.);
#8434=ADVANCED_FACE('',(#7837),#385,.T.);
#8435=ADVANCED_FACE('',(#7838),#386,.T.);
#8436=ADVANCED_FACE('',(#7839),#387,.T.);
#8437=ADVANCED_FACE('',(#7840),#51,.T.);
#8438=ADVANCED_FACE('',(#7841),#388,.T.);
#8439=ADVANCED_FACE('',(#7842),#389,.F.);
#8440=ADVANCED_FACE('',(#7843),#52,.T.);
#8441=ADVANCED_FACE('',(#7844),#390,.F.);
#8442=ADVANCED_FACE('',(#7845),#391,.F.);
#8443=ADVANCED_FACE('',(#7846),#392,.T.);
#8444=ADVANCED_FACE('',(#7847,#7848,#7849,#7850,#7851,#7852,#7853,#7854,#7855),#393,.T.);
#8445=ADVANCED_FACE('',(#7856),#394,.F.);
#8446=ADVANCED_FACE('',(#7857),#53,.T.);
#8447=ADVANCED_FACE('',(#7858),#395,.F.);
#8448=ADVANCED_FACE('',(#7859),#207,.T.);
#8449=ADVANCED_FACE('',(#7860),#208,.T.);
#8450=ADVANCED_FACE('',(#7861),#209,.T.);
#8451=ADVANCED_FACE('',(#7862),#210,.T.);
#8452=ADVANCED_FACE('',(#7863),#396,.F.);
#8453=ADVANCED_FACE('',(#7864),#54,.T.);
#8454=ADVANCED_FACE('',(#7865),#397,.F.);
#8455=ADVANCED_FACE('',(#7866),#398,.T.);
#8456=ADVANCED_FACE('',(#7867),#8157,.T.);
#8457=ADVANCED_FACE('',(#7868),#226,.F.);
#8458=ADVANCED_FACE('',(#7869),#8158,.T.);
#8459=ADVANCED_FACE('',(#7870),#227,.F.);
#8460=ADVANCED_FACE('',(#7871),#8159,.T.);
#8461=ADVANCED_FACE('',(#7872),#228,.F.);
#8462=ADVANCED_FACE('',(#7873),#8160,.T.);
#8463=ADVANCED_FACE('',(#7874),#229,.F.);
#8464=ADVANCED_FACE('',(#7875),#8161,.T.);
#8465=ADVANCED_FACE('',(#7876),#230,.F.);
#8466=ADVANCED_FACE('',(#7877),#8162,.T.);
#8467=ADVANCED_FACE('',(#7878),#231,.F.);
#8468=ADVANCED_FACE('',(#7879),#8163,.T.);
#8469=ADVANCED_FACE('',(#7880),#232,.F.);
#8470=ADVANCED_FACE('',(#7881),#8164,.T.);
#8471=ADVANCED_FACE('',(#7882),#233,.F.);
#8472=ADVANCED_FACE('',(#7883),#8165,.T.);
#8473=ADVANCED_FACE('',(#7884),#234,.F.);
#8474=ADVANCED_FACE('',(#7885),#8166,.T.);
#8475=ADVANCED_FACE('',(#7886),#235,.F.);
#8476=ADVANCED_FACE('',(#7887),#8167,.T.);
#8477=ADVANCED_FACE('',(#7888),#236,.F.);
#8478=ADVANCED_FACE('',(#7889),#8168,.T.);
#8479=ADVANCED_FACE('',(#7890),#237,.F.);
#8480=ADVANCED_FACE('',(#7891),#8169,.T.);
#8481=ADVANCED_FACE('',(#7892),#238,.F.);
#8482=ADVANCED_FACE('',(#7893),#8170,.T.);
#8483=ADVANCED_FACE('',(#7894),#239,.F.);
#8484=ADVANCED_FACE('',(#7895),#8171,.T.);
#8485=ADVANCED_FACE('',(#7896),#240,.F.);
#8486=ADVANCED_FACE('',(#7897),#8172,.F.);
#8487=ADVANCED_FACE('',(#7898),#399,.F.);
#8488=ADVANCED_FACE('',(#7899),#400,.F.);
#8489=ADVANCED_FACE('',(#7900),#8173,.T.);
#8490=ADVANCED_FACE('',(#7901),#401,.F.);
#8491=ADVANCED_FACE('',(#7902),#402,.F.);
#8492=ADVANCED_FACE('',(#7903),#8174,.F.);
#8493=ADVANCED_FACE('',(#7904),#8175,.T.);
#8494=ADVANCED_FACE('',(#7905),#403,.T.);
#8495=ADVANCED_FACE('',(#7906),#404,.T.);
#8496=ADVANCED_FACE('',(#7907),#405,.T.);
#8497=ADVANCED_FACE('',(#7908),#241,.T.);
#8498=ADVANCED_FACE('',(#7909),#242,.T.);
#8499=ADVANCED_FACE('',(#7910),#406,.T.);
#8500=ADVANCED_FACE('',(#7911),#407,.T.);
#8501=ADVANCED_FACE('',(#7912),#408,.T.);
#8502=ADVANCED_FACE('',(#7913),#409,.T.);
#8503=ADVANCED_FACE('',(#7914),#243,.T.);
#8504=ADVANCED_FACE('',(#7915),#244,.T.);
#8505=ADVANCED_FACE('',(#7916),#410,.T.);
#8506=ADVANCED_FACE('',(#7917),#411,.F.);
#8507=ADVANCED_FACE('',(#7918),#412,.T.);
#8508=ADVANCED_FACE('',(#7919),#413,.T.);
#8509=ADVANCED_FACE('',(#7920),#414,.T.);
#8510=ADVANCED_FACE('',(#7921),#245,.T.);
#8511=ADVANCED_FACE('',(#7922),#415,.T.);
#8512=ADVANCED_FACE('',(#7923),#416,.T.);
#8513=ADVANCED_FACE('',(#7924),#417,.T.);
#8514=ADVANCED_FACE('',(#7925),#55,.T.);
#8515=ADVANCED_FACE('',(#7926),#418,.T.);
#8516=ADVANCED_FACE('',(#7927),#419,.T.);
#8517=ADVANCED_FACE('',(#7928),#420,.T.);
#8518=ADVANCED_FACE('',(#7929),#421,.T.);
#8519=ADVANCED_FACE('',(#7930),#422,.F.);
#8520=ADVANCED_FACE('',(#7931),#423,.T.);
#8521=ADVANCED_FACE('',(#7932),#424,.T.);
#8522=ADVANCED_FACE('',(#7933),#425,.T.);
#8523=ADVANCED_FACE('',(#7934),#426,.T.);
#8524=ADVANCED_FACE('',(#7935),#427,.T.);
#8525=ADVANCED_FACE('',(#7936),#428,.T.);
#8526=ADVANCED_FACE('',(#7937),#429,.T.);
#8527=ADVANCED_FACE('',(#7938),#430,.T.);
#8528=ADVANCED_FACE('',(#7939),#431,.F.);
#8529=ADVANCED_FACE('',(#7940),#432,.T.);
#8530=ADVANCED_FACE('',(#7941),#433,.T.);
#8531=ADVANCED_FACE('',(#7942),#434,.T.);
#8532=ADVANCED_FACE('',(#7943),#246,.T.);
#8533=ADVANCED_FACE('',(#7944),#247,.T.);
#8534=ADVANCED_FACE('',(#7945),#435,.T.);
#8535=ADVANCED_FACE('',(#7946),#436,.T.);
#8536=ADVANCED_FACE('',(#7947),#437,.T.);
#8537=ADVANCED_FACE('',(#7948),#438,.T.);
#8538=ADVANCED_FACE('',(#7949,#7950),#439,.F.);
#8539=ADVANCED_FACE('',(#7951),#440,.T.);
#8540=ADVANCED_FACE('',(#7952),#441,.T.);
#8541=ADVANCED_FACE('',(#7953),#442,.T.);
#8542=ADVANCED_FACE('',(#7954),#443,.T.);
#8543=ADVANCED_FACE('',(#7955),#444,.T.);
#8544=ADVANCED_FACE('',(#7956),#445,.T.);
#8545=ADVANCED_FACE('',(#7957),#248,.T.);
#8546=ADVANCED_FACE('',(#7958),#249,.T.);
#8547=ADVANCED_FACE('',(#7959),#446,.T.);
#8548=ADVANCED_FACE('',(#7960),#447,.T.);
#8549=ADVANCED_FACE('',(#7961),#448,.T.);
#8550=ADVANCED_FACE('',(#7962),#449,.F.);
#8551=ADVANCED_FACE('',(#7963),#450,.T.);
#8552=ADVANCED_FACE('',(#7964),#451,.T.);
#8553=ADVANCED_FACE('',(#7965),#452,.T.);
#8554=ADVANCED_FACE('',(#7966),#250,.T.);
#8555=ADVANCED_FACE('',(#7967),#251,.T.);
#8556=ADVANCED_FACE('',(#7968),#453,.T.);
#8557=ADVANCED_FACE('',(#7969),#454,.T.);
#8558=ADVANCED_FACE('',(#7970),#455,.T.);
#8559=ADVANCED_FACE('',(#7971),#456,.F.);
#8560=ADVANCED_FACE('',(#7972),#457,.T.);
#8561=ADVANCED_FACE('',(#7973),#458,.T.);
#8562=ADVANCED_FACE('',(#7974),#459,.T.);
#8563=ADVANCED_FACE('',(#7975),#252,.T.);
#8564=ADVANCED_FACE('',(#7976),#460,.T.);
#8565=ADVANCED_FACE('',(#7977),#461,.T.);
#8566=ADVANCED_FACE('',(#7978),#462,.T.);
#8567=ADVANCED_FACE('',(#7979),#463,.F.);
#8568=ADVANCED_FACE('',(#7980),#253,.T.);
#8569=ADVANCED_FACE('',(#7981),#464,.T.);
#8570=ADVANCED_FACE('',(#7982),#254,.T.);
#8571=ADVANCED_FACE('',(#7983),#465,.T.);
#8572=ADVANCED_FACE('',(#7984),#255,.T.);
#8573=ADVANCED_FACE('',(#7985),#466,.T.);
#8574=ADVANCED_FACE('',(#7986),#256,.T.);
#8575=ADVANCED_FACE('',(#7987),#467,.T.);
#8576=ADVANCED_FACE('',(#7988,#7989),#468,.F.);
#8577=ADVANCED_FACE('',(#7990),#469,.T.);
#8578=ADVANCED_FACE('',(#7991),#470,.T.);
#8579=ADVANCED_FACE('',(#7992),#471,.T.);
#8580=ADVANCED_FACE('',(#7993),#472,.T.);
#8581=ADVANCED_FACE('',(#7994),#473,.T.);
#8582=ADVANCED_FACE('',(#7995),#474,.T.);
#8583=ADVANCED_FACE('',(#7996),#475,.T.);
#8584=ADVANCED_FACE('',(#7997),#476,.T.);
#8585=ADVANCED_FACE('',(#7998),#477,.T.);
#8586=ADVANCED_FACE('',(#7999),#478,.T.);
#8587=ADVANCED_FACE('',(#8000),#479,.T.);
#8588=ADVANCED_FACE('',(#8001),#480,.T.);
#8589=ADVANCED_FACE('',(#8002),#481,.T.);
#8590=ADVANCED_FACE('',(#8003),#482,.T.);
#8591=ADVANCED_FACE('',(#8004),#483,.T.);
#8592=ADVANCED_FACE('',(#8005),#484,.T.);
#8593=ADVANCED_FACE('',(#8006),#485,.T.);
#8594=ADVANCED_FACE('',(#8007),#486,.T.);
#8595=ADVANCED_FACE('',(#8008),#487,.T.);
#8596=ADVANCED_FACE('',(#8009),#488,.T.);
#8597=ADVANCED_FACE('',(#8010),#489,.T.);
#8598=ADVANCED_FACE('',(#8011),#490,.T.);
#8599=ADVANCED_FACE('',(#8012),#491,.T.);
#8600=ADVANCED_FACE('',(#8013),#492,.T.);
#8601=ADVANCED_FACE('',(#8014),#493,.T.);
#8602=ADVANCED_FACE('',(#8015),#494,.T.);
#8603=ADVANCED_FACE('',(#8016),#495,.T.);
#8604=ADVANCED_FACE('',(#8017),#496,.T.);
#8605=ADVANCED_FACE('',(#8018),#497,.T.);
#8606=ADVANCED_FACE('',(#8019),#498,.T.);
#8607=ADVANCED_FACE('',(#8020),#499,.T.);
#8608=ADVANCED_FACE('',(#8021),#500,.T.);
#8609=ADVANCED_FACE('',(#8022),#501,.T.);
#8610=ADVANCED_FACE('',(#8023),#502,.T.);
#8611=ADVANCED_FACE('',(#8024),#503,.T.);
#8612=ADVANCED_FACE('',(#8025),#504,.T.);
#8613=ADVANCED_FACE('',(#8026),#505,.T.);
#8614=ADVANCED_FACE('',(#8027),#506,.T.);
#8615=ADVANCED_FACE('',(#8028),#507,.T.);
#8616=ADVANCED_FACE('',(#8029),#508,.T.);
#8617=ADVANCED_FACE('',(#8030),#509,.T.);
#8618=ADVANCED_FACE('',(#8031),#510,.T.);
#8619=ADVANCED_FACE('',(#8032),#511,.T.);
#8620=ADVANCED_FACE('',(#8033),#512,.T.);
#8621=ADVANCED_FACE('',(#8034),#513,.T.);
#8622=ADVANCED_FACE('',(#8035,#8036),#8176,.T.);
#8623=ADVANCED_FACE('',(#8037,#8038),#514,.T.);
#8624=ADVANCED_FACE('',(#8039,#8040),#8177,.F.);
#8625=ADVANCED_FACE('',(#8041),#515,.T.);
#8626=ADVANCED_FACE('',(#8042,#8043,#8044),#516,.T.);
#8627=ADVANCED_FACE('',(#8045,#8046),#8178,.T.);
#8628=ADVANCED_FACE('',(#8047,#8048),#517,.T.);
#8629=ADVANCED_FACE('',(#8049,#8050),#8179,.F.);
#8630=ADVANCED_FACE('',(#8051),#518,.T.);
#8631=ADVANCED_FACE('',(#8052,#8053,#8054),#8180,.T.);
#8632=ADVANCED_FACE('',(#8055),#519,.T.);
#8633=ADVANCED_FACE('',(#8056),#520,.T.);
#8634=ADVANCED_FACE('',(#8057),#56,.T.);
#8635=ADVANCED_FACE('',(#8058),#521,.F.);
#8636=ADVANCED_FACE('',(#8059),#522,.F.);
#8637=ADVANCED_FACE('',(#8060),#57,.T.);
#8638=ADVANCED_FACE('',(#8061),#523,.T.);
#8639=ADVANCED_FACE('',(#8062,#8063,#8064),#524,.T.);
#8640=ADVANCED_FACE('',(#8065),#525,.T.);
#8641=ADVANCED_FACE('',(#8066),#526,.T.);
#8642=ADVANCED_FACE('',(#8067),#527,.T.);
#8643=ADVANCED_FACE('',(#8068),#528,.T.);
#8644=ADVANCED_FACE('',(#8069),#529,.T.);
#8645=ADVANCED_FACE('',(#8070),#530,.T.);
#8646=ADVANCED_FACE('',(#8071),#531,.F.);
#8647=ADVANCED_FACE('',(#8072),#532,.T.);
#8648=ADVANCED_FACE('',(#8073),#533,.T.);
#8649=ADVANCED_FACE('',(#8074),#534,.F.);
#8650=ADVANCED_FACE('',(#8075),#8181,.T.);
#8651=ADVANCED_FACE('',(#8076),#8182,.T.);
#8652=ADVANCED_FACE('',(#8077),#535,.F.);
#8653=ADVANCED_FACE('',(#8078),#536,.T.);
#8654=ADVANCED_FACE('',(#8079),#58,.T.);
#8655=ADVANCED_FACE('',(#8080),#537,.T.);
#8656=ADVANCED_FACE('',(#8081),#538,.T.);
#8657=ADVANCED_FACE('',(#8082),#539,.T.);
#8658=ADVANCED_FACE('',(#8083),#540,.T.);
#8659=ADVANCED_FACE('',(#8084),#59,.T.);
#8660=ADVANCED_FACE('',(#8085),#541,.F.);
#8661=ADVANCED_FACE('',(#8086),#542,.F.);
#8662=CLOSED_SHELL('',(#8183,#8184,#8185,#8186,#8187,#8188,#8189,#8190,#8191,#8192,#8193,#8194,#8195,#8196,#8197,#8198,#8199,#8200,#8201,#8202,#8203,#8204,#8205,#8206,#8207,#8208,#8209,#8210,#8211,#8212,#8213,#8214,#8215,#8216,#8217,#8218,#8219,#8220,#8221,#8222,#8223,#8224,#8225,#8226,#8227,#8228,#8229,#8230,#8231));
#8663=CLOSED_SHELL('',(#8232,#8233,#8234,#8235,#8236,#8237,#8238,#8239,#8240,#8241));
#8664=CLOSED_SHELL('',(#8242,#8243,#8244,#8245,#8246,#8247,#8248,#8249,#8250,#8251,#8252,#8253,#8254,#8255,#8256,#8257,#8258,#8259,#8260,#8261,#8262,#8263,#8264,#8265,#8266,#8267,#8268,#8269,#8270,#8271,#8272,#8273,#8274,#8275,#8276,#8277,#8278,#8279,#8280,#8281,#8282,#8283,#8284,#8285,#8286,#8287,#8288,#8289,#8290,#8291,#8292,#8293,#8294,#8295,#8296,#8297,#8298,#8299,#8300,#8301,#8302,#8303,#8304,#8305,#8306,#8307,#8308,#8309,#8310,#8311,#8312,#8313,#8314,#8315,#8316,#8317,#8318,#8319,#8320,#8321,#8322,#8323,#8324,#8325,#8326,#8327,#8328,#8329,#8330,#8331,#8332,#8333,#8334,#8335,#8336,#8337,#8338,#8339,#8340,#8341,#8342,#8343,#8344,#8345,#8346,#8347,#8348,#8349,#8350,#8351,#8352,#8353,#8354,#8355,#8356,#8357,#8358,#8359,#8360,#8361,#8362,#8363,#8364,#8365,#8366,#8367,#8368,#8369,#8370,#8371,#8372,#8373,#8374,#8375,#8376,#8377,#8378,#8379,#8380,#8381,#8382,#8383,#8384,#8385,#8386,#8387,#8388,#8389,#8390,#8391,#8392,#8393,#8394,#8395,#8396,#8397,#8398,#8399,#8400,#8401,#8402,#8403,#8404,#8405,#8406,#8407,#8408,#8409,#8410,#8411,#8412,#8413,#8414,#8415,#8416,#8417,#8418,#8419,#8420,#8421,#8422,#8423,#8424,#8425,#8426,#8427,#8428,#8429,#8430,#8431,#8432,#8433,#8434,#8435,#8436,#8437,#8438,#8439,#8440,#8441,#8442,#8443,#8444,#8445,#8446,#8447,#8448,#8449,#8450,#8451,#8452,#8453,#8454,#8455,#8456,#8457,#8458,#8459,#8460,#8461,#8462,#8463,#8464,#8465,#8466,#8467,#8468,#8469,#8470,#8471,#8472,#8473,#8474,#8475,#8476,#8477,#8478,#8479,#8480,#8481,#8482,#8483,#8484,#8485,#8486,#8487,#8488,#8489,#8490,#8491,#8492,#8493,#8494,#8495,#8496,#8497,#8498,#8499,#8500,#8501,#8502,#8503,#8504,#8505,#8506,#8507,#8508,#8509,#8510,#8511,#8512,#8513,#8514,#8515,#8516,#8517,#8518,#8519,#8520,#8521,#8522,#8523,#8524,#8525,#8526,#8527,#8528,#8529,#8530,#8531,#8532,#8533,#8534,#8535,#8536,#8537,#8538,#8539,#8540,#8541,#8542,#8543,#8544,#8545,#8546,#8547,#8548,#8549,#8550,#8551,#8552,#8553,#8554,#8555,#8556,#8557,#8558,#8559,#8560,#8561,#8562,#8563,#8564,#8565,#8566,#8567,#8568,#8569,#8570,#8571,#8572,#8573,#8574,#8575,#8576,#8577,#8578,#8579,#8580,#8581,#8582,#8583,#8584,#8585,#8586,#8587,#8588,#8589,#8590,#8591,#8592,#8593,#8594,#8595,#8596,#8597,#8598,#8599,#8600,#8601,#8602,#8603,#8604,#8605,#8606,#8607,#8608,#8609,#8610,#8611,#8612,#8613,#8614,#8615,#8616,#8617,#8618,#8619,#8620,#8621,#8622,#8623,#8624,#8625,#8626,#8627,#8628,#8629,#8630,#8631,#8632,#8633,#8634,#8635,#8636,#8637,#8638,#8639,#8640,#8641,#8642));
#8665=CLOSED_SHELL('',(#8643,#8644,#8645,#8646,#8647,#8648,#8649,#8650,#8651,#8652,#8653,#8654,#8655));
#8666=CLOSED_SHELL('',(#8656,#8657,#8658,#8659,#8660,#8661));
#8667=STYLED_ITEM('',(#8670),#9138);
#8668=STYLED_ITEM('',(#8671),#9139);
#8669=STYLED_ITEM('',(#8672),#185);
#8670=PRESENTATION_STYLE_ASSIGNMENT((#8747));
#8671=PRESENTATION_STYLE_ASSIGNMENT((#8748));
#8672=PRESENTATION_STYLE_ASSIGNMENT((#8749));
#8673=PRESENTATION_STYLE_ASSIGNMENT((#8750));
#8674=PRESENTATION_STYLE_ASSIGNMENT((#8751));
#8675=PRESENTATION_STYLE_ASSIGNMENT((#8752));
#8676=PRESENTATION_STYLE_ASSIGNMENT((#8753));
#8677=PRESENTATION_STYLE_ASSIGNMENT((#8754));
#8678=PRESENTATION_STYLE_ASSIGNMENT((#8755));
#8679=PRESENTATION_STYLE_ASSIGNMENT((#8756));
#8680=PRESENTATION_STYLE_ASSIGNMENT((#8757));
#8681=PRESENTATION_STYLE_ASSIGNMENT((#8758));
#8682=PRESENTATION_STYLE_ASSIGNMENT((#8759));
#8683=PRESENTATION_STYLE_ASSIGNMENT((#8760));
#8684=PRESENTATION_STYLE_ASSIGNMENT((#8761));
#8685=PRESENTATION_STYLE_ASSIGNMENT((#8762));
#8686=PRESENTATION_STYLE_ASSIGNMENT((#8763));
#8687=PRESENTATION_STYLE_ASSIGNMENT((#8764));
#8688=PRESENTATION_STYLE_ASSIGNMENT((#8765));
#8689=PRESENTATION_STYLE_ASSIGNMENT((#8766));
#8690=PRESENTATION_STYLE_ASSIGNMENT((#8767));
#8691=PRESENTATION_STYLE_ASSIGNMENT((#8768));
#8692=PRESENTATION_STYLE_ASSIGNMENT((#8769));
#8693=PRESENTATION_STYLE_ASSIGNMENT((#8770));
#8694=PRESENTATION_STYLE_ASSIGNMENT((#8771));
#8695=PRESENTATION_STYLE_ASSIGNMENT((#8772));
#8696=PRESENTATION_STYLE_ASSIGNMENT((#8773));
#8697=PRESENTATION_STYLE_ASSIGNMENT((#8774));
#8698=PRESENTATION_STYLE_ASSIGNMENT((#8775));
#8699=PRESENTATION_STYLE_ASSIGNMENT((#8776));
#8700=PRESENTATION_STYLE_ASSIGNMENT((#8777));
#8701=PRESENTATION_STYLE_ASSIGNMENT((#8778));
#8702=PRESENTATION_STYLE_ASSIGNMENT((#8779));
#8703=PRESENTATION_STYLE_ASSIGNMENT((#8780));
#8704=PRESENTATION_STYLE_ASSIGNMENT((#8781));
#8705=PRESENTATION_STYLE_ASSIGNMENT((#8782));
#8706=PRESENTATION_STYLE_ASSIGNMENT((#8783));
#8707=PRESENTATION_STYLE_ASSIGNMENT((#8784));
#8708=PRESENTATION_STYLE_ASSIGNMENT((#8785));
#8709=PRESENTATION_STYLE_ASSIGNMENT((#8786));
#8710=PRESENTATION_STYLE_ASSIGNMENT((#8787));
#8711=PRESENTATION_STYLE_ASSIGNMENT((#8788));
#8712=PRESENTATION_STYLE_ASSIGNMENT((#8789));
#8713=PRESENTATION_STYLE_ASSIGNMENT((#8790));
#8714=PRESENTATION_STYLE_ASSIGNMENT((#8791));
#8715=PRESENTATION_STYLE_ASSIGNMENT((#8792));
#8716=PRESENTATION_STYLE_ASSIGNMENT((#8793));
#8717=PRESENTATION_STYLE_ASSIGNMENT((#8794));
#8718=PRESENTATION_STYLE_ASSIGNMENT((#8795));
#8719=PRESENTATION_STYLE_ASSIGNMENT((#8796));
#8720=PRESENTATION_STYLE_ASSIGNMENT((#8797));
#8721=PRESENTATION_STYLE_ASSIGNMENT((#8798));
#8722=PRESENTATION_STYLE_ASSIGNMENT((#8799));
#8723=PRESENTATION_STYLE_ASSIGNMENT((#8800));
#8724=PRESENTATION_STYLE_ASSIGNMENT((#8801));
#8725=PRESENTATION_STYLE_ASSIGNMENT((#8802));
#8726=PRESENTATION_STYLE_ASSIGNMENT((#8803));
#8727=PRESENTATION_STYLE_ASSIGNMENT((#8804));
#8728=PRESENTATION_STYLE_ASSIGNMENT((#8805));
#8729=PRESENTATION_STYLE_ASSIGNMENT((#8806));
#8730=PRESENTATION_STYLE_ASSIGNMENT((#8807));
#8731=PRESENTATION_STYLE_ASSIGNMENT((#8808));
#8732=PRESENTATION_STYLE_ASSIGNMENT((#8809));
#8733=PRESENTATION_STYLE_ASSIGNMENT((#8810));
#8734=PRESENTATION_STYLE_ASSIGNMENT((#8811));
#8735=PRESENTATION_STYLE_ASSIGNMENT((#8812));
#8736=PRESENTATION_STYLE_ASSIGNMENT((#8813));
#8737=PRESENTATION_STYLE_ASSIGNMENT((#8814));
#8738=PRESENTATION_STYLE_ASSIGNMENT((#8815));
#8739=PRESENTATION_STYLE_ASSIGNMENT((#8816));
#8740=PRESENTATION_STYLE_ASSIGNMENT((#8817));
#8741=PRESENTATION_STYLE_ASSIGNMENT((#8818));
#8742=PRESENTATION_STYLE_ASSIGNMENT((#8819));
#8743=PRESENTATION_STYLE_ASSIGNMENT((#8820));
#8744=PRESENTATION_STYLE_ASSIGNMENT((#8821));
#8745=PRESENTATION_STYLE_ASSIGNMENT((#8822));
#8746=PRESENTATION_STYLE_ASSIGNMENT((#8823));
#8747=SURFACE_STYLE_USAGE(.BOTH.,#8824);
#8748=SURFACE_STYLE_USAGE(.BOTH.,#8825);
#8749=SURFACE_STYLE_USAGE(.BOTH.,#8826);
#8750=SURFACE_STYLE_USAGE(.BOTH.,#8827);
#8751=SURFACE_STYLE_USAGE(.BOTH.,#8828);
#8752=SURFACE_STYLE_USAGE(.BOTH.,#8829);
#8753=SURFACE_STYLE_USAGE(.BOTH.,#8830);
#8754=SURFACE_STYLE_USAGE(.BOTH.,#8831);
#8755=SURFACE_STYLE_USAGE(.BOTH.,#8832);
#8756=SURFACE_STYLE_USAGE(.BOTH.,#8833);
#8757=SURFACE_STYLE_USAGE(.BOTH.,#8834);
#8758=SURFACE_STYLE_USAGE(.BOTH.,#8835);
#8759=SURFACE_STYLE_USAGE(.BOTH.,#8836);
#8760=SURFACE_STYLE_USAGE(.BOTH.,#8837);
#8761=SURFACE_STYLE_USAGE(.BOTH.,#8838);
#8762=SURFACE_STYLE_USAGE(.BOTH.,#8839);
#8763=SURFACE_STYLE_USAGE(.BOTH.,#8840);
#8764=SURFACE_STYLE_USAGE(.BOTH.,#8841);
#8765=SURFACE_STYLE_USAGE(.BOTH.,#8842);
#8766=SURFACE_STYLE_USAGE(.BOTH.,#8843);
#8767=SURFACE_STYLE_USAGE(.BOTH.,#8844);
#8768=SURFACE_STYLE_USAGE(.BOTH.,#8845);
#8769=SURFACE_STYLE_USAGE(.BOTH.,#8846);
#8770=SURFACE_STYLE_USAGE(.BOTH.,#8847);
#8771=SURFACE_STYLE_USAGE(.BOTH.,#8848);
#8772=SURFACE_STYLE_USAGE(.BOTH.,#8849);
#8773=SURFACE_STYLE_USAGE(.BOTH.,#8850);
#8774=SURFACE_STYLE_USAGE(.BOTH.,#8851);
#8775=SURFACE_STYLE_USAGE(.BOTH.,#8852);
#8776=SURFACE_STYLE_USAGE(.BOTH.,#8853);
#8777=SURFACE_STYLE_USAGE(.BOTH.,#8854);
#8778=SURFACE_STYLE_USAGE(.BOTH.,#8855);
#8779=SURFACE_STYLE_USAGE(.BOTH.,#8856);
#8780=SURFACE_STYLE_USAGE(.BOTH.,#8857);
#8781=SURFACE_STYLE_USAGE(.BOTH.,#8858);
#8782=SURFACE_STYLE_USAGE(.BOTH.,#8859);
#8783=SURFACE_STYLE_USAGE(.BOTH.,#8860);
#8784=SURFACE_STYLE_USAGE(.BOTH.,#8861);
#8785=SURFACE_STYLE_USAGE(.BOTH.,#8862);
#8786=SURFACE_STYLE_USAGE(.BOTH.,#8863);
#8787=SURFACE_STYLE_USAGE(.BOTH.,#8864);
#8788=SURFACE_STYLE_USAGE(.BOTH.,#8865);
#8789=SURFACE_STYLE_USAGE(.BOTH.,#8866);
#8790=SURFACE_STYLE_USAGE(.BOTH.,#8867);
#8791=SURFACE_STYLE_USAGE(.BOTH.,#8868);
#8792=SURFACE_STYLE_USAGE(.BOTH.,#8869);
#8793=SURFACE_STYLE_USAGE(.BOTH.,#8870);
#8794=SURFACE_STYLE_USAGE(.BOTH.,#8871);
#8795=SURFACE_STYLE_USAGE(.BOTH.,#8872);
#8796=SURFACE_STYLE_USAGE(.BOTH.,#8873);
#8797=SURFACE_STYLE_USAGE(.BOTH.,#8874);
#8798=SURFACE_STYLE_USAGE(.BOTH.,#8875);
#8799=SURFACE_STYLE_USAGE(.BOTH.,#8876);
#8800=SURFACE_STYLE_USAGE(.BOTH.,#8877);
#8801=SURFACE_STYLE_USAGE(.BOTH.,#8878);
#8802=SURFACE_STYLE_USAGE(.BOTH.,#8879);
#8803=SURFACE_STYLE_USAGE(.BOTH.,#8880);
#8804=SURFACE_STYLE_USAGE(.BOTH.,#8881);
#8805=SURFACE_STYLE_USAGE(.BOTH.,#8882);
#8806=SURFACE_STYLE_USAGE(.BOTH.,#8883);
#8807=SURFACE_STYLE_USAGE(.BOTH.,#8884);
#8808=SURFACE_STYLE_USAGE(.BOTH.,#8885);
#8809=SURFACE_STYLE_USAGE(.BOTH.,#8886);
#8810=SURFACE_STYLE_USAGE(.BOTH.,#8887);
#8811=SURFACE_STYLE_USAGE(.BOTH.,#8888);
#8812=SURFACE_STYLE_USAGE(.BOTH.,#8889);
#8813=SURFACE_STYLE_USAGE(.BOTH.,#8890);
#8814=SURFACE_STYLE_USAGE(.BOTH.,#8891);
#8815=SURFACE_STYLE_USAGE(.BOTH.,#8892);
#8816=SURFACE_STYLE_USAGE(.BOTH.,#8893);
#8817=SURFACE_STYLE_USAGE(.BOTH.,#8894);
#8818=SURFACE_STYLE_USAGE(.BOTH.,#8895);
#8819=SURFACE_STYLE_USAGE(.BOTH.,#8896);
#8820=SURFACE_STYLE_USAGE(.BOTH.,#8897);
#8821=SURFACE_STYLE_USAGE(.BOTH.,#8898);
#8822=SURFACE_STYLE_USAGE(.BOTH.,#8899);
#8823=SURFACE_STYLE_USAGE(.BOTH.,#8900);
#8824=SURFACE_SIDE_STYLE('',(#8901));
#8825=SURFACE_SIDE_STYLE('',(#8902));
#8826=SURFACE_SIDE_STYLE('',(#8903));
#8827=SURFACE_SIDE_STYLE('',(#8904));
#8828=SURFACE_SIDE_STYLE('',(#8905));
#8829=SURFACE_SIDE_STYLE('',(#8906));
#8830=SURFACE_SIDE_STYLE('',(#8907));
#8831=SURFACE_SIDE_STYLE('',(#8908));
#8832=SURFACE_SIDE_STYLE('',(#8909));
#8833=SURFACE_SIDE_STYLE('',(#8910));
#8834=SURFACE_SIDE_STYLE('',(#8911));
#8835=SURFACE_SIDE_STYLE('',(#8912));
#8836=SURFACE_SIDE_STYLE('',(#8913));
#8837=SURFACE_SIDE_STYLE('',(#8914));
#8838=SURFACE_SIDE_STYLE('',(#8915));
#8839=SURFACE_SIDE_STYLE('',(#8916));
#8840=SURFACE_SIDE_STYLE('',(#8917));
#8841=SURFACE_SIDE_STYLE('',(#8918));
#8842=SURFACE_SIDE_STYLE('',(#8919));
#8843=SURFACE_SIDE_STYLE('',(#8920));
#8844=SURFACE_SIDE_STYLE('',(#8921));
#8845=SURFACE_SIDE_STYLE('',(#8922));
#8846=SURFACE_SIDE_STYLE('',(#8923));
#8847=SURFACE_SIDE_STYLE('',(#8924));
#8848=SURFACE_SIDE_STYLE('',(#8925));
#8849=SURFACE_SIDE_STYLE('',(#8926));
#8850=SURFACE_SIDE_STYLE('',(#8927));
#8851=SURFACE_SIDE_STYLE('',(#8928));
#8852=SURFACE_SIDE_STYLE('',(#8929));
#8853=SURFACE_SIDE_STYLE('',(#8930));
#8854=SURFACE_SIDE_STYLE('',(#8931));
#8855=SURFACE_SIDE_STYLE('',(#8932));
#8856=SURFACE_SIDE_STYLE('',(#8933));
#8857=SURFACE_SIDE_STYLE('',(#8934));
#8858=SURFACE_SIDE_STYLE('',(#8935));
#8859=SURFACE_SIDE_STYLE('',(#8936));
#8860=SURFACE_SIDE_STYLE('',(#8937));
#8861=SURFACE_SIDE_STYLE('',(#8938));
#8862=SURFACE_SIDE_STYLE('',(#8939));
#8863=SURFACE_SIDE_STYLE('',(#8940));
#8864=SURFACE_SIDE_STYLE('',(#8941));
#8865=SURFACE_SIDE_STYLE('',(#8942));
#8866=SURFACE_SIDE_STYLE('',(#8943));
#8867=SURFACE_SIDE_STYLE('',(#8944));
#8868=SURFACE_SIDE_STYLE('',(#8945));
#8869=SURFACE_SIDE_STYLE('',(#8946));
#8870=SURFACE_SIDE_STYLE('',(#8947));
#8871=SURFACE_SIDE_STYLE('',(#8948));
#8872=SURFACE_SIDE_STYLE('',(#8949));
#8873=SURFACE_SIDE_STYLE('',(#8950));
#8874=SURFACE_SIDE_STYLE('',(#8951));
#8875=SURFACE_SIDE_STYLE('',(#8952));
#8876=SURFACE_SIDE_STYLE('',(#8953));
#8877=SURFACE_SIDE_STYLE('',(#8954));
#8878=SURFACE_SIDE_STYLE('',(#8955));
#8879=SURFACE_SIDE_STYLE('',(#8956));
#8880=SURFACE_SIDE_STYLE('',(#8957));
#8881=SURFACE_SIDE_STYLE('',(#8958));
#8882=SURFACE_SIDE_STYLE('',(#8959));
#8883=SURFACE_SIDE_STYLE('',(#8960));
#8884=SURFACE_SIDE_STYLE('',(#8961));
#8885=SURFACE_SIDE_STYLE('',(#8962));
#8886=SURFACE_SIDE_STYLE('',(#8963));
#8887=SURFACE_SIDE_STYLE('',(#8964));
#8888=SURFACE_SIDE_STYLE('',(#8965));
#8889=SURFACE_SIDE_STYLE('',(#8966));
#8890=SURFACE_SIDE_STYLE('',(#8967));
#8891=SURFACE_SIDE_STYLE('',(#8968));
#8892=SURFACE_SIDE_STYLE('',(#8969));
#8893=SURFACE_SIDE_STYLE('',(#8970));
#8894=SURFACE_SIDE_STYLE('',(#8971));
#8895=SURFACE_SIDE_STYLE('',(#8972));
#8896=SURFACE_SIDE_STYLE('',(#8973));
#8897=SURFACE_SIDE_STYLE('',(#8974));
#8898=SURFACE_SIDE_STYLE('',(#8975));
#8899=SURFACE_SIDE_STYLE('',(#8976));
#8900=SURFACE_SIDE_STYLE('',(#8977));
#8901=SURFACE_STYLE_FILL_AREA(#8978);
#8902=SURFACE_STYLE_FILL_AREA(#8979);
#8903=SURFACE_STYLE_FILL_AREA(#8980);
#8904=SURFACE_STYLE_FILL_AREA(#8981);
#8905=SURFACE_STYLE_FILL_AREA(#8982);
#8906=SURFACE_STYLE_FILL_AREA(#8983);
#8907=SURFACE_STYLE_FILL_AREA(#8984);
#8908=SURFACE_STYLE_FILL_AREA(#8985);
#8909=SURFACE_STYLE_FILL_AREA(#8986);
#8910=SURFACE_STYLE_FILL_AREA(#8987);
#8911=SURFACE_STYLE_FILL_AREA(#8988);
#8912=SURFACE_STYLE_FILL_AREA(#8989);
#8913=SURFACE_STYLE_FILL_AREA(#8990);
#8914=SURFACE_STYLE_FILL_AREA(#8991);
#8915=SURFACE_STYLE_FILL_AREA(#8992);
#8916=SURFACE_STYLE_FILL_AREA(#8993);
#8917=SURFACE_STYLE_FILL_AREA(#8994);
#8918=SURFACE_STYLE_FILL_AREA(#8995);
#8919=SURFACE_STYLE_FILL_AREA(#8996);
#8920=SURFACE_STYLE_FILL_AREA(#8997);
#8921=SURFACE_STYLE_FILL_AREA(#8998);
#8922=SURFACE_STYLE_FILL_AREA(#8999);
#8923=SURFACE_STYLE_FILL_AREA(#9000);
#8924=SURFACE_STYLE_FILL_AREA(#9001);
#8925=SURFACE_STYLE_FILL_AREA(#9002);
#8926=SURFACE_STYLE_FILL_AREA(#9003);
#8927=SURFACE_STYLE_FILL_AREA(#9004);
#8928=SURFACE_STYLE_FILL_AREA(#9005);
#8929=SURFACE_STYLE_FILL_AREA(#9006);
#8930=SURFACE_STYLE_FILL_AREA(#9007);
#8931=SURFACE_STYLE_FILL_AREA(#9008);
#8932=SURFACE_STYLE_FILL_AREA(#9009);
#8933=SURFACE_STYLE_FILL_AREA(#9010);
#8934=SURFACE_STYLE_FILL_AREA(#9011);
#8935=SURFACE_STYLE_FILL_AREA(#9012);
#8936=SURFACE_STYLE_FILL_AREA(#9013);
#8937=SURFACE_STYLE_FILL_AREA(#9014);
#8938=SURFACE_STYLE_FILL_AREA(#9015);
#8939=SURFACE_STYLE_FILL_AREA(#9016);
#8940=SURFACE_STYLE_FILL_AREA(#9017);
#8941=SURFACE_STYLE_FILL_AREA(#9018);
#8942=SURFACE_STYLE_FILL_AREA(#9019);
#8943=SURFACE_STYLE_FILL_AREA(#9020);
#8944=SURFACE_STYLE_FILL_AREA(#9021);
#8945=SURFACE_STYLE_FILL_AREA(#9022);
#8946=SURFACE_STYLE_FILL_AREA(#9023);
#8947=SURFACE_STYLE_FILL_AREA(#9024);
#8948=SURFACE_STYLE_FILL_AREA(#9025);
#8949=SURFACE_STYLE_FILL_AREA(#9026);
#8950=SURFACE_STYLE_FILL_AREA(#9027);
#8951=SURFACE_STYLE_FILL_AREA(#9028);
#8952=SURFACE_STYLE_FILL_AREA(#9029);
#8953=SURFACE_STYLE_FILL_AREA(#9030);
#8954=SURFACE_STYLE_FILL_AREA(#9031);
#8955=SURFACE_STYLE_FILL_AREA(#9032);
#8956=SURFACE_STYLE_FILL_AREA(#9033);
#8957=SURFACE_STYLE_FILL_AREA(#9034);
#8958=SURFACE_STYLE_FILL_AREA(#9035);
#8959=SURFACE_STYLE_FILL_AREA(#9036);
#8960=SURFACE_STYLE_FILL_AREA(#9037);
#8961=SURFACE_STYLE_FILL_AREA(#9038);
#8962=SURFACE_STYLE_FILL_AREA(#9039);
#8963=SURFACE_STYLE_FILL_AREA(#9040);
#8964=SURFACE_STYLE_FILL_AREA(#9041);
#8965=SURFACE_STYLE_FILL_AREA(#9042);
#8966=SURFACE_STYLE_FILL_AREA(#9043);
#8967=SURFACE_STYLE_FILL_AREA(#9044);
#8968=SURFACE_STYLE_FILL_AREA(#9045);
#8969=SURFACE_STYLE_FILL_AREA(#9046);
#8970=SURFACE_STYLE_FILL_AREA(#9047);
#8971=SURFACE_STYLE_FILL_AREA(#9048);
#8972=SURFACE_STYLE_FILL_AREA(#9049);
#8973=SURFACE_STYLE_FILL_AREA(#9050);
#8974=SURFACE_STYLE_FILL_AREA(#9051);
#8975=SURFACE_STYLE_FILL_AREA(#9052);
#8976=SURFACE_STYLE_FILL_AREA(#9053);
#8977=SURFACE_STYLE_FILL_AREA(#9054);
#8978=FILL_AREA_STYLE('',(#9055));
#8979=FILL_AREA_STYLE('',(#9056));
#8980=FILL_AREA_STYLE('',(#9057));
#8981=FILL_AREA_STYLE('',(#9058));
#8982=FILL_AREA_STYLE('',(#9059));
#8983=FILL_AREA_STYLE('',(#9060));
#8984=FILL_AREA_STYLE('',(#9061));
#8985=FILL_AREA_STYLE('',(#9062));
#8986=FILL_AREA_STYLE('',(#9063));
#8987=FILL_AREA_STYLE('',(#9064));
#8988=FILL_AREA_STYLE('',(#9065));
#8989=FILL_AREA_STYLE('',(#9066));
#8990=FILL_AREA_STYLE('',(#9067));
#8991=FILL_AREA_STYLE('',(#9068));
#8992=FILL_AREA_STYLE('',(#9069));
#8993=FILL_AREA_STYLE('',(#9070));
#8994=FILL_AREA_STYLE('',(#9071));
#8995=FILL_AREA_STYLE('',(#9072));
#8996=FILL_AREA_STYLE('',(#9073));
#8997=FILL_AREA_STYLE('',(#9074));
#8998=FILL_AREA_STYLE('',(#9075));
#8999=FILL_AREA_STYLE('',(#9076));
#9000=FILL_AREA_STYLE('',(#9077));
#9001=FILL_AREA_STYLE('',(#9078));
#9002=FILL_AREA_STYLE('',(#9079));
#9003=FILL_AREA_STYLE('',(#9080));
#9004=FILL_AREA_STYLE('',(#9081));
#9005=FILL_AREA_STYLE('',(#9082));
#9006=FILL_AREA_STYLE('',(#9083));
#9007=FILL_AREA_STYLE('',(#9084));
#9008=FILL_AREA_STYLE('',(#9085));
#9009=FILL_AREA_STYLE('',(#9086));
#9010=FILL_AREA_STYLE('',(#9087));
#9011=FILL_AREA_STYLE('',(#9088));
#9012=FILL_AREA_STYLE('',(#9089));
#9013=FILL_AREA_STYLE('',(#9090));
#9014=FILL_AREA_STYLE('',(#9091));
#9015=FILL_AREA_STYLE('',(#9092));
#9016=FILL_AREA_STYLE('',(#9093));
#9017=FILL_AREA_STYLE('',(#9094));
#9018=FILL_AREA_STYLE('',(#9095));
#9019=FILL_AREA_STYLE('',(#9096));
#9020=FILL_AREA_STYLE('',(#9097));
#9021=FILL_AREA_STYLE('',(#9098));
#9022=FILL_AREA_STYLE('',(#9099));
#9023=FILL_AREA_STYLE('',(#9100));
#9024=FILL_AREA_STYLE('',(#9101));
#9025=FILL_AREA_STYLE('',(#9102));
#9026=FILL_AREA_STYLE('',(#9103));
#9027=FILL_AREA_STYLE('',(#9104));
#9028=FILL_AREA_STYLE('',(#9105));
#9029=FILL_AREA_STYLE('',(#9106));
#9030=FILL_AREA_STYLE('',(#9107));
#9031=FILL_AREA_STYLE('',(#9108));
#9032=FILL_AREA_STYLE('',(#9109));
#9033=FILL_AREA_STYLE('',(#9110));
#9034=FILL_AREA_STYLE('',(#9111));
#9035=FILL_AREA_STYLE('',(#9112));
#9036=FILL_AREA_STYLE('',(#9113));
#9037=FILL_AREA_STYLE('',(#9114));
#9038=FILL_AREA_STYLE('',(#9115));
#9039=FILL_AREA_STYLE('',(#9116));
#9040=FILL_AREA_STYLE('',(#9117));
#9041=FILL_AREA_STYLE('',(#9118));
#9042=FILL_AREA_STYLE('',(#9119));
#9043=FILL_AREA_STYLE('',(#9120));
#9044=FILL_AREA_STYLE('',(#9121));
#9045=FILL_AREA_STYLE('',(#9122));
#9046=FILL_AREA_STYLE('',(#9123));
#9047=FILL_AREA_STYLE('',(#9124));
#9048=FILL_AREA_STYLE('',(#9125));
#9049=FILL_AREA_STYLE('',(#9126));
#9050=FILL_AREA_STYLE('',(#9127));
#9051=FILL_AREA_STYLE('',(#9128));
#9052=FILL_AREA_STYLE('',(#9129));
#9053=FILL_AREA_STYLE('',(#9130));
#9054=FILL_AREA_STYLE('',(#9131));
#9055=FILL_AREA_STYLE_COLOUR('',#9132);
#9056=FILL_AREA_STYLE_COLOUR('',#9132);
#9057=FILL_AREA_STYLE_COLOUR('',#9133);
#9058=FILL_AREA_STYLE_COLOUR('',#9134);
#9059=FILL_AREA_STYLE_COLOUR('',#9135);
#9060=FILL_AREA_STYLE_COLOUR('',#9134);
#9061=FILL_AREA_STYLE_COLOUR('',#9136);
#9062=FILL_AREA_STYLE_COLOUR('',#9136);
#9063=FILL_AREA_STYLE_COLOUR('',#9136);
#9064=FILL_AREA_STYLE_COLOUR('',#9136);
#9065=FILL_AREA_STYLE_COLOUR('',#9136);
#9066=FILL_AREA_STYLE_COLOUR('',#9136);
#9067=FILL_AREA_STYLE_COLOUR('',#9134);
#9068=FILL_AREA_STYLE_COLOUR('',#9134);
#9069=FILL_AREA_STYLE_COLOUR('',#9134);
#9070=FILL_AREA_STYLE_COLOUR('',#12);
#9071=FILL_AREA_STYLE_COLOUR('',#12);
#9072=FILL_AREA_STYLE_COLOUR('',#12);
#9073=FILL_AREA_STYLE_COLOUR('',#12);
#9074=FILL_AREA_STYLE_COLOUR('',#12);
#9075=FILL_AREA_STYLE_COLOUR('',#12);
#9076=FILL_AREA_STYLE_COLOUR('',#12);
#9077=FILL_AREA_STYLE_COLOUR('',#12);
#9078=FILL_AREA_STYLE_COLOUR('',#12);
#9079=FILL_AREA_STYLE_COLOUR('',#12);
#9080=FILL_AREA_STYLE_COLOUR('',#12);
#9081=FILL_AREA_STYLE_COLOUR('',#12);
#9082=FILL_AREA_STYLE_COLOUR('',#9134);
#9083=FILL_AREA_STYLE_COLOUR('',#9134);
#9084=FILL_AREA_STYLE_COLOUR('',#9134);
#9085=FILL_AREA_STYLE_COLOUR('',#9134);
#9086=FILL_AREA_STYLE_COLOUR('',#9134);
#9087=FILL_AREA_STYLE_COLOUR('',#9134);
#9088=FILL_AREA_STYLE_COLOUR('',#9134);
#9089=FILL_AREA_STYLE_COLOUR('',#9134);
#9090=FILL_AREA_STYLE_COLOUR('',#9134);
#9091=FILL_AREA_STYLE_COLOUR('',#9134);
#9092=FILL_AREA_STYLE_COLOUR('',#9134);
#9093=FILL_AREA_STYLE_COLOUR('',#9134);
#9094=FILL_AREA_STYLE_COLOUR('',#9134);
#9095=FILL_AREA_STYLE_COLOUR('',#9134);
#9096=FILL_AREA_STYLE_COLOUR('',#9134);
#9097=FILL_AREA_STYLE_COLOUR('',#9134);
#9098=FILL_AREA_STYLE_COLOUR('',#9134);
#9099=FILL_AREA_STYLE_COLOUR('',#9134);
#9100=FILL_AREA_STYLE_COLOUR('',#9134);
#9101=FILL_AREA_STYLE_COLOUR('',#9134);
#9102=FILL_AREA_STYLE_COLOUR('',#9134);
#9103=FILL_AREA_STYLE_COLOUR('',#9134);
#9104=FILL_AREA_STYLE_COLOUR('',#9134);
#9105=FILL_AREA_STYLE_COLOUR('',#9134);
#9106=FILL_AREA_STYLE_COLOUR('',#9134);
#9107=FILL_AREA_STYLE_COLOUR('',#9134);
#9108=FILL_AREA_STYLE_COLOUR('',#9134);
#9109=FILL_AREA_STYLE_COLOUR('',#9134);
#9110=FILL_AREA_STYLE_COLOUR('',#9134);
#9111=FILL_AREA_STYLE_COLOUR('',#9134);
#9112=FILL_AREA_STYLE_COLOUR('',#9137);
#9113=FILL_AREA_STYLE_COLOUR('',#13);
#9114=FILL_AREA_STYLE_COLOUR('',#9137);
#9115=FILL_AREA_STYLE_COLOUR('',#9137);
#9116=FILL_AREA_STYLE_COLOUR('',#13);
#9117=FILL_AREA_STYLE_COLOUR('',#13);
#9118=FILL_AREA_STYLE_COLOUR('',#9137);
#9119=FILL_AREA_STYLE_COLOUR('',#9137);
#9120=FILL_AREA_STYLE_COLOUR('',#12);
#9121=FILL_AREA_STYLE_COLOUR('',#14);
#9122=FILL_AREA_STYLE_COLOUR('',#15);
#9123=FILL_AREA_STYLE_COLOUR('',#13);
#9124=FILL_AREA_STYLE_COLOUR('',#9136);
#9125=FILL_AREA_STYLE_COLOUR('',#9136);
#9126=FILL_AREA_STYLE_COLOUR('',#9136);
#9127=FILL_AREA_STYLE_COLOUR('',#9136);
#9128=FILL_AREA_STYLE_COLOUR('',#9136);
#9129=FILL_AREA_STYLE_COLOUR('',#9136);
#9130=FILL_AREA_STYLE_COLOUR('',#12);
#9131=FILL_AREA_STYLE_COLOUR('',#12);
#9132=COLOUR_RGB('',0.615686274509804,0.811764705882353,0.929411764705882);
#9133=COLOUR_RGB('',0.215686274509804,0.215686274509804,0.215686274509804);
#9134=COLOUR_RGB('',0.8,0.8,0.8);
#9135=COLOUR_RGB('',0.701960784313725,0.701960784313725,0.701960784313725);
#9136=COLOUR_RGB('',0.898039215686275,0.917647058823529,0.929411764705882);
#9137=COLOUR_RGB('',0.835294117647059,1.,0.364705882352941);
#9138=MANIFOLD_SOLID_BREP('Part 1',#8662);
#9139=MANIFOLD_SOLID_BREP('Part 1',#8663);
#9140=SHAPE_DEFINITION_REPRESENTATION(#16358,#9144);
#9141=SHAPE_DEFINITION_REPRESENTATION(#16359,#9145);
#9142=SHAPE_DEFINITION_REPRESENTATION(#16361,#9146);
#9143=SHAPE_DEFINITION_REPRESENTATION(#16363,#9147);
#9144=SHAPE_REPRESENTATION('drone_assembly',(#9148,#9201,#9220,#9896),#16347);
#9145=SHAPE_REPRESENTATION('Part 1',(#9148),#16348);
#9146=SHAPE_REPRESENTATION('Part 1',(#9148),#16349);
#9147=SHAPE_REPRESENTATION('Kraken X44 Brushless Motor',(#9148),#16350);
#9148=AXIS2_PLACEMENT_3D('',#12131,#9897,#9898);
#9149=AXIS2_PLACEMENT_3D('',#12132,#9899,#9900);
#9150=AXIS2_PLACEMENT_3D('',#12136,#9902,#9903);
#9151=AXIS2_PLACEMENT_3D('',#12144,#9905,#9906);
#9152=AXIS2_PLACEMENT_3D('',#12153,#9909,#9910);
#9153=AXIS2_PLACEMENT_3D('',#12160,#9911,#9912);
#9154=AXIS2_PLACEMENT_3D('',#12171,#9913,#9914);
#9155=AXIS2_PLACEMENT_3D('',#12180,#9917,#9918);
#9156=AXIS2_PLACEMENT_3D('',#12192,#9922,#9923);
#9157=AXIS2_PLACEMENT_3D('',#12196,#9925,#9926);
#9158=AXIS2_PLACEMENT_3D('',#12201,#9927,#9928);
#9159=AXIS2_PLACEMENT_3D('',#12205,#9930,#9931);
#9160=AXIS2_PLACEMENT_3D('',#12213,#9933,#9934);
#9161=AXIS2_PLACEMENT_3D('',#12222,#9937,#9938);
#9162=AXIS2_PLACEMENT_3D('',#12226,#9940,#9941);
#9163=AXIS2_PLACEMENT_3D('',#12234,#9943,#9944);
#9164=AXIS2_PLACEMENT_3D('',#12243,#9947,#9948);
#9165=AXIS2_PLACEMENT_3D('',#12244,#9949,#9950);
#9166=AXIS2_PLACEMENT_3D('',#12264,#9952,#9953);
#9167=AXIS2_PLACEMENT_3D('',#12279,#9954,#9955);
#9168=AXIS2_PLACEMENT_3D('',#12280,#9956,#9957);
#9169=AXIS2_PLACEMENT_3D('',#12300,#9959,#9960);
#9170=AXIS2_PLACEMENT_3D('',#12315,#9961,#9962);
#9171=AXIS2_PLACEMENT_3D('',#12316,#9963,#9964);
#9172=AXIS2_PLACEMENT_3D('',#12336,#9966,#9967);
#9173=AXIS2_PLACEMENT_3D('',#12351,#9968,#9969);
#9174=AXIS2_PLACEMENT_3D('',#12352,#9970,#9971);
#9175=AXIS2_PLACEMENT_3D('',#12372,#9973,#9974);
#9176=AXIS2_PLACEMENT_3D('',#12387,#9975,#9976);
#9177=AXIS2_PLACEMENT_3D('',#12388,#9977,#9978);
#9178=AXIS2_PLACEMENT_3D('',#12408,#9980,#9981);
#9179=AXIS2_PLACEMENT_3D('',#12423,#9982,#9983);
#9180=AXIS2_PLACEMENT_3D('',#12524,#9987,#9988);
#9181=AXIS2_PLACEMENT_3D('',#12525,#9989,#9990);
#9182=AXIS2_PLACEMENT_3D('',#12580,#9996,#9997);
#9183=AXIS2_PLACEMENT_3D('',#12597,#9998,#9999);
#9184=AXIS2_PLACEMENT_3D('',#12598,#10000,#10001);
#9185=AXIS2_PLACEMENT_3D('',#12651,#10003,#10004);
#9186=AXIS2_PLACEMENT_3D('',#12679,#10007,#10008);
#9187=AXIS2_PLACEMENT_3D('',#12744,#10009,#10010);
#9188=AXIS2_PLACEMENT_3D('',#12747,#10013,#10014);
#9189=AXIS2_PLACEMENT_3D('',#12761,#10016,#10017);
#9190=AXIS2_PLACEMENT_3D('',#12812,#10018,#10019);
#9191=AXIS2_PLACEMENT_3D('',#12865,#10021,#10022);
#9192=AXIS2_PLACEMENT_3D('',#12893,#10025,#10026);
#9193=AXIS2_PLACEMENT_3D('',#12919,#10027,#10028);
#9194=AXIS2_PLACEMENT_3D('',#12972,#10030,#10031);
#9195=AXIS2_PLACEMENT_3D('',#13000,#10034,#10035);
#9196=AXIS2_PLACEMENT_3D('',#13026,#10036,#10037);
#9197=AXIS2_PLACEMENT_3D('',#13027,#10038,#10039);
#9198=AXIS2_PLACEMENT_3D('',#13029,#10040,#10041);
#9199=AXIS2_PLACEMENT_3D('',#13030,#10042,#10043);
#9200=AXIS2_PLACEMENT_3D('',#13032,#10044,#10045);
#9201=AXIS2_PLACEMENT_3D('',#13033,#10046,#10047);
#9202=AXIS2_PLACEMENT_3D('',#13034,#10048,#10049);
#9203=AXIS2_PLACEMENT_3D('',#13043,#10054,#10055);
#9204=AXIS2_PLACEMENT_3D('',#13049,#10059,#10060);
#9205=AXIS2_PLACEMENT_3D('',#13055,#10064,#10065);
#9206=AXIS2_PLACEMENT_3D('',#13056,#10066,#10067);
#9207=AXIS2_PLACEMENT_3D('',#13058,#10068,#10069);
#9208=AXIS2_PLACEMENT_3D('',#13060,#10070,#10071);
#9209=AXIS2_PLACEMENT_3D('',#13061,#10072,#10073);
#9210=AXIS2_PLACEMENT_3D('',#13063,#10074,#10075);
#9211=AXIS2_PLACEMENT_3D('',#13065,#10076,#10077);
#9212=AXIS2_PLACEMENT_3D('',#13066,#10078,#10079);
#9213=AXIS2_PLACEMENT_3D('',#13068,#10080,#10081);
#9214=AXIS2_PLACEMENT_3D('',#13070,#10082,#10083);
#9215=AXIS2_PLACEMENT_3D('',#13073,#10086,#10087);
#9216=AXIS2_PLACEMENT_3D('',#13074,#10088,#10089);
#9217=AXIS2_PLACEMENT_3D('',#13076,#10090,#10091);
#9218=AXIS2_PLACEMENT_3D('',#13078,#10092,#10093);
#9219=AXIS2_PLACEMENT_3D('',#13079,#10094,#10095);
#9220=AXIS2_PLACEMENT_3D('',#13080,#10096,#10097);
#9221=AXIS2_PLACEMENT_3D('',#13081,#10098,#10099);
#9222=AXIS2_PLACEMENT_3D('',#13082,#10100,#10101);
#9223=AXIS2_PLACEMENT_3D('',#13084,#10102,#10103);
#9224=AXIS2_PLACEMENT_3D('',#13085,#10104,#10105);
#9225=AXIS2_PLACEMENT_3D('',#13087,#10106,#10107);
#9226=AXIS2_PLACEMENT_3D('',#13088,#10108,#10109);
#9227=AXIS2_PLACEMENT_3D('',#13093,#10111,#10112);
#9228=AXIS2_PLACEMENT_3D('',#13097,#10114,#10115);
#9229=AXIS2_PLACEMENT_3D('',#13100,#10117,#10118);
#9230=AXIS2_PLACEMENT_3D('',#13102,#10119,#10120);
#9231=AXIS2_PLACEMENT_3D('',#13104,#10121,#10122);
#9232=AXIS2_PLACEMENT_3D('',#13106,#10123,#10124);
#9233=AXIS2_PLACEMENT_3D('',#13108,#10125,#10126);
#9234=AXIS2_PLACEMENT_3D('',#13110,#10127,#10128);
#9235=AXIS2_PLACEMENT_3D('',#13112,#10129,#10130);
#9236=AXIS2_PLACEMENT_3D('',#13114,#10131,#10132);
#9237=AXIS2_PLACEMENT_3D('',#13116,#10133,#10134);
#9238=AXIS2_PLACEMENT_3D('',#13118,#10135,#10136);
#9239=AXIS2_PLACEMENT_3D('',#13120,#10137,#10138);
#9240=AXIS2_PLACEMENT_3D('',#13122,#10139,#10140);
#9241=AXIS2_PLACEMENT_3D('',#13123,#10141,#10142);
#9242=AXIS2_PLACEMENT_3D('',#13125,#10143,#10144);
#9243=AXIS2_PLACEMENT_3D('',#13126,#10145,#10146);
#9244=AXIS2_PLACEMENT_3D('',#13127,#10147,#10148);
#9245=AXIS2_PLACEMENT_3D('',#13129,#10149,#10150);
#9246=AXIS2_PLACEMENT_3D('',#13130,#10151,#10152);
#9247=AXIS2_PLACEMENT_3D('',#13131,#10153,#10154);
#9248=AXIS2_PLACEMENT_3D('',#13133,#10155,#10156);
#9249=AXIS2_PLACEMENT_3D('',#13134,#10157,#10158);
#9250=AXIS2_PLACEMENT_3D('',#13135,#10159,#10160);
#9251=AXIS2_PLACEMENT_3D('',#13137,#10161,#10162);
#9252=AXIS2_PLACEMENT_3D('',#13138,#10163,#10164);
#9253=AXIS2_PLACEMENT_3D('',#13139,#10165,#10166);
#9254=AXIS2_PLACEMENT_3D('',#13141,#10167,#10168);
#9255=AXIS2_PLACEMENT_3D('',#13142,#10169,#10170);
#9256=AXIS2_PLACEMENT_3D('',#13143,#10171,#10172);
#9257=AXIS2_PLACEMENT_3D('',#13145,#10173,#10174);
#9258=AXIS2_PLACEMENT_3D('',#13146,#10175,#10176);
#9259=AXIS2_PLACEMENT_3D('',#13147,#10177,#10178);
#9260=AXIS2_PLACEMENT_3D('',#13149,#10179,#10180);
#9261=AXIS2_PLACEMENT_3D('',#13150,#10181,#10182);
#9262=AXIS2_PLACEMENT_3D('',#13151,#10183,#10184);
#9263=AXIS2_PLACEMENT_3D('',#13153,#10185,#10186);
#9264=AXIS2_PLACEMENT_3D('',#13154,#10187,#10188);
#9265=AXIS2_PLACEMENT_3D('',#13155,#10189,#10190);
#9266=AXIS2_PLACEMENT_3D('',#13157,#10191,#10192);
#9267=AXIS2_PLACEMENT_3D('',#13158,#10193,#10194);
#9268=AXIS2_PLACEMENT_3D('',#13159,#10195,#10196);
#9269=AXIS2_PLACEMENT_3D('',#13161,#10197,#10198);
#9270=AXIS2_PLACEMENT_3D('',#13162,#10199,#10200);
#9271=AXIS2_PLACEMENT_3D('',#13163,#10201,#10202);
#9272=AXIS2_PLACEMENT_3D('',#13165,#10203,#10204);
#9273=AXIS2_PLACEMENT_3D('',#13166,#10205,#10206);
#9274=AXIS2_PLACEMENT_3D('',#13168,#10207,#10208);
#9275=AXIS2_PLACEMENT_3D('',#13169,#10209,#10210);
#9276=AXIS2_PLACEMENT_3D('',#13171,#10211,#10212);
#9277=AXIS2_PLACEMENT_3D('',#13175,#10214,#10215);
#9278=AXIS2_PLACEMENT_3D('',#13179,#10217,#10218);
#9279=AXIS2_PLACEMENT_3D('',#13180,#10219,#10220);
#9280=AXIS2_PLACEMENT_3D('',#13184,#10222,#10223);
#9281=AXIS2_PLACEMENT_3D('',#13188,#10225,#10226);
#9282=AXIS2_PLACEMENT_3D('',#13189,#10227,#10228);
#9283=AXIS2_PLACEMENT_3D('',#13198,#10233,#10234);
#9284=AXIS2_PLACEMENT_3D('',#13199,#10235,#10236);
#9285=AXIS2_PLACEMENT_3D('',#13204,#10238,#10239);
#9286=AXIS2_PLACEMENT_3D('',#13207,#10241,#10242);
#9287=AXIS2_PLACEMENT_3D('',#13211,#10244,#10245);
#9288=AXIS2_PLACEMENT_3D('',#13215,#10247,#10248);
#9289=AXIS2_PLACEMENT_3D('',#13216,#10249,#10250);
#9290=AXIS2_PLACEMENT_3D('',#13217,#10251,#10252);
#9291=AXIS2_PLACEMENT_3D('',#13227,#10254,#10255);
#9292=AXIS2_PLACEMENT_3D('',#13230,#10257,#10258);
#9293=AXIS2_PLACEMENT_3D('',#13236,#10259,#10260);
#9294=AXIS2_PLACEMENT_3D('',#13243,#10261,#10262);
#9295=AXIS2_PLACEMENT_3D('',#13245,#10263,#10264);
#9296=AXIS2_PLACEMENT_3D('',#13247,#10265,#10266);
#9297=AXIS2_PLACEMENT_3D('',#13249,#10267,#10268);
#9298=AXIS2_PLACEMENT_3D('',#13250,#10269,#10270);
#9299=AXIS2_PLACEMENT_3D('',#13251,#10271,#10272);
#9300=AXIS2_PLACEMENT_3D('',#13258,#10273,#10274);
#9301=AXIS2_PLACEMENT_3D('',#13259,#10275,#10276);
#9302=AXIS2_PLACEMENT_3D('',#13260,#10277,#10278);
#9303=AXIS2_PLACEMENT_3D('',#13266,#10279,#10280);
#9304=AXIS2_PLACEMENT_3D('',#13267,#10281,#10282);
#9305=AXIS2_PLACEMENT_3D('',#13272,#10284,#10285);
#9306=AXIS2_PLACEMENT_3D('',#13276,#10287,#10288);
#9307=AXIS2_PLACEMENT_3D('',#13280,#10290,#10291);
#9308=AXIS2_PLACEMENT_3D('',#13283,#10293,#10294);
#9309=AXIS2_PLACEMENT_3D('',#13289,#10297,#10298);
#9310=AXIS2_PLACEMENT_3D('',#13294,#10301,#10302);
#9311=AXIS2_PLACEMENT_3D('',#13295,#10303,#10304);
#9312=AXIS2_PLACEMENT_3D('',#13302,#10305,#10306);
#9313=AXIS2_PLACEMENT_3D('',#13303,#10307,#10308);
#9314=AXIS2_PLACEMENT_3D('',#13304,#10309,#10310);
#9315=AXIS2_PLACEMENT_3D('',#13309,#10312,#10313);
#9316=AXIS2_PLACEMENT_3D('',#13313,#10315,#10316);
#9317=AXIS2_PLACEMENT_3D('',#13315,#10317,#10318);
#9318=AXIS2_PLACEMENT_3D('',#13319,#10320,#10321);
#9319=AXIS2_PLACEMENT_3D('',#13323,#10323,#10324);
#9320=AXIS2_PLACEMENT_3D('',#13327,#10326,#10327);
#9321=AXIS2_PLACEMENT_3D('',#13331,#10329,#10330);
#9322=AXIS2_PLACEMENT_3D('',#13335,#10332,#10333);
#9323=AXIS2_PLACEMENT_3D('',#13337,#10334,#10335);
#9324=AXIS2_PLACEMENT_3D('',#13341,#10337,#10338);
#9325=AXIS2_PLACEMENT_3D('',#13345,#10340,#10341);
#9326=AXIS2_PLACEMENT_3D('',#13347,#10342,#10343);
#9327=AXIS2_PLACEMENT_3D('',#13351,#10345,#10346);
#9328=AXIS2_PLACEMENT_3D('',#13355,#10348,#10349);
#9329=AXIS2_PLACEMENT_3D('',#13359,#10351,#10352);
#9330=AXIS2_PLACEMENT_3D('',#13360,#10353,#10354);
#9331=AXIS2_PLACEMENT_3D('',#13369,#10359,#10360);
#9332=AXIS2_PLACEMENT_3D('',#13373,#10363,#10364);
#9333=AXIS2_PLACEMENT_3D('',#13374,#10365,#10366);
#9334=AXIS2_PLACEMENT_3D('',#13383,#10370,#10371);
#9335=AXIS2_PLACEMENT_3D('',#13386,#10373,#10374);
#9336=AXIS2_PLACEMENT_3D('',#13389,#10376,#10377);
#9337=AXIS2_PLACEMENT_3D('',#13402,#10385,#10386);
#9338=AXIS2_PLACEMENT_3D('',#13403,#10387,#10388);
#9339=AXIS2_PLACEMENT_3D('',#13406,#10389,#10390);
#9340=AXIS2_PLACEMENT_3D('',#13408,#10391,#10392);
#9341=AXIS2_PLACEMENT_3D('',#13414,#10393,#10394);
#9342=AXIS2_PLACEMENT_3D('',#13422,#10399,#10400);
#9343=AXIS2_PLACEMENT_3D('',#13423,#10401,#10402);
#9344=AXIS2_PLACEMENT_3D('',#13442,#10412,#10413);
#9345=AXIS2_PLACEMENT_3D('',#13443,#10414,#10415);
#9346=AXIS2_PLACEMENT_3D('',#13448,#10417,#10418);
#9347=AXIS2_PLACEMENT_3D('',#13457,#10421,#10422);
#9348=AXIS2_PLACEMENT_3D('',#13458,#10423,#10424);
#9349=AXIS2_PLACEMENT_3D('',#13460,#10425,#10426);
#9350=AXIS2_PLACEMENT_3D('',#13462,#10427,#10428);
#9351=AXIS2_PLACEMENT_3D('',#13463,#10429,#10430);
#9352=AXIS2_PLACEMENT_3D('',#13464,#10431,#10432);
#9353=AXIS2_PLACEMENT_3D('',#13465,#10433,#10434);
#9354=AXIS2_PLACEMENT_3D('',#13466,#10435,#10436);
#9355=AXIS2_PLACEMENT_3D('',#13470,#10438,#10439);
#9356=AXIS2_PLACEMENT_3D('',#13474,#10441,#10442);
#9357=AXIS2_PLACEMENT_3D('',#13476,#10443,#10444);
#9358=AXIS2_PLACEMENT_3D('',#13478,#10445,#10446);
#9359=AXIS2_PLACEMENT_3D('',#13479,#10447,#10448);
#9360=AXIS2_PLACEMENT_3D('',#13480,#10449,#10450);
#9361=AXIS2_PLACEMENT_3D('',#13483,#10451,#10452);
#9362=AXIS2_PLACEMENT_3D('',#13484,#10453,#10454);
#9363=AXIS2_PLACEMENT_3D('',#13485,#10455,#10456);
#9364=AXIS2_PLACEMENT_3D('',#13486,#10457,#10458);
#9365=AXIS2_PLACEMENT_3D('',#13488,#10459,#10460);
#9366=AXIS2_PLACEMENT_3D('',#13490,#10461,#10462);
#9367=AXIS2_PLACEMENT_3D('',#13493,#10464,#10465);
#9368=AXIS2_PLACEMENT_3D('',#13494,#10466,#10467);
#9369=AXIS2_PLACEMENT_3D('',#13498,#10469,#10470);
#9370=AXIS2_PLACEMENT_3D('',#13500,#10471,#10472);
#9371=AXIS2_PLACEMENT_3D('',#13501,#10473,#10474);
#9372=AXIS2_PLACEMENT_3D('',#13503,#10476,#10477);
#9373=AXIS2_PLACEMENT_3D('',#13507,#10479,#10480);
#9374=AXIS2_PLACEMENT_3D('',#13508,#10481,#10482);
#9375=AXIS2_PLACEMENT_3D('',#13513,#10485,#10486);
#9376=AXIS2_PLACEMENT_3D('',#13515,#10487,#10488);
#9377=AXIS2_PLACEMENT_3D('',#13519,#10490,#10491);
#9378=AXIS2_PLACEMENT_3D('',#13523,#10493,#10494);
#9379=AXIS2_PLACEMENT_3D('',#13526,#10496,#10497);
#9380=AXIS2_PLACEMENT_3D('',#13527,#10498,#10499);
#9381=AXIS2_PLACEMENT_3D('',#13529,#10500,#10501);
#9382=AXIS2_PLACEMENT_3D('',#13533,#10503,#10504);
#9383=AXIS2_PLACEMENT_3D('',#13534,#10505,#10506);
#9384=AXIS2_PLACEMENT_3D('',#13535,#10507,#10508);
#9385=AXIS2_PLACEMENT_3D('',#13539,#10510,#10511);
#9386=AXIS2_PLACEMENT_3D('',#13540,#10512,#10513);
#9387=AXIS2_PLACEMENT_3D('',#13541,#10514,#10515);
#9388=AXIS2_PLACEMENT_3D('',#13542,#10516,#10517);
#9389=AXIS2_PLACEMENT_3D('',#13543,#10518,#10519);
#9390=AXIS2_PLACEMENT_3D('',#13545,#10521,#10522);
#9391=AXIS2_PLACEMENT_3D('',#13551,#10523,#10524);
#9392=AXIS2_PLACEMENT_3D('',#13555,#10526,#10527);
#9393=AXIS2_PLACEMENT_3D('',#13558,#10529,#10530);
#9394=AXIS2_PLACEMENT_3D('',#13566,#10535,#10536);
#9395=AXIS2_PLACEMENT_3D('',#13577,#10543,#10544);
#9396=AXIS2_PLACEMENT_3D('',#13587,#10550,#10551);
#9397=AXIS2_PLACEMENT_3D('',#13591,#10553,#10554);
#9398=AXIS2_PLACEMENT_3D('',#13597,#10555,#10556);
#9399=AXIS2_PLACEMENT_3D('',#13598,#10557,#10558);
#9400=AXIS2_PLACEMENT_3D('',#13599,#10559,#10560);
#9401=AXIS2_PLACEMENT_3D('',#13600,#10561,#10562);
#9402=AXIS2_PLACEMENT_3D('',#13603,#10564,#10565);
#9403=AXIS2_PLACEMENT_3D('',#13610,#10567,#10568);
#9404=AXIS2_PLACEMENT_3D('',#13617,#10572,#10573);
#9405=AXIS2_PLACEMENT_3D('',#13620,#10576,#10577);
#9406=AXIS2_PLACEMENT_3D('',#13623,#10580,#10581);
#9407=AXIS2_PLACEMENT_3D('',#13626,#10583,#10584);
#9408=AXIS2_PLACEMENT_3D('',#13627,#10585,#10586);
#9409=AXIS2_PLACEMENT_3D('',#13630,#10588,#10589);
#9410=AXIS2_PLACEMENT_3D('',#13632,#10590,#10591);
#9411=AXIS2_PLACEMENT_3D('',#13633,#10592,#10593);
#9412=AXIS2_PLACEMENT_3D('',#13636,#10595,#10596);
#9413=AXIS2_PLACEMENT_3D('',#13639,#10598,#10599);
#9414=AXIS2_PLACEMENT_3D('',#13640,#10600,#10601);
#9415=AXIS2_PLACEMENT_3D('',#13641,#10602,#10603);
#9416=AXIS2_PLACEMENT_3D('',#13654,#10608,#10609);
#9417=AXIS2_PLACEMENT_3D('',#13659,#10613,#10614);
#9418=AXIS2_PLACEMENT_3D('',#13660,#10615,#10616);
#9419=AXIS2_PLACEMENT_3D('',#13661,#10617,#10618);
#9420=AXIS2_PLACEMENT_3D('',#13662,#10619,#10620);
#9421=AXIS2_PLACEMENT_3D('',#13663,#10621,#10622);
#9422=AXIS2_PLACEMENT_3D('',#13664,#10623,#10624);
#9423=AXIS2_PLACEMENT_3D('',#13665,#10625,#10626);
#9424=AXIS2_PLACEMENT_3D('',#13678,#10631,#10632);
#9425=AXIS2_PLACEMENT_3D('',#13683,#10636,#10637);
#9426=AXIS2_PLACEMENT_3D('',#13684,#10638,#10639);
#9427=AXIS2_PLACEMENT_3D('',#13685,#10640,#10641);
#9428=AXIS2_PLACEMENT_3D('',#13686,#10642,#10643);
#9429=AXIS2_PLACEMENT_3D('',#13687,#10644,#10645);
#9430=AXIS2_PLACEMENT_3D('',#13688,#10646,#10647);
#9431=AXIS2_PLACEMENT_3D('',#13689,#10648,#10649);
#9432=AXIS2_PLACEMENT_3D('',#13690,#10650,#10651);
#9433=AXIS2_PLACEMENT_3D('',#13691,#10652,#10653);
#9434=AXIS2_PLACEMENT_3D('',#13692,#10654,#10655);
#9435=AXIS2_PLACEMENT_3D('',#13693,#10656,#10657);
#9436=AXIS2_PLACEMENT_3D('',#13694,#10658,#10659);
#9437=AXIS2_PLACEMENT_3D('',#13695,#10660,#10661);
#9438=AXIS2_PLACEMENT_3D('',#13698,#10663,#10664);
#9439=AXIS2_PLACEMENT_3D('',#13701,#10666,#10667);
#9440=AXIS2_PLACEMENT_3D('',#13702,#10668,#10669);
#9441=AXIS2_PLACEMENT_3D('',#13703,#10670,#10671);
#9442=AXIS2_PLACEMENT_3D('',#13705,#10673,#10674);
#9443=AXIS2_PLACEMENT_3D('',#13706,#10675,#10676);
#9444=AXIS2_PLACEMENT_3D('',#13711,#10679,#10680);
#9445=AXIS2_PLACEMENT_3D('',#13712,#10681,#10682);
#9446=AXIS2_PLACEMENT_3D('',#13713,#10683,#10684);
#9447=AXIS2_PLACEMENT_3D('',#13714,#10685,#10686);
#9448=AXIS2_PLACEMENT_3D('',#13716,#10688,#10689);
#9449=AXIS2_PLACEMENT_3D('',#13717,#10690,#10691);
#9450=AXIS2_PLACEMENT_3D('',#13727,#10696,#10697);
#9451=AXIS2_PLACEMENT_3D('',#13731,#10699,#10700);
#9452=AXIS2_PLACEMENT_3D('',#13735,#10702,#10703);
#9453=AXIS2_PLACEMENT_3D('',#13737,#10704,#10705);
#9454=AXIS2_PLACEMENT_3D('',#13738,#10706,#10707);
#9455=AXIS2_PLACEMENT_3D('',#13739,#10708,#10709);
#9456=AXIS2_PLACEMENT_3D('',#13740,#10710,#10711);
#9457=AXIS2_PLACEMENT_3D('',#13743,#10713,#10714);
#9458=AXIS2_PLACEMENT_3D('',#13745,#10716,#10717);
#9459=AXIS2_PLACEMENT_3D('',#13746,#10718,#10719);
#9460=AXIS2_PLACEMENT_3D('',#13748,#10721,#10722);
#9461=AXIS2_PLACEMENT_3D('',#13751,#10724,#10725);
#9462=AXIS2_PLACEMENT_3D('',#13759,#10728,#10729);
#9463=AXIS2_PLACEMENT_3D('',#13761,#10731,#10732);
#9464=AXIS2_PLACEMENT_3D('',#13764,#10735,#10736);
#9465=AXIS2_PLACEMENT_3D('',#13765,#10737,#10738);
#9466=AXIS2_PLACEMENT_3D('',#13771,#10742,#10743);
#9467=AXIS2_PLACEMENT_3D('',#13774,#10746,#10747);
#9468=AXIS2_PLACEMENT_3D('',#13776,#10749,#10750);
#9469=AXIS2_PLACEMENT_3D('',#13778,#10752,#10753);
#9470=AXIS2_PLACEMENT_3D('',#13780,#10755,#10756);
#9471=AXIS2_PLACEMENT_3D('',#13782,#10758,#10759);
#9472=AXIS2_PLACEMENT_3D('',#13784,#10761,#10762);
#9473=AXIS2_PLACEMENT_3D('',#13786,#10764,#10765);
#9474=AXIS2_PLACEMENT_3D('',#13792,#10767,#10768);
#9475=AXIS2_PLACEMENT_3D('',#13794,#10770,#10771);
#9476=AXIS2_PLACEMENT_3D('',#13796,#10773,#10774);
#9477=AXIS2_PLACEMENT_3D('',#13798,#10776,#10777);
#9478=AXIS2_PLACEMENT_3D('',#13799,#10778,#10779);
#9479=AXIS2_PLACEMENT_3D('',#13800,#10780,#10781);
#9480=AXIS2_PLACEMENT_3D('',#13801,#10782,#10783);
#9481=AXIS2_PLACEMENT_3D('',#13802,#10784,#10785);
#9482=AXIS2_PLACEMENT_3D('',#13803,#10786,#10787);
#9483=AXIS2_PLACEMENT_3D('',#13804,#10788,#10789);
#9484=AXIS2_PLACEMENT_3D('',#13805,#10790,#10791);
#9485=AXIS2_PLACEMENT_3D('',#13806,#10792,#10793);
#9486=AXIS2_PLACEMENT_3D('',#13807,#10794,#10795);
#9487=AXIS2_PLACEMENT_3D('',#13808,#10796,#10797);
#9488=AXIS2_PLACEMENT_3D('',#13818,#10800,#10801);
#9489=AXIS2_PLACEMENT_3D('',#13819,#10802,#10803);
#9490=AXIS2_PLACEMENT_3D('',#13821,#10804,#10805);
#9491=AXIS2_PLACEMENT_3D('',#13823,#10806,#10807);
#9492=AXIS2_PLACEMENT_3D('',#13824,#10808,#10809);
#9493=AXIS2_PLACEMENT_3D('',#13826,#10810,#10811);
#9494=AXIS2_PLACEMENT_3D('',#13827,#10812,#10813);
#9495=AXIS2_PLACEMENT_3D('',#13829,#10814,#10815);
#9496=AXIS2_PLACEMENT_3D('',#13830,#10816,#10817);
#9497=AXIS2_PLACEMENT_3D('',#13831,#10818,#10819);
#9498=AXIS2_PLACEMENT_3D('',#13833,#10820,#10821);
#9499=AXIS2_PLACEMENT_3D('',#13835,#10822,#10823);
#9500=AXIS2_PLACEMENT_3D('',#13836,#10824,#10825);
#9501=AXIS2_PLACEMENT_3D('',#13838,#10826,#10827);
#9502=AXIS2_PLACEMENT_3D('',#13839,#10828,#10829);
#9503=AXIS2_PLACEMENT_3D('',#13841,#10830,#10831);
#9504=AXIS2_PLACEMENT_3D('',#13842,#10832,#10833);
#9505=AXIS2_PLACEMENT_3D('',#13843,#10834,#10835);
#9506=AXIS2_PLACEMENT_3D('',#13845,#10836,#10837);
#9507=AXIS2_PLACEMENT_3D('',#13847,#10838,#10839);
#9508=AXIS2_PLACEMENT_3D('',#13848,#10840,#10841);
#9509=AXIS2_PLACEMENT_3D('',#13850,#10842,#10843);
#9510=AXIS2_PLACEMENT_3D('',#13852,#10844,#10845);
#9511=AXIS2_PLACEMENT_3D('',#13868,#10846,#10847);
#9512=AXIS2_PLACEMENT_3D('',#13884,#10848,#10849);
#9513=AXIS2_PLACEMENT_3D('',#13900,#10850,#10851);
#9514=AXIS2_PLACEMENT_3D('',#13916,#10852,#10853);
#9515=AXIS2_PLACEMENT_3D('',#13932,#10854,#10855);
#9516=AXIS2_PLACEMENT_3D('',#13948,#10856,#10857);
#9517=AXIS2_PLACEMENT_3D('',#13964,#10858,#10859);
#9518=AXIS2_PLACEMENT_3D('',#13980,#10860,#10861);
#9519=AXIS2_PLACEMENT_3D('',#13996,#10862,#10863);
#9520=AXIS2_PLACEMENT_3D('',#14012,#10864,#10865);
#9521=AXIS2_PLACEMENT_3D('',#14028,#10866,#10867);
#9522=AXIS2_PLACEMENT_3D('',#14044,#10868,#10869);
#9523=AXIS2_PLACEMENT_3D('',#14060,#10870,#10871);
#9524=AXIS2_PLACEMENT_3D('',#14076,#10872,#10873);
#9525=AXIS2_PLACEMENT_3D('',#14092,#10874,#10875);
#9526=AXIS2_PLACEMENT_3D('',#14093,#10876,#10877);
#9527=AXIS2_PLACEMENT_3D('',#14094,#10878,#10879);
#9528=AXIS2_PLACEMENT_3D('',#14102,#10880,#10881);
#9529=AXIS2_PLACEMENT_3D('',#14108,#10882,#10883);
#9530=AXIS2_PLACEMENT_3D('',#14109,#10884,#10885);
#9531=AXIS2_PLACEMENT_3D('',#14114,#10887,#10888);
#9532=AXIS2_PLACEMENT_3D('',#14117,#10890,#10891);
#9533=AXIS2_PLACEMENT_3D('',#14118,#10892,#10893);
#9534=AXIS2_PLACEMENT_3D('',#14121,#10894,#10895);
#9535=AXIS2_PLACEMENT_3D('',#14123,#10896,#10897);
#9536=AXIS2_PLACEMENT_3D('',#14125,#10898,#10899);
#9537=AXIS2_PLACEMENT_3D('',#14126,#10900,#10901);
#9538=AXIS2_PLACEMENT_3D('',#14127,#10902,#10903);
#9539=AXIS2_PLACEMENT_3D('',#14131,#10905,#10906);
#9540=AXIS2_PLACEMENT_3D('',#14135,#10908,#10909);
#9541=AXIS2_PLACEMENT_3D('',#14136,#10910,#10911);
#9542=AXIS2_PLACEMENT_3D('',#14140,#10913,#10914);
#9543=AXIS2_PLACEMENT_3D('',#14144,#10916,#10917);
#9544=AXIS2_PLACEMENT_3D('',#14145,#10918,#10919);
#9545=AXIS2_PLACEMENT_3D('',#14146,#10920,#10921);
#9546=AXIS2_PLACEMENT_3D('',#14151,#10923,#10924);
#9547=AXIS2_PLACEMENT_3D('',#14154,#10926,#10927);
#9548=AXIS2_PLACEMENT_3D('',#14157,#10929,#10930);
#9549=AXIS2_PLACEMENT_3D('',#14160,#10932,#10933);
#9550=AXIS2_PLACEMENT_3D('',#14161,#10934,#10935);
#9551=AXIS2_PLACEMENT_3D('',#14163,#10936,#10937);
#9552=AXIS2_PLACEMENT_3D('',#14165,#10938,#10939);
#9553=AXIS2_PLACEMENT_3D('',#14166,#10940,#10941);
#9554=AXIS2_PLACEMENT_3D('',#14168,#10942,#10943);
#9555=AXIS2_PLACEMENT_3D('',#14170,#10944,#10945);
#9556=AXIS2_PLACEMENT_3D('',#14171,#10946,#10947);
#9557=AXIS2_PLACEMENT_3D('',#14172,#10948,#10949);
#9558=AXIS2_PLACEMENT_3D('',#14173,#10950,#10951);
#9559=AXIS2_PLACEMENT_3D('',#14178,#10954,#10955);
#9560=AXIS2_PLACEMENT_3D('',#14219,#10976,#10977);
#9561=AXIS2_PLACEMENT_3D('',#14226,#10981,#10982);
#9562=AXIS2_PLACEMENT_3D('',#14233,#10986,#10987);
#9563=AXIS2_PLACEMENT_3D('',#14234,#10988,#10989);
#9564=AXIS2_PLACEMENT_3D('',#14243,#10994,#10995);
#9565=AXIS2_PLACEMENT_3D('',#14244,#10996,#10997);
#9566=AXIS2_PLACEMENT_3D('',#14249,#10999,#11000);
#9567=AXIS2_PLACEMENT_3D('',#14252,#11002,#11003);
#9568=AXIS2_PLACEMENT_3D('',#14258,#11007,#11008);
#9569=AXIS2_PLACEMENT_3D('',#14259,#11009,#11010);
#9570=AXIS2_PLACEMENT_3D('',#14263,#11012,#11013);
#9571=AXIS2_PLACEMENT_3D('',#14264,#11014,#11015);
#9572=AXIS2_PLACEMENT_3D('',#14267,#11018,#11019);
#9573=AXIS2_PLACEMENT_3D('',#14270,#11022,#11023);
#9574=AXIS2_PLACEMENT_3D('',#14271,#11024,#11025);
#9575=AXIS2_PLACEMENT_3D('',#14272,#11026,#11027);
#9576=AXIS2_PLACEMENT_3D('',#14273,#11028,#11029);
#9577=AXIS2_PLACEMENT_3D('',#14288,#11030,#11031);
#9578=AXIS2_PLACEMENT_3D('',#14302,#11032,#11033);
#9579=AXIS2_PLACEMENT_3D('',#14316,#11034,#11035);
#9580=AXIS2_PLACEMENT_3D('',#14330,#11036,#11037);
#9581=AXIS2_PLACEMENT_3D('',#14344,#11038,#11039);
#9582=AXIS2_PLACEMENT_3D('',#14358,#11040,#11041);
#9583=AXIS2_PLACEMENT_3D('',#14372,#11042,#11043);
#9584=AXIS2_PLACEMENT_3D('',#14386,#11044,#11045);
#9585=AXIS2_PLACEMENT_3D('',#14400,#11046,#11047);
#9586=AXIS2_PLACEMENT_3D('',#14414,#11048,#11049);
#9587=AXIS2_PLACEMENT_3D('',#14428,#11050,#11051);
#9588=AXIS2_PLACEMENT_3D('',#14442,#11052,#11053);
#9589=AXIS2_PLACEMENT_3D('',#14456,#11054,#11055);
#9590=AXIS2_PLACEMENT_3D('',#14470,#11056,#11057);
#9591=AXIS2_PLACEMENT_3D('',#14483,#11058,#11059);
#9592=AXIS2_PLACEMENT_3D('',#14485,#11061,#11062);
#9593=AXIS2_PLACEMENT_3D('',#14487,#11064,#11065);
#9594=AXIS2_PLACEMENT_3D('',#14489,#11067,#11068);
#9595=AXIS2_PLACEMENT_3D('',#14491,#11070,#11071);
#9596=AXIS2_PLACEMENT_3D('',#14492,#11072,#11073);
#9597=AXIS2_PLACEMENT_3D('',#14497,#11076,#11077);
#9598=AXIS2_PLACEMENT_3D('',#14501,#11079,#11080);
#9599=AXIS2_PLACEMENT_3D('',#14502,#11081,#11082);
#9600=AXIS2_PLACEMENT_3D('',#14504,#11083,#11084);
#9601=AXIS2_PLACEMENT_3D('',#14508,#11086,#11087);
#9602=AXIS2_PLACEMENT_3D('',#14511,#11089,#11090);
#9603=AXIS2_PLACEMENT_3D('',#14512,#11091,#11092);
#9604=AXIS2_PLACEMENT_3D('',#14517,#11094,#11095);
#9605=AXIS2_PLACEMENT_3D('',#14521,#11098,#11099);
#9606=AXIS2_PLACEMENT_3D('',#14524,#11102,#11103);
#9607=AXIS2_PLACEMENT_3D('',#14525,#11104,#11105);
#9608=AXIS2_PLACEMENT_3D('',#14527,#11107,#11108);
#9609=AXIS2_PLACEMENT_3D('',#14529,#11110,#11111);
#9610=AXIS2_PLACEMENT_3D('',#14530,#11112,#11113);
#9611=AXIS2_PLACEMENT_3D('',#14533,#11116,#11117);
#9612=AXIS2_PLACEMENT_3D('',#14536,#11119,#11120);
#9613=AXIS2_PLACEMENT_3D('',#14537,#11121,#11122);
#9614=AXIS2_PLACEMENT_3D('',#14538,#11123,#11124);
#9615=AXIS2_PLACEMENT_3D('',#14541,#11126,#11127);
#9616=AXIS2_PLACEMENT_3D('',#14545,#11130,#11131);
#9617=AXIS2_PLACEMENT_3D('',#14549,#11134,#11135);
#9618=AXIS2_PLACEMENT_3D('',#14555,#11139,#11140);
#9619=AXIS2_PLACEMENT_3D('',#14559,#11143,#11144);
#9620=AXIS2_PLACEMENT_3D('',#14560,#11145,#11146);
#9621=AXIS2_PLACEMENT_3D('',#14563,#11148,#11149);
#9622=AXIS2_PLACEMENT_3D('',#14564,#11150,#11151);
#9623=AXIS2_PLACEMENT_3D('',#14565,#11152,#11153);
#9624=AXIS2_PLACEMENT_3D('',#14567,#11155,#11156);
#9625=AXIS2_PLACEMENT_3D('',#14573,#11160,#11161);
#9626=AXIS2_PLACEMENT_3D('',#14575,#11163,#11164);
#9627=AXIS2_PLACEMENT_3D('',#14577,#11166,#11167);
#9628=AXIS2_PLACEMENT_3D('',#14579,#11169,#11170);
#9629=AXIS2_PLACEMENT_3D('',#14580,#11171,#11172);
#9630=AXIS2_PLACEMENT_3D('',#14584,#11174,#11175);
#9631=AXIS2_PLACEMENT_3D('',#14585,#11176,#11177);
#9632=AXIS2_PLACEMENT_3D('',#14594,#11182,#11183);
#9633=AXIS2_PLACEMENT_3D('',#14597,#11185,#11186);
#9634=AXIS2_PLACEMENT_3D('',#14599,#11187,#11188);
#9635=AXIS2_PLACEMENT_3D('',#14600,#11189,#11190);
#9636=AXIS2_PLACEMENT_3D('',#14609,#11195,#11196);
#9637=AXIS2_PLACEMENT_3D('',#14618,#11202,#11203);
#9638=AXIS2_PLACEMENT_3D('',#14622,#11206,#11207);
#9639=AXIS2_PLACEMENT_3D('',#14623,#11208,#11209);
#9640=AXIS2_PLACEMENT_3D('',#14630,#11213,#11214);
#9641=AXIS2_PLACEMENT_3D('',#14635,#11218,#11219);
#9642=AXIS2_PLACEMENT_3D('',#14638,#11221,#11222);
#9643=AXIS2_PLACEMENT_3D('',#14641,#11224,#11225);
#9644=AXIS2_PLACEMENT_3D('',#14642,#11226,#11227);
#9645=AXIS2_PLACEMENT_3D('',#14644,#11228,#11229);
#9646=AXIS2_PLACEMENT_3D('',#14655,#11230,#11231);
#9647=AXIS2_PLACEMENT_3D('',#14665,#11232,#11233);
#9648=AXIS2_PLACEMENT_3D('',#14668,#11235,#11236);
#9649=AXIS2_PLACEMENT_3D('',#14669,#11237,#11238);
#9650=AXIS2_PLACEMENT_3D('',#14672,#11241,#11242);
#9651=AXIS2_PLACEMENT_3D('',#14676,#11245,#11246);
#9652=AXIS2_PLACEMENT_3D('',#14682,#11250,#11251);
#9653=AXIS2_PLACEMENT_3D('',#14687,#11255,#11256);
#9654=AXIS2_PLACEMENT_3D('',#14697,#11257,#11258);
#9655=AXIS2_PLACEMENT_3D('',#14698,#11259,#11260);
#9656=AXIS2_PLACEMENT_3D('',#14699,#11261,#11262);
#9657=AXIS2_PLACEMENT_3D('',#14704,#11265,#11266);
#9658=AXIS2_PLACEMENT_3D('',#14707,#11268,#11269);
#9659=AXIS2_PLACEMENT_3D('',#14714,#11274,#11275);
#9660=AXIS2_PLACEMENT_3D('',#14715,#11276,#11277);
#9661=AXIS2_PLACEMENT_3D('',#14727,#11278,#11279);
#9662=AXIS2_PLACEMENT_3D('',#14728,#11280,#11281);
#9663=AXIS2_PLACEMENT_3D('',#14733,#11284,#11285);
#9664=AXIS2_PLACEMENT_3D('',#14734,#11286,#11287);
#9665=AXIS2_PLACEMENT_3D('',#14738,#11290,#11291);
#9666=AXIS2_PLACEMENT_3D('',#14745,#11296,#11297);
#9667=AXIS2_PLACEMENT_3D('',#14913,#11341,#11342);
#9668=AXIS2_PLACEMENT_3D('',#14970,#11358,#11359);
#9669=AXIS2_PLACEMENT_3D('',#14971,#11360,#11361);
#9670=AXIS2_PLACEMENT_3D('',#14974,#11363,#11364);
#9671=AXIS2_PLACEMENT_3D('',#14975,#11365,#11366);
#9672=AXIS2_PLACEMENT_3D('',#14977,#11367,#11368);
#9673=AXIS2_PLACEMENT_3D('',#14978,#11369,#11370);
#9674=AXIS2_PLACEMENT_3D('',#14985,#11372,#11373);
#9675=AXIS2_PLACEMENT_3D('',#14986,#11374,#11375);
#9676=AXIS2_PLACEMENT_3D('',#14992,#11376,#11377);
#9677=AXIS2_PLACEMENT_3D('',#14998,#11378,#11379);
#9678=AXIS2_PLACEMENT_3D('',#14999,#11380,#11381);
#9679=AXIS2_PLACEMENT_3D('',#15005,#11382,#11383);
#9680=AXIS2_PLACEMENT_3D('',#15006,#11384,#11385);
#9681=AXIS2_PLACEMENT_3D('',#15017,#11386,#11387);
#9682=AXIS2_PLACEMENT_3D('',#15018,#11388,#11389);
#9683=AXIS2_PLACEMENT_3D('',#15021,#11391,#11392);
#9684=AXIS2_PLACEMENT_3D('',#15022,#11393,#11394);
#9685=AXIS2_PLACEMENT_3D('',#15023,#11395,#11396);
#9686=AXIS2_PLACEMENT_3D('',#15025,#11397,#11398);
#9687=AXIS2_PLACEMENT_3D('',#15026,#11399,#11400);
#9688=AXIS2_PLACEMENT_3D('',#15028,#11402,#11403);
#9689=AXIS2_PLACEMENT_3D('',#15031,#11405,#11406);
#9690=AXIS2_PLACEMENT_3D('',#15036,#11409,#11410);
#9691=AXIS2_PLACEMENT_3D('',#15040,#11413,#11414);
#9692=AXIS2_PLACEMENT_3D('',#15041,#11415,#11416);
#9693=AXIS2_PLACEMENT_3D('',#15067,#11420,#11421);
#9694=AXIS2_PLACEMENT_3D('',#15092,#11424,#11425);
#9695=AXIS2_PLACEMENT_3D('',#15117,#11428,#11429);
#9696=AXIS2_PLACEMENT_3D('',#15142,#11432,#11433);
#9697=AXIS2_PLACEMENT_3D('',#15167,#11436,#11437);
#9698=AXIS2_PLACEMENT_3D('',#15192,#11440,#11441);
#9699=AXIS2_PLACEMENT_3D('',#15217,#11444,#11445);
#9700=AXIS2_PLACEMENT_3D('',#15242,#11448,#11449);
#9701=AXIS2_PLACEMENT_3D('',#15267,#11452,#11453);
#9702=AXIS2_PLACEMENT_3D('',#15292,#11456,#11457);
#9703=AXIS2_PLACEMENT_3D('',#15317,#11460,#11461);
#9704=AXIS2_PLACEMENT_3D('',#15342,#11464,#11465);
#9705=AXIS2_PLACEMENT_3D('',#15367,#11468,#11469);
#9706=AXIS2_PLACEMENT_3D('',#15392,#11472,#11473);
#9707=AXIS2_PLACEMENT_3D('',#15416,#11475,#11476);
#9708=AXIS2_PLACEMENT_3D('',#15417,#11477,#11478);
#9709=AXIS2_PLACEMENT_3D('',#15422,#11480,#11481);
#9710=AXIS2_PLACEMENT_3D('',#15425,#11483,#11484);
#9711=AXIS2_PLACEMENT_3D('',#15431,#11488,#11489);
#9712=AXIS2_PLACEMENT_3D('',#15432,#11490,#11491);
#9713=AXIS2_PLACEMENT_3D('',#15433,#11492,#11493);
#9714=AXIS2_PLACEMENT_3D('',#15434,#11494,#11495);
#9715=AXIS2_PLACEMENT_3D('',#15435,#11496,#11497);
#9716=AXIS2_PLACEMENT_3D('',#15444,#11502,#11503);
#9717=AXIS2_PLACEMENT_3D('',#15445,#11504,#11505);
#9718=AXIS2_PLACEMENT_3D('',#15449,#11507,#11508);
#9719=AXIS2_PLACEMENT_3D('',#15450,#11509,#11510);
#9720=AXIS2_PLACEMENT_3D('',#15451,#11511,#11512);
#9721=AXIS2_PLACEMENT_3D('',#15452,#11513,#11514);
#9722=AXIS2_PLACEMENT_3D('',#15453,#11515,#11516);
#9723=AXIS2_PLACEMENT_3D('',#15454,#11517,#11518);
#9724=AXIS2_PLACEMENT_3D('',#15460,#11522,#11523);
#9725=AXIS2_PLACEMENT_3D('',#15464,#11526,#11527);
#9726=AXIS2_PLACEMENT_3D('',#15509,#11532,#11533);
#9727=AXIS2_PLACEMENT_3D('',#15513,#11536,#11537);
#9728=AXIS2_PLACEMENT_3D('',#15517,#11540,#11541);
#9729=AXIS2_PLACEMENT_3D('',#15521,#11544,#11545);
#9730=AXIS2_PLACEMENT_3D('',#15559,#11550,#11551);
#9731=AXIS2_PLACEMENT_3D('',#15561,#11553,#11554);
#9732=AXIS2_PLACEMENT_3D('',#15562,#11555,#11556);
#9733=AXIS2_PLACEMENT_3D('',#15568,#11560,#11561);
#9734=AXIS2_PLACEMENT_3D('',#15572,#11564,#11565);
#9735=AXIS2_PLACEMENT_3D('',#15590,#11569,#11570);
#9736=AXIS2_PLACEMENT_3D('',#15594,#11573,#11574);
#9737=AXIS2_PLACEMENT_3D('',#15598,#11577,#11578);
#9738=AXIS2_PLACEMENT_3D('',#15605,#11580,#11581);
#9739=AXIS2_PLACEMENT_3D('',#15606,#11582,#11583);
#9740=AXIS2_PLACEMENT_3D('',#15612,#11584,#11585);
#9741=AXIS2_PLACEMENT_3D('',#15616,#11588,#11589);
#9742=AXIS2_PLACEMENT_3D('',#15620,#11592,#11593);
#9743=AXIS2_PLACEMENT_3D('',#15624,#11596,#11597);
#9744=AXIS2_PLACEMENT_3D('',#15626,#11599,#11600);
#9745=AXIS2_PLACEMENT_3D('',#15627,#11601,#11602);
#9746=AXIS2_PLACEMENT_3D('',#15633,#11606,#11607);
#9747=AXIS2_PLACEMENT_3D('',#15637,#11610,#11611);
#9748=AXIS2_PLACEMENT_3D('',#15641,#11614,#11615);
#9749=AXIS2_PLACEMENT_3D('',#15645,#11618,#11619);
#9750=AXIS2_PLACEMENT_3D('',#15649,#11622,#11623);
#9751=AXIS2_PLACEMENT_3D('',#15653,#11626,#11627);
#9752=AXIS2_PLACEMENT_3D('',#15657,#11630,#11631);
#9753=AXIS2_PLACEMENT_3D('',#15659,#11633,#11634);
#9754=AXIS2_PLACEMENT_3D('',#15660,#11635,#11636);
#9755=AXIS2_PLACEMENT_3D('',#15666,#11640,#11641);
#9756=AXIS2_PLACEMENT_3D('',#15670,#11644,#11645);
#9757=AXIS2_PLACEMENT_3D('',#15708,#11650,#11651);
#9758=AXIS2_PLACEMENT_3D('',#15712,#11654,#11655);
#9759=AXIS2_PLACEMENT_3D('',#15716,#11658,#11659);
#9760=AXIS2_PLACEMENT_3D('',#15720,#11662,#11663);
#9761=AXIS2_PLACEMENT_3D('',#15722,#11665,#11666);
#9762=AXIS2_PLACEMENT_3D('',#15729,#11670,#11671);
#9763=AXIS2_PLACEMENT_3D('',#15735,#11675,#11676);
#9764=AXIS2_PLACEMENT_3D('',#15739,#11679,#11680);
#9765=AXIS2_PLACEMENT_3D('',#15741,#11682,#11683);
#9766=AXIS2_PLACEMENT_3D('',#15747,#11687,#11688);
#9767=AXIS2_PLACEMENT_3D('',#15751,#11691,#11692);
#9768=AXIS2_PLACEMENT_3D('',#15789,#11697,#11698);
#9769=AXIS2_PLACEMENT_3D('',#15793,#11701,#11702);
#9770=AXIS2_PLACEMENT_3D('',#15797,#11705,#11706);
#9771=AXIS2_PLACEMENT_3D('',#15799,#11708,#11709);
#9772=AXIS2_PLACEMENT_3D('',#15800,#11710,#11711);
#9773=AXIS2_PLACEMENT_3D('',#15806,#11715,#11716);
#9774=AXIS2_PLACEMENT_3D('',#15810,#11719,#11720);
#9775=AXIS2_PLACEMENT_3D('',#15848,#11725,#11726);
#9776=AXIS2_PLACEMENT_3D('',#15852,#11729,#11730);
#9777=AXIS2_PLACEMENT_3D('',#15856,#11733,#11734);
#9778=AXIS2_PLACEMENT_3D('',#15858,#11736,#11737);
#9779=AXIS2_PLACEMENT_3D('',#15859,#11738,#11739);
#9780=AXIS2_PLACEMENT_3D('',#15865,#11743,#11744);
#9781=AXIS2_PLACEMENT_3D('',#15869,#11747,#11748);
#9782=AXIS2_PLACEMENT_3D('',#15899,#11752,#11753);
#9783=AXIS2_PLACEMENT_3D('',#15903,#11756,#11757);
#9784=AXIS2_PLACEMENT_3D('',#15907,#11760,#11761);
#9785=AXIS2_PLACEMENT_3D('',#15909,#11763,#11764);
#9786=AXIS2_PLACEMENT_3D('',#15932,#11767,#11768);
#9787=AXIS2_PLACEMENT_3D('',#15956,#11772,#11773);
#9788=AXIS2_PLACEMENT_3D('',#15974,#11777,#11778);
#9789=AXIS2_PLACEMENT_3D('',#15992,#11782,#11783);
#9790=AXIS2_PLACEMENT_3D('',#15994,#11785,#11786);
#9791=AXIS2_PLACEMENT_3D('',#16003,#11791,#11792);
#9792=AXIS2_PLACEMENT_3D('',#16009,#11796,#11797);
#9793=AXIS2_PLACEMENT_3D('',#16013,#11800,#11801);
#9794=AXIS2_PLACEMENT_3D('',#16017,#11804,#11805);
#9795=AXIS2_PLACEMENT_3D('',#16019,#11807,#11808);
#9796=AXIS2_PLACEMENT_3D('',#16020,#11809,#11810);
#9797=AXIS2_PLACEMENT_3D('',#16021,#11811,#11812);
#9798=AXIS2_PLACEMENT_3D('',#16027,#11816,#11817);
#9799=AXIS2_PLACEMENT_3D('',#16031,#11820,#11821);
#9800=AXIS2_PLACEMENT_3D('',#16035,#11824,#11825);
#9801=AXIS2_PLACEMENT_3D('',#16039,#11828,#11829);
#9802=AXIS2_PLACEMENT_3D('',#16043,#11832,#11833);
#9803=AXIS2_PLACEMENT_3D('',#16045,#11835,#11836);
#9804=AXIS2_PLACEMENT_3D('',#16046,#11837,#11838);
#9805=AXIS2_PLACEMENT_3D('',#16052,#11842,#11843);
#9806=AXIS2_PLACEMENT_3D('',#16056,#11846,#11847);
#9807=AXIS2_PLACEMENT_3D('',#16060,#11850,#11851);
#9808=AXIS2_PLACEMENT_3D('',#16064,#11854,#11855);
#9809=AXIS2_PLACEMENT_3D('',#16068,#11858,#11859);
#9810=AXIS2_PLACEMENT_3D('',#16072,#11862,#11863);
#9811=AXIS2_PLACEMENT_3D('',#16076,#11866,#11867);
#9812=AXIS2_PLACEMENT_3D('',#16080,#11870,#11871);
#9813=AXIS2_PLACEMENT_3D('',#16084,#11874,#11875);
#9814=AXIS2_PLACEMENT_3D('',#16088,#11878,#11879);
#9815=AXIS2_PLACEMENT_3D('',#16092,#11882,#11883);
#9816=AXIS2_PLACEMENT_3D('',#16094,#11885,#11886);
#9817=AXIS2_PLACEMENT_3D('',#16095,#11887,#11888);
#9818=AXIS2_PLACEMENT_3D('',#16104,#11893,#11894);
#9819=AXIS2_PLACEMENT_3D('',#16110,#11898,#11899);
#9820=AXIS2_PLACEMENT_3D('',#16116,#11903,#11904);
#9821=AXIS2_PLACEMENT_3D('',#16122,#11908,#11909);
#9822=AXIS2_PLACEMENT_3D('',#16128,#11913,#11914);
#9823=AXIS2_PLACEMENT_3D('',#16134,#11918,#11919);
#9824=AXIS2_PLACEMENT_3D('',#16140,#11923,#11924);
#9825=AXIS2_PLACEMENT_3D('',#16146,#11928,#11929);
#9826=AXIS2_PLACEMENT_3D('',#16152,#11933,#11934);
#9827=AXIS2_PLACEMENT_3D('',#16158,#11938,#11939);
#9828=AXIS2_PLACEMENT_3D('',#16164,#11943,#11944);
#9829=AXIS2_PLACEMENT_3D('',#16167,#11947,#11948);
#9830=AXIS2_PLACEMENT_3D('',#16168,#11949,#11950);
#9831=AXIS2_PLACEMENT_3D('',#16177,#11955,#11956);
#9832=AXIS2_PLACEMENT_3D('',#16183,#11960,#11961);
#9833=AXIS2_PLACEMENT_3D('',#16189,#11965,#11966);
#9834=AXIS2_PLACEMENT_3D('',#16192,#11969,#11970);
#9835=AXIS2_PLACEMENT_3D('',#16193,#11971,#11972);
#9836=AXIS2_PLACEMENT_3D('',#16194,#11973,#11974);
#9837=AXIS2_PLACEMENT_3D('',#16195,#11975,#11976);
#9838=AXIS2_PLACEMENT_3D('',#16197,#11977,#11978);
#9839=AXIS2_PLACEMENT_3D('',#16199,#11979,#11980);
#9840=AXIS2_PLACEMENT_3D('',#16200,#11981,#11982);
#9841=AXIS2_PLACEMENT_3D('',#16202,#11983,#11984);
#9842=AXIS2_PLACEMENT_3D('',#16203,#11985,#11986);
#9843=AXIS2_PLACEMENT_3D('',#16205,#11987,#11988);
#9844=AXIS2_PLACEMENT_3D('',#16206,#11989,#11990);
#9845=AXIS2_PLACEMENT_3D('',#16207,#11991,#11992);
#9846=AXIS2_PLACEMENT_3D('',#16210,#11994,#11995);
#9847=AXIS2_PLACEMENT_3D('',#16211,#11996,#11997);
#9848=AXIS2_PLACEMENT_3D('',#16213,#11998,#11999);
#9849=AXIS2_PLACEMENT_3D('',#16214,#12000,#12001);
#9850=AXIS2_PLACEMENT_3D('',#16216,#12002,#12003);
#9851=AXIS2_PLACEMENT_3D('',#16217,#12004,#12005);
#9852=AXIS2_PLACEMENT_3D('',#16219,#12006,#12007);
#9853=AXIS2_PLACEMENT_3D('',#16220,#12008,#12009);
#9854=AXIS2_PLACEMENT_3D('',#16221,#12010,#12011);
#9855=AXIS2_PLACEMENT_3D('',#16222,#12012,#12013);
#9856=AXIS2_PLACEMENT_3D('',#16227,#12014,#12015);
#9857=AXIS2_PLACEMENT_3D('',#16232,#12016,#12017);
#9858=AXIS2_PLACEMENT_3D('',#16233,#12018,#12019);
#9859=AXIS2_PLACEMENT_3D('',#16239,#12021,#12022);
#9860=AXIS2_PLACEMENT_3D('',#16244,#12023,#12024);
#9861=AXIS2_PLACEMENT_3D('',#16245,#12025,#12026);
#9862=AXIS2_PLACEMENT_3D('',#16246,#12027,#12028);
#9863=AXIS2_PLACEMENT_3D('',#16247,#12029,#12030);
#9864=AXIS2_PLACEMENT_3D('',#16248,#12031,#12032);
#9865=AXIS2_PLACEMENT_3D('',#16249,#12033,#12034);
#9866=AXIS2_PLACEMENT_3D('',#16250,#12035,#12036);
#9867=AXIS2_PLACEMENT_3D('',#16255,#12038,#12039);
#9868=AXIS2_PLACEMENT_3D('',#16259,#12041,#12042);
#9869=AXIS2_PLACEMENT_3D('',#16270,#12048,#12049);
#9870=AXIS2_PLACEMENT_3D('',#16281,#12056,#12057);
#9871=AXIS2_PLACEMENT_3D('',#16287,#12061,#12062);
#9872=AXIS2_PLACEMENT_3D('',#16291,#12065,#12066);
#9873=AXIS2_PLACEMENT_3D('',#16295,#12069,#12070);
#9874=AXIS2_PLACEMENT_3D('',#16297,#12072,#12073);
#9875=AXIS2_PLACEMENT_3D('',#16298,#12074,#12075);
#9876=AXIS2_PLACEMENT_3D('',#16301,#12077,#12078);
#9877=AXIS2_PLACEMENT_3D('',#16302,#12079,#12080);
#9878=AXIS2_PLACEMENT_3D('',#16305,#12082,#12083);
#9879=AXIS2_PLACEMENT_3D('',#16306,#12084,#12085);
#9880=AXIS2_PLACEMENT_3D('',#16309,#12087,#12088);
#9881=AXIS2_PLACEMENT_3D('',#16312,#12090,#12091);
#9882=AXIS2_PLACEMENT_3D('',#16315,#12093,#12094);
#9883=AXIS2_PLACEMENT_3D('',#16316,#12095,#12096);
#9884=AXIS2_PLACEMENT_3D('',#16317,#12097,#12098);
#9885=AXIS2_PLACEMENT_3D('',#16318,#12099,#12100);
#9886=AXIS2_PLACEMENT_3D('',#16319,#12101,#12102);
#9887=AXIS2_PLACEMENT_3D('',#16328,#12107,#12108);
#9888=AXIS2_PLACEMENT_3D('',#16331,#12110,#12111);
#9889=AXIS2_PLACEMENT_3D('',#16334,#12113,#12114);
#9890=AXIS2_PLACEMENT_3D('',#16339,#12117,#12118);
#9891=AXIS2_PLACEMENT_3D('',#16340,#12119,#12120);
#9892=AXIS2_PLACEMENT_3D('',#16341,#12121,#12122);
#9893=AXIS2_PLACEMENT_3D('',#16342,#12123,#12124);
#9894=AXIS2_PLACEMENT_3D('',#16343,#12125,#12126);
#9895=AXIS2_PLACEMENT_3D('',#16344,#12127,#12128);
#9896=AXIS2_PLACEMENT_3D('',#16345,#12129,#12130);
#9897=DIRECTION('',(0.,0.,1.));
#9898=DIRECTION('',(1.,0.,0.));
#9899=DIRECTION('',(0.,0.,-1.));
#9900=DIRECTION('',(0.999999864543922,0.000520492207841484,0.));
#9901=DIRECTION('',(0.,0.,-1.));
#9902=DIRECTION('',(0.,0.,-1.));
#9903=DIRECTION('',(-1.,0.,0.));
#9904=DIRECTION('',(0.,0.,-1.));
#9905=DIRECTION('',(-0.767499269690108,0.641049819456453,0.));
#9906=DIRECTION('',(-0.641049819456453,-0.767499269690108,0.));
#9907=DIRECTION('',(0.641049819456453,0.767499269690108,0.));
#9908=DIRECTION('',(0.,0.,1.));
#9909=DIRECTION('',(-2.15600485851642E-11,-2.97239097726671E-11,-1.));
#9910=DIRECTION('',(-0.809322822469567,0.587364085580566,-9.71770566412721E-15));
#9911=DIRECTION('',(-2.15600485851642E-11,-2.97239097726671E-11,-1.));
#9912=DIRECTION('',(0.,1.,-2.97239097726671E-11));
#9913=DIRECTION('',(0.244120322488403,-0.969744950050351,0.));
#9914=DIRECTION('',(0.969744950050351,0.244120322488403,0.));
#9915=DIRECTION('',(-0.969744950050351,-0.244120322488403,0.));
#9916=DIRECTION('',(0.,0.,1.));
#9917=DIRECTION('',(0.372504290559287,0.928030470143585,0.));
#9918=DIRECTION('',(-0.928030470143585,0.372504290559287,0.));
#9919=DIRECTION('',(0.928030470143585,-0.372504290559287,0.));
#9920=DIRECTION('',(0.,0.,1.));
#9921=DIRECTION('',(0.,0.,-1.));
#9922=DIRECTION('',(0.,0.,-1.));
#9923=DIRECTION('',(0.309511970022517,-0.950895546531153,0.));
#9924=DIRECTION('',(0.,0.,-1.));
#9925=DIRECTION('',(0.,0.,-1.));
#9926=DIRECTION('',(-1.,0.,0.));
#9927=DIRECTION('',(0.,0.,-1.));
#9928=DIRECTION('',(-0.808710947144927,-0.588206259715039,0.));
#9929=DIRECTION('',(0.,0.,-1.));
#9930=DIRECTION('',(0.,0.,-1.));
#9931=DIRECTION('',(-1.,0.,0.));
#9932=DIRECTION('',(0.,0.,-1.));
#9933=DIRECTION('',(0.997719582210914,-0.0674954463121733,0.));
#9934=DIRECTION('',(0.0674954463121733,0.997719582210914,0.));
#9935=DIRECTION('',(-0.0674954463121733,-0.997719582210914,0.));
#9936=DIRECTION('',(0.,0.,1.));
#9937=DIRECTION('',(0.,0.,-1.));
#9938=DIRECTION('',(0.308521935010805,0.951217228406419,0.));
#9939=DIRECTION('',(0.,0.,-1.));
#9940=DIRECTION('',(0.,0.,-1.));
#9941=DIRECTION('',(-1.,0.,0.));
#9942=DIRECTION('',(0.,0.,-1.));
#9943=DIRECTION('',(-0.846844925568496,-0.531839893237513,0.));
#9944=DIRECTION('',(0.531839893237513,-0.846844925568496,0.));
#9945=DIRECTION('',(-0.531839893237513,0.846844925568496,0.));
#9946=DIRECTION('',(0.,0.,1.));
#9947=DIRECTION('',(0.,0.,-1.));
#9948=DIRECTION('',(-1.,0.,0.));
#9949=DIRECTION('',(0.,0.,1.));
#9950=DIRECTION('',(1.,0.,0.));
#9951=DIRECTION('',(0.,0.,1.));
#9952=DIRECTION('',(0.,0.,1.));
#9953=DIRECTION('',(1.,0.,0.));
#9954=DIRECTION('',(0.,0.,-1.));
#9955=DIRECTION('',(-1.,0.,0.));
#9956=DIRECTION('',(0.,0.,1.));
#9957=DIRECTION('',(1.,0.,0.));
#9958=DIRECTION('',(0.,0.,1.));
#9959=DIRECTION('',(0.,0.,1.));
#9960=DIRECTION('',(1.,0.,0.));
#9961=DIRECTION('',(0.,0.,-1.));
#9962=DIRECTION('',(-1.,0.,0.));
#9963=DIRECTION('',(0.,0.,1.));
#9964=DIRECTION('',(1.,0.,0.));
#9965=DIRECTION('',(0.,0.,1.));
#9966=DIRECTION('',(0.,0.,1.));
#9967=DIRECTION('',(1.,0.,0.));
#9968=DIRECTION('',(0.,0.,-1.));
#9969=DIRECTION('',(-1.,0.,0.));
#9970=DIRECTION('',(0.,0.,1.));
#9971=DIRECTION('',(1.,0.,0.));
#9972=DIRECTION('',(0.,0.,1.));
#9973=DIRECTION('',(0.,0.,1.));
#9974=DIRECTION('',(1.,0.,0.));
#9975=DIRECTION('',(0.,0.,-1.));
#9976=DIRECTION('',(-1.,0.,0.));
#9977=DIRECTION('',(0.,0.,1.));
#9978=DIRECTION('',(1.,0.,0.));
#9979=DIRECTION('',(0.,0.,1.));
#9980=DIRECTION('',(0.,0.,1.));
#9981=DIRECTION('',(1.,0.,0.));
#9982=DIRECTION('',(0.,0.,-1.));
#9983=DIRECTION('',(0.999999864543922,0.000520492207841484,0.));
#9984=DIRECTION('',(0.,0.,-1.));
#9985=DIRECTION('',(-0.937714890534923,0.,-0.347405791645846));
#9986=DIRECTION('',(0.937714890534924,0.,0.347405791645846));
#9987=DIRECTION('',(0.,0.,1.));
#9988=DIRECTION('',(1.,0.,0.));
#9989=DIRECTION('',(0.,0.,1.));
#9990=DIRECTION('',(1.,0.,0.));
#9991=DIRECTION('',(-0.309016994374948,0.951056516295154,0.));
#9992=DIRECTION('',(0.809016994374948,0.587785252292473,0.));
#9993=DIRECTION('',(0.809016994374947,-0.587785252292473,0.));
#9994=DIRECTION('',(-0.309016994374948,-0.951056516295154,0.));
#9995=DIRECTION('',(-1.,0.,0.));
#9996=DIRECTION('',(0.,-1.,0.));
#9997=DIRECTION('',(1.,0.,0.));
#9998=DIRECTION('',(-0.988417236733244,-0.151760884712163,0.));
#9999=DIRECTION('',(0.151760884712163,-0.988417236733244,0.));
#10000=DIRECTION('',(0.,0.,-1.));
#10001=DIRECTION('',(0.308521935010805,0.951217228406419,0.));
#10002=DIRECTION('',(0.,0.,-1.));
#10003=DIRECTION('',(0.951056516295154,-0.309016994374948,0.));
#10004=DIRECTION('',(0.309016994374948,0.951056516295154,0.));
#10005=DIRECTION('',(-0.289769837053735,-0.891819857070236,-0.347405791645846));
#10006=DIRECTION('',(0.289769837053735,0.891819857070236,0.347405791645846));
#10007=DIRECTION('',(-0.161104545359478,-0.986937346271037,0.));
#10008=DIRECTION('',(0.986937346271037,-0.161104545359478,0.));
#10009=DIRECTION('',(-0.587785252292473,0.809016994374948,0.));
#10010=DIRECTION('',(-0.809016994374948,-0.587785252292473,0.));
#10011=DIRECTION('',(0.758627282321197,0.551174983511479,-0.347405791645846));
#10012=DIRECTION('',(-0.758627282321197,-0.551174983511479,0.347405791645846));
#10013=DIRECTION('',(0.,0.,-1.));
#10014=DIRECTION('',(-0.808710947144927,-0.588206259715039,0.));
#10015=DIRECTION('',(0.,0.,-1.));
#10016=DIRECTION('',(0.710443532141652,0.703754209676996,0.));
#10017=DIRECTION('',(-0.703754209676996,0.710443532141652,0.));
#10018=DIRECTION('',(0.,0.,-1.));
#10019=DIRECTION('',(0.309511970022517,-0.950895546531153,0.));
#10020=DIRECTION('',(0.,0.,-1.));
#10021=DIRECTION('',(-0.951056516295154,-0.309016994374948,0.));
#10022=DIRECTION('',(0.309016994374948,-0.951056516295154,0.));
#10023=DIRECTION('',(-0.289769837053734,0.891819857070236,-0.347405791645846));
#10024=DIRECTION('',(0.289769837053734,-0.891819857070236,0.347405791645846));
#10025=DIRECTION('',(-0.449770902007918,0.893143961356166,0.));
#10026=DIRECTION('',(-0.893143961356166,-0.449770902007918,0.));
#10027=DIRECTION('',(-2.15600485851642E-11,-2.97239097726671E-11,-1.));
#10028=DIRECTION('',(-0.809322822469567,0.587364085580566,-9.71770566412721E-15));
#10029=DIRECTION('',(-2.15600485851642E-11,-2.97239097726671E-11,-1.));
#10030=DIRECTION('',(0.587785252292473,0.809016994374947,0.));
#10031=DIRECTION('',(-0.809016994374947,0.587785252292473,0.));
#10032=DIRECTION('',(0.758627282321197,-0.551174983511479,-0.347405791645846));
#10033=DIRECTION('',(-0.758627282321197,0.551174983511479,0.347405791645846));
#10034=DIRECTION('',(0.888849151958988,-0.458199940049962,0.));
#10035=DIRECTION('',(0.458199940049962,0.888849151958988,0.));
#10036=DIRECTION('',(0.,0.,1.));
#10037=DIRECTION('',(1.,0.,0.));
#10038=DIRECTION('',(0.,0.,1.));
#10039=DIRECTION('',(1.,0.,0.));
#10040=DIRECTION('',(0.,0.,1.));
#10041=DIRECTION('',(1.,0.,0.));
#10042=DIRECTION('',(0.,0.,1.));
#10043=DIRECTION('',(1.,0.,0.));
#10044=DIRECTION('',(0.,0.,1.));
#10045=DIRECTION('',(1.,0.,0.));
#10046=DIRECTION('',(0.,0.,-1.));
#10047=DIRECTION('',(1.,0.,0.));
#10048=DIRECTION('',(1.,-3.46944695195362E-16,0.));
#10049=DIRECTION('',(3.46944695195362E-16,1.,0.));
#10050=DIRECTION('',(-3.46944695195362E-16,-1.,0.));
#10051=DIRECTION('',(0.,0.,-1.));
#10052=DIRECTION('',(-3.46944695195362E-16,-1.,0.));
#10053=DIRECTION('',(0.,0.,-1.));
#10054=DIRECTION('',(0.,-1.,0.));
#10055=DIRECTION('',(0.,0.,-1.));
#10056=DIRECTION('',(-1.,0.,0.));
#10057=DIRECTION('',(0.,0.,-1.));
#10058=DIRECTION('',(-1.,0.,0.));
#10059=DIRECTION('',(1.,-3.46944695195362E-16,0.));
#10060=DIRECTION('',(3.46944695195362E-16,1.,0.));
#10061=DIRECTION('',(-3.46944695195362E-16,-1.,0.));
#10062=DIRECTION('',(0.,0.,-1.));
#10063=DIRECTION('',(-3.46944695195362E-16,-1.,0.));
#10064=DIRECTION('',(0.,0.,-1.));
#10065=DIRECTION('',(-1.,0.,0.));
#10066=DIRECTION('',(0.,0.,1.));
#10067=DIRECTION('',(1.,0.,0.));
#10068=DIRECTION('',(0.,0.,1.));
#10069=DIRECTION('',(1.,0.,0.));
#10070=DIRECTION('',(0.,0.,-1.));
#10071=DIRECTION('',(-1.,0.,0.));
#10072=DIRECTION('',(0.,0.,-1.));
#10073=DIRECTION('',(1.,0.,0.));
#10074=DIRECTION('',(0.,0.,-1.));
#10075=DIRECTION('',(1.,0.,0.));
#10076=DIRECTION('',(0.,0.,-1.));
#10077=DIRECTION('',(-1.,0.,0.));
#10078=DIRECTION('',(0.,0.,1.));
#10079=DIRECTION('',(1.,0.,0.));
#10080=DIRECTION('',(0.,0.,1.));
#10081=DIRECTION('',(1.,0.,0.));
#10082=DIRECTION('',(0.,-1.,0.));
#10083=DIRECTION('',(0.,0.,-1.));
#10084=DIRECTION('',(-1.,0.,0.));
#10085=DIRECTION('',(-1.,0.,0.));
#10086=DIRECTION('',(0.,0.,-1.));
#10087=DIRECTION('',(-1.,0.,0.));
#10088=DIRECTION('',(0.,0.,-1.));
#10089=DIRECTION('',(1.,0.,0.));
#10090=DIRECTION('',(0.,0.,-1.));
#10091=DIRECTION('',(1.,0.,0.));
#10092=DIRECTION('',(0.,0.,1.));
#10093=DIRECTION('',(1.,0.,0.));
#10094=DIRECTION('',(0.,0.,1.));
#10095=DIRECTION('',(1.,0.,0.));
#10096=DIRECTION('',(0.,0.,1.));
#10097=DIRECTION('',(1.,0.,0.));
#10098=DIRECTION('',(0.,0.,1.));
#10099=DIRECTION('',(0.,1.,0.));
#10100=DIRECTION('',(0.,0.,1.));
#10101=DIRECTION('',(0.,1.,0.));
#10102=DIRECTION('',(0.,0.,-1.));
#10103=DIRECTION('',(-1.,0.,0.));
#10104=DIRECTION('',(0.,0.,-1.));
#10105=DIRECTION('',(-1.,0.,0.));
#10106=DIRECTION('',(0.,0.,1.));
#10107=DIRECTION('',(1.,0.,0.));
#10108=DIRECTION('',(0.,0.,1.));
#10109=DIRECTION('',(0.,1.,0.));
#10110=DIRECTION('',(0.,1.,0.));
#10111=DIRECTION('',(0.,0.,1.));
#10112=DIRECTION('',(0.,1.,0.));
#10113=DIRECTION('',(-0.707106781186548,0.707106781186548,0.));
#10114=DIRECTION('',(0.,0.,1.));
#10115=DIRECTION('',(0.,1.,0.));
#10116=DIRECTION('',(0.707106781186547,0.707106781186548,0.));
#10117=DIRECTION('',(-1.56105599637958E-16,0.,-1.));
#10118=DIRECTION('',(-1.,0.,1.56105599637958E-16));
#10119=DIRECTION('',(0.,0.,-1.));
#10120=DIRECTION('',(-1.,0.,0.));
#10121=DIRECTION('',(0.,0.,-1.));
#10122=DIRECTION('',(-1.,0.,0.));
#10123=DIRECTION('',(0.,0.,-1.));
#10124=DIRECTION('',(-1.,0.,0.));
#10125=DIRECTION('',(0.,0.,-1.));
#10126=DIRECTION('',(-1.,0.,0.));
#10127=DIRECTION('',(0.,0.,-1.));
#10128=DIRECTION('',(-1.,0.,0.));
#10129=DIRECTION('',(0.,0.,-1.));
#10130=DIRECTION('',(-1.,0.,0.));
#10131=DIRECTION('',(0.,0.,-1.));
#10132=DIRECTION('',(-1.,0.,0.));
#10133=DIRECTION('',(0.,0.,-1.));
#10134=DIRECTION('',(-1.,0.,0.));
#10135=DIRECTION('',(0.,0.,-1.));
#10136=DIRECTION('',(-1.,0.,0.));
#10137=DIRECTION('',(0.,0.,-1.));
#10138=DIRECTION('',(-1.,0.,0.));
#10139=DIRECTION('',(0.,0.,1.));
#10140=DIRECTION('',(0.,1.,0.));
#10141=DIRECTION('',(0.,0.,1.));
#10142=DIRECTION('',(0.,1.,0.));
#10143=DIRECTION('',(0.,0.,-1.));
#10144=DIRECTION('',(-1.,0.,0.));
#10145=DIRECTION('',(0.,0.,1.));
#10146=DIRECTION('',(0.,1.,0.));
#10147=DIRECTION('',(0.,0.,1.));
#10148=DIRECTION('',(0.,1.,0.));
#10149=DIRECTION('',(0.,0.,-1.));
#10150=DIRECTION('',(-1.,0.,0.));
#10151=DIRECTION('',(0.,0.,1.));
#10152=DIRECTION('',(0.,1.,0.));
#10153=DIRECTION('',(0.,0.,1.));
#10154=DIRECTION('',(0.,1.,0.));
#10155=DIRECTION('',(0.,0.,-1.));
#10156=DIRECTION('',(-1.,0.,0.));
#10157=DIRECTION('',(0.,0.,1.));
#10158=DIRECTION('',(0.,1.,0.));
#10159=DIRECTION('',(0.,0.,1.));
#10160=DIRECTION('',(0.,1.,0.));
#10161=DIRECTION('',(0.,0.,-1.));
#10162=DIRECTION('',(-1.,0.,0.));
#10163=DIRECTION('',(0.,0.,1.));
#10164=DIRECTION('',(0.,1.,0.));
#10165=DIRECTION('',(0.,0.,1.));
#10166=DIRECTION('',(0.,1.,0.));
#10167=DIRECTION('',(0.,0.,-1.));
#10168=DIRECTION('',(-1.,0.,0.));
#10169=DIRECTION('',(0.,0.,1.));
#10170=DIRECTION('',(0.,1.,0.));
#10171=DIRECTION('',(0.,0.,1.));
#10172=DIRECTION('',(0.,1.,0.));
#10173=DIRECTION('',(0.,0.,-1.));
#10174=DIRECTION('',(-1.,0.,0.));
#10175=DIRECTION('',(0.,0.,1.));
#10176=DIRECTION('',(0.,1.,0.));
#10177=DIRECTION('',(0.,0.,1.));
#10178=DIRECTION('',(0.,1.,0.));
#10179=DIRECTION('',(0.,0.,-1.));
#10180=DIRECTION('',(-1.,0.,0.));
#10181=DIRECTION('',(0.,0.,1.));
#10182=DIRECTION('',(0.,1.,0.));
#10183=DIRECTION('',(0.,0.,1.));
#10184=DIRECTION('',(0.,1.,0.));
#10185=DIRECTION('',(0.,0.,-1.));
#10186=DIRECTION('',(-1.,0.,0.));
#10187=DIRECTION('',(0.,0.,1.));
#10188=DIRECTION('',(0.,1.,0.));
#10189=DIRECTION('',(0.,0.,1.));
#10190=DIRECTION('',(0.,1.,0.));
#10191=DIRECTION('',(0.,0.,-1.));
#10192=DIRECTION('',(-1.,0.,0.));
#10193=DIRECTION('',(0.,0.,1.));
#10194=DIRECTION('',(0.,1.,0.));
#10195=DIRECTION('',(0.,0.,1.));
#10196=DIRECTION('',(0.,1.,0.));
#10197=DIRECTION('',(0.,0.,-1.));
#10198=DIRECTION('',(-1.,0.,0.));
#10199=DIRECTION('',(0.,0.,1.));
#10200=DIRECTION('',(0.,1.,0.));
#10201=DIRECTION('',(0.,0.,1.));
#10202=DIRECTION('',(0.,1.,0.));
#10203=DIRECTION('',(0.,0.,-1.));
#10204=DIRECTION('',(-1.,0.,0.));
#10205=DIRECTION('',(0.,0.,-1.));
#10206=DIRECTION('',(-1.,0.,0.));
#10207=DIRECTION('',(0.,0.,1.));
#10208=DIRECTION('',(1.,0.,0.));
#10209=DIRECTION('',(-1.22620875544275E-16,0.,-1.));
#10210=DIRECTION('',(-1.,0.,0.));
#10211=DIRECTION('',(0.,0.,-1.));
#10212=DIRECTION('',(0.,-1.,0.));
#10213=DIRECTION('',(-8.07623138368741E-16,-1.,0.));
#10214=DIRECTION('',(0.,0.,-1.));
#10215=DIRECTION('',(-1.,0.,0.));
#10216=DIRECTION('',(0.623110746469837,-0.782133618785053,0.));
#10217=DIRECTION('',(0.,0.,-1.));
#10218=DIRECTION('',(-1.,0.,0.));
#10219=DIRECTION('',(0.,0.,-1.));
#10220=DIRECTION('',(0.,-1.,0.));
#10221=DIRECTION('',(-0.623110746469836,-0.782133618785054,0.));
#10222=DIRECTION('',(0.,0.,-1.));
#10223=DIRECTION('',(-1.,0.,0.));
#10224=DIRECTION('',(-8.07623138368741E-16,-1.,0.));
#10225=DIRECTION('',(0.,0.,-1.));
#10226=DIRECTION('',(-1.,0.,0.));
#10227=DIRECTION('',(0.999847695156391,9.22027695747369E-18,-0.0174524064372835));
#10228=DIRECTION('',(-0.0174524064372835,1.0686516840419E-18,-0.999847695156391));
#10229=DIRECTION('',(9.22168146422691E-18,-1.,0.));
#10230=DIRECTION('',(0.0174524064372835,0.,0.999847695156391));
#10231=DIRECTION('',(1.62751125881391E-17,-1.,0.));
#10232=DIRECTION('',(-0.0174524064372835,1.06865168404189E-18,-0.999847695156391));
#10233=DIRECTION('',(0.,0.,-1.));
#10234=DIRECTION('',(-6.12323399573677E-17,-1.,0.));
#10235=DIRECTION('',(0.,0.,-1.));
#10236=DIRECTION('',(-1.,0.,0.));
#10237=DIRECTION('',(0.,1.,0.));
#10238=DIRECTION('',(0.,0.,-1.));
#10239=DIRECTION('',(0.587331171937325,0.809346708444983,0.));
#10240=DIRECTION('',(0.,1.,0.));
#10241=DIRECTION('',(0.,0.,-1.));
#10242=DIRECTION('',(-6.12323399573677E-17,-1.,0.));
#10243=DIRECTION('',(0.,1.,0.));
#10244=DIRECTION('',(0.,0.,-1.));
#10245=DIRECTION('',(0.586825205631855,-0.809713639526426,0.));
#10246=DIRECTION('',(0.,1.,0.));
#10247=DIRECTION('',(0.,0.,-1.));
#10248=DIRECTION('',(-1.,0.,0.));
#10249=DIRECTION('',(0.,0.,-1.));
#10250=DIRECTION('',(-6.12323399573677E-17,-1.,0.));
#10251=DIRECTION('',(0.,0.,-1.));
#10252=DIRECTION('',(-1.,0.,0.));
#10253=DIRECTION('',(-1.,-7.71442779750187E-17,0.));
#10254=DIRECTION('',(0.,0.,-1.));
#10255=DIRECTION('',(-6.12323399573677E-17,-1.,0.));
#10256=DIRECTION('',(1.,-7.19950279736243E-17,0.));
#10257=DIRECTION('',(0.,0.,1.));
#10258=DIRECTION('',(6.12323399573677E-17,1.,0.));
#10259=DIRECTION('',(0.,0.,1.));
#10260=DIRECTION('',(1.,0.,0.));
#10261=DIRECTION('',(0.,0.,-1.));
#10262=DIRECTION('',(-6.12323399573677E-17,-1.,0.));
#10263=DIRECTION('',(3.38044022153504E-12,-0.999847695156392,0.0174524064372356));
#10264=DIRECTION('',(0.999898216202809,-0.000248999562169771,-0.0142651755564963));
#10265=DIRECTION('',(0.,0.,-1.));
#10266=DIRECTION('',(6.12323399573677E-17,1.,0.));
#10267=DIRECTION('',(1.55080502682536E-12,0.999847695156392,0.0174524064372614));
#10268=DIRECTION('',(0.999901851147119,0.000244513178339242,-0.0140081506941383));
#10269=DIRECTION('',(0.0260357691126047,-0.017373617997992,0.99951002802592));
#10270=DIRECTION('',(0.999660909537592,0.,-0.0260396993545144));
#10271=DIRECTION('',(0.,0.,1.));
#10272=DIRECTION('',(0.831807819124693,-0.555063736919484,0.));
#10273=DIRECTION('',(0.,0.,-1.));
#10274=DIRECTION('',(0.831807819124693,-0.555063736919484,0.));
#10275=DIRECTION('',(-0.0259551815396356,-0.0175213657687148,-0.999509544873306));
#10276=DIRECTION('',(-0.999663004052751,0.,0.0259591665549682));
#10277=DIRECTION('',(0.,0.,1.));
#10278=DIRECTION('',(-0.828824710767706,-0.559508354558561,0.));
#10279=DIRECTION('',(0.,0.,-1.));
#10280=DIRECTION('',(-6.12323399573677E-17,-1.,0.));
#10281=DIRECTION('',(0.,0.,-1.));
#10282=DIRECTION('',(1.,-6.12323399573677E-17,0.));
#10283=DIRECTION('',(0.,1.,0.));
#10284=DIRECTION('',(0.,0.,-1.));
#10285=DIRECTION('',(-1.,6.12323399573677E-17,0.));
#10286=DIRECTION('',(1.,-6.12323399573677E-17,0.));
#10287=DIRECTION('',(0.,0.,-1.));
#10288=DIRECTION('',(-6.12323399573677E-17,-1.,0.));
#10289=DIRECTION('',(-6.12323399573677E-17,-1.,0.));
#10290=DIRECTION('',(0.,0.,-1.));
#10291=DIRECTION('',(-6.12323399573677E-17,-1.,0.));
#10292=DIRECTION('',(-1.,6.12323399573677E-17,0.));
#10293=DIRECTION('',(0.782014496046563,0.623015843685045,0.0174524064372835));
#10294=DIRECTION('',(-0.623110746469837,0.782133618785053,0.));
#10295=DIRECTION('',(-0.0136501138033001,-0.0108747820028307,0.999847695156391));
#10296=DIRECTION('',(0.623110746469837,-0.782133618785053,0.));
#10297=DIRECTION('',(-0.782014495857213,-0.623015843922598,-0.0174524064415971));
#10298=DIRECTION('',(0.623242020609089,-0.781899107637422,-0.0142537441713673));
#10299=DIRECTION('',(0.0189438926878375,0.00422897718794291,-0.999811604594473));
#10300=DIRECTION('',(0.623110746469837,-0.782133618785053,0.));
#10301=DIRECTION('',(0.,0.,1.));
#10302=DIRECTION('',(6.12323399573677E-17,1.,0.));
#10303=DIRECTION('',(0.,0.,-1.));
#10304=DIRECTION('',(-1.,0.,0.));
#10305=DIRECTION('',(0.,0.,-1.));
#10306=DIRECTION('',(-6.12323399573677E-17,-1.,0.));
#10307=DIRECTION('',(0.,0.,-1.));
#10308=DIRECTION('',(-6.12323399573677E-17,-1.,0.));
#10309=DIRECTION('',(0.,0.,-1.));
#10310=DIRECTION('',(0.586825205631855,-0.809713639526426,0.));
#10311=DIRECTION('',(0.,1.,0.));
#10312=DIRECTION('',(0.,0.,-1.));
#10313=DIRECTION('',(0.833394140556376,0.552679117107114,0.));
#10314=DIRECTION('',(0.921199075609882,-0.389091587027397,0.));
#10315=DIRECTION('',(0.,0.,-1.));
#10316=DIRECTION('',(-6.12323399573677E-17,-1.,0.));
#10317=DIRECTION('',(0.,0.,-1.));
#10318=DIRECTION('',(-0.939366434521637,0.342915006516349,0.));
#10319=DIRECTION('',(0.,1.,0.));
#10320=DIRECTION('',(0.,0.,-1.));
#10321=DIRECTION('',(1.,-6.12323399573677E-17,0.));
#10322=DIRECTION('',(-1.,6.12323399573677E-17,0.));
#10323=DIRECTION('',(0.,0.,-1.));
#10324=DIRECTION('',(-6.12323399573677E-17,-1.,0.));
#10325=DIRECTION('',(-6.12323399573677E-17,-1.,0.));
#10326=DIRECTION('',(0.,0.,-1.));
#10327=DIRECTION('',(-6.12323399573677E-17,-1.,0.));
#10328=DIRECTION('',(1.,-6.12323399573677E-17,0.));
#10329=DIRECTION('',(0.,0.,-1.));
#10330=DIRECTION('',(-1.,6.12323399573677E-17,0.));
#10331=DIRECTION('',(0.,1.,0.));
#10332=DIRECTION('',(0.,0.,-1.));
#10333=DIRECTION('',(-0.93927092062883,-0.343176540079694,0.));
#10334=DIRECTION('',(0.,0.,-1.));
#10335=DIRECTION('',(-6.12323399573677E-17,-1.,0.));
#10336=DIRECTION('',(-0.921199075609886,-0.389091587027389,0.));
#10337=DIRECTION('',(0.,0.,-1.));
#10338=DIRECTION('',(-0.833394140556374,0.552679117107118,0.));
#10339=DIRECTION('',(0.,1.,0.));
#10340=DIRECTION('',(0.,0.,-1.));
#10341=DIRECTION('',(0.587331171937325,0.809346708444983,0.));
#10342=DIRECTION('',(0.,0.,-1.));
#10343=DIRECTION('',(-6.12323399573677E-17,-1.,0.));
#10344=DIRECTION('',(0.707106781186548,-0.707106781186548,0.));
#10345=DIRECTION('',(0.,0.,-1.));
#10346=DIRECTION('',(-0.66549002820224,-0.746406740566685,0.));
#10347=DIRECTION('',(-6.12323399573677E-17,-1.,0.));
#10348=DIRECTION('',(0.,0.,-1.));
#10349=DIRECTION('',(-0.66549002820224,0.746406740566685,0.));
#10350=DIRECTION('',(0.707106781186548,0.707106781186548,0.));
#10351=DIRECTION('',(0.,0.,-1.));
#10352=DIRECTION('',(-6.12323399573677E-17,-1.,0.));
#10353=DIRECTION('',(-0.999847695156391,6.12230139754067E-17,0.0174524064372835));
#10354=DIRECTION('',(0.0174524064372835,-1.06865168404189E-18,0.999847695156391));
#10355=DIRECTION('',(0.0174497491606826,-0.0174497491606826,0.999695459881888));
#10356=DIRECTION('',(-6.12323399573677E-17,-1.,0.));
#10357=DIRECTION('',(0.0174497491606827,-0.0174497491606827,0.999695459881888));
#10358=DIRECTION('',(0.0119084245480787,-0.731037666680817,0.682233185442228));
#10359=DIRECTION('',(0.707106781186548,0.707106781186548,0.));
#10360=DIRECTION('',(-0.707106781186548,0.707106781186548,0.));
#10361=DIRECTION('',(-0.707106781186548,0.707106781186548,0.));
#10362=DIRECTION('',(0.590185119150006,-0.590185119150006,0.550784032328268));
#10363=DIRECTION('',(0.999847695156391,-9.63053653023439E-17,0.0174524064372835));
#10364=DIRECTION('',(0.0174524064372835,-1.06865168404189E-18,-0.999847695156391));
#10365=DIRECTION('',(-0.999847695156392,-1.03729286445031E-12,-0.0174524064372537));
#10366=DIRECTION('',(-0.000494838882205811,-0.999597955324049,0.028349300634439));
#10367=DIRECTION('',(-9.63200353102582E-17,-1.,0.));
#10368=DIRECTION('',(-0.0174497491606827,-0.0174497491606826,0.999695459881888));
#10369=DIRECTION('',(-9.63200353102582E-17,-1.,0.));
#10370=DIRECTION('',(-0.999847695156383,2.05489101754407E-11,-0.0174524064377578));
#10371=DIRECTION('',(-0.000401011595215013,-0.999735983835272,0.0229739377256185));
#10372=DIRECTION('',(9.63200353102582E-17,1.,0.));
#10373=DIRECTION('',(1.99578556478639E-16,0.999847695156391,0.0174524064372835));
#10374=DIRECTION('',(1.06865168404189E-18,0.0174524064372835,-0.999847695156391));
#10375=DIRECTION('',(1.,-1.99608957889754E-16,0.));
#10376=DIRECTION('',(1.99578556478639E-16,0.999847695156391,0.0174524064372835));
#10377=DIRECTION('',(-3.48365666161459E-18,-0.0174524064372835,0.999847695156391));
#10378=DIRECTION('',(1.,-1.99608957889754E-16,0.));
#10379=DIRECTION('',(-1.,1.99608957889754E-16,0.));
#10380=DIRECTION('',(0.707052927141244,-0.0123416547509369,0.707052927141249));
#10381=DIRECTION('',(1.,-1.99608957889754E-16,0.));
#10382=DIRECTION('',(0.0174497491606827,-0.0174497491606827,0.999695459881888));
#10383=DIRECTION('',(1.,-2.0190040623773E-16,1.312769879344E-16));
#10384=DIRECTION('',(1.,-1.99608957889754E-16,0.));
#10385=DIRECTION('',(0.,0.,1.));
#10386=DIRECTION('',(6.12323399573677E-17,1.,0.));
#10387=DIRECTION('',(0.,0.,-1.));
#10388=DIRECTION('',(-1.,0.,0.));
#10389=DIRECTION('',(0.782014496186021,-0.623015843510085,0.0174524064341064));
#10390=DIRECTION('',(0.623242020196533,0.781899107966035,-0.0142537441840006));
#10391=DIRECTION('',(0.,0.,-1.));
#10392=DIRECTION('',(-6.12323399573677E-17,-1.,0.));
#10393=DIRECTION('',(0.782014496046565,-0.623015843685043,0.0174524064372835));
#10394=DIRECTION('',(0.623110746469835,0.782133618785055,0.));
#10395=DIRECTION('',(-0.623110746469835,-0.782133618785055,0.));
#10396=DIRECTION('',(-0.0136501138033002,0.0108747820028307,0.999847695156391));
#10397=DIRECTION('',(-0.623110746469835,-0.782133618785055,0.));
#10398=DIRECTION('',(-0.0189438926878375,0.00422897718788659,0.999811604594474));
#10399=DIRECTION('',(7.71325285278263E-17,-0.999847695156391,0.0174524064372835));
#10400=DIRECTION('',(1.06865168404189E-18,0.0174524064372835,0.999847695156391));
#10401=DIRECTION('',(7.71325285278263E-17,-0.999847695156391,0.0174524064372835));
#10402=DIRECTION('',(-1.3463532935308E-18,0.0174524064372835,0.999847695156391));
#10403=DIRECTION('',(-1.,-7.71442779750187E-17,0.));
#10404=DIRECTION('',(0.0174497491606827,-0.0174497491606826,-0.999695459881888));
#10405=DIRECTION('',(-1.,-7.71442779750187E-17,0.));
#10406=DIRECTION('',(-0.0174497491606827,-0.0174497491606827,-0.999695459881888));
#10407=DIRECTION('',(1.,7.94357263229945E-17,1.312769879344E-16));
#10408=DIRECTION('',(-0.0174497491606827,-0.0174497491606827,-0.999695459881888));
#10409=DIRECTION('',(1.,7.71442779750187E-17,0.));
#10410=DIRECTION('',(-0.707052927141244,-0.0123416547509368,-0.707052927141249));
#10411=DIRECTION('',(1.,7.71442779750187E-17,0.));
#10412=DIRECTION('',(1.86281108579648E-16,-0.999847695156391,0.0174524064372835));
#10413=DIRECTION('',(1.06865168404189E-18,0.0174524064372835,0.999847695156391));
#10414=DIRECTION('',(1.86281108579648E-16,-0.999847695156391,0.0174524064372835));
#10415=DIRECTION('',(-3.25154884515811E-18,0.0174524064372835,0.999847695156391));
#10416=DIRECTION('',(-1.,-1.86309484416535E-16,0.));
#10417=DIRECTION('',(1.39667380361208E-12,0.999847695156391,-0.0174524064372659));
#10418=DIRECTION('',(-0.999919704419378,-0.000221160425478861,-0.0126702723699603));
#10419=DIRECTION('',(1.,1.86309484416535E-16,0.));
#10420=DIRECTION('',(-1.,-1.86309484416535E-16,0.));
#10421=DIRECTION('',(0.,0.,1.));
#10422=DIRECTION('',(6.12323399573677E-17,1.,0.));
#10423=DIRECTION('',(0.,0.,-1.));
#10424=DIRECTION('',(-1.,0.,0.));
#10425=DIRECTION('',(-9.72601772506897E-13,0.999847695156392,0.0174524064372714));
#10426=DIRECTION('',(-0.999919704420315,0.000221160424613747,-0.0126702722960972));
#10427=DIRECTION('',(0.,0.,-1.));
#10428=DIRECTION('',(-6.12323399573677E-17,-1.,0.));
#10429=DIRECTION('',(0.,0.,-1.));
#10430=DIRECTION('',(-6.12323399573677E-17,-1.,0.));
#10431=DIRECTION('',(0.,0.,-1.));
#10432=DIRECTION('',(-1.,0.,0.));
#10433=DIRECTION('',(0.,0.,-1.));
#10434=DIRECTION('',(6.12323399573677E-17,1.,0.));
#10435=DIRECTION('',(0.,0.,-1.));
#10436=DIRECTION('',(-6.12323399573677E-17,-1.,0.));
#10437=DIRECTION('',(-0.0144163251734483,-0.0139146975473357,0.999799255231099));
#10438=DIRECTION('',(0.,0.,-1.));
#10439=DIRECTION('',(-6.12323399573677E-17,-1.,0.));
#10440=DIRECTION('',(0.0151814391317847,0.0130756699724835,-0.999799255231098));
#10441=DIRECTION('',(0.,0.,-1.));
#10442=DIRECTION('',(-6.12323399573677E-17,-1.,0.));
#10443=DIRECTION('',(-0.999847695156383,-2.0066757825711E-11,-0.0174524064377466));
#10444=DIRECTION('',(-0.000404974297089857,0.999730739456462,0.0232009607916165));
#10445=DIRECTION('',(0.,0.,-1.));
#10446=DIRECTION('',(-6.12323399573677E-17,-1.,0.));
#10447=DIRECTION('',(0.,0.,-1.));
#10448=DIRECTION('',(6.12323399573677E-17,1.,0.));
#10449=DIRECTION('',(-0.999847695156391,-1.3280059560708E-12,-0.0174524064373216));
#10450=DIRECTION('',(-0.000518263498802577,0.99955898192734,0.0296912958848987));
#10451=DIRECTION('',(0.,0.,-1.));
#10452=DIRECTION('',(-1.,0.,0.));
#10453=DIRECTION('',(0.,0.,-1.));
#10454=DIRECTION('',(-6.12323399573677E-17,-1.,0.));
#10455=DIRECTION('',(0.,0.,-1.));
#10456=DIRECTION('',(-6.12323399573677E-17,-1.,0.));
#10457=DIRECTION('',(0.,0.,-1.));
#10458=DIRECTION('',(-6.12323399573677E-17,-1.,0.));
#10459=DIRECTION('',(0.999847695156391,-8.07500133452957E-16,0.0174524064372835));
#10460=DIRECTION('',(0.0174524064372835,-1.40949672589657E-17,-0.999847695156391));
#10461=DIRECTION('',(0.,0.,-1.));
#10462=DIRECTION('',(-6.12323399573677E-17,-1.,0.));
#10463=DIRECTION('',(0.,0.,1.));
#10464=DIRECTION('',(0.,0.,-1.));
#10465=DIRECTION('',(-6.12323399573677E-17,-1.,0.));
#10466=DIRECTION('',(0.,0.,-1.));
#10467=DIRECTION('',(-6.12323399573677E-17,-1.,0.));
#10468=DIRECTION('',(0.,0.,1.));
#10469=DIRECTION('',(0.,0.,-1.));
#10470=DIRECTION('',(-6.12323399573677E-17,-1.,0.));
#10471=DIRECTION('',(0.999847695156391,-8.07500133452957E-16,0.0174524064372835));
#10472=DIRECTION('',(0.0174524064372835,-1.40949672589657E-17,-0.999847695156391));
#10473=DIRECTION('',(0.,0.,1.));
#10474=DIRECTION('',(6.12323399573677E-17,1.,0.));
#10475=DIRECTION('',(0.,-1.,0.));
#10476=DIRECTION('',(0.,0.,1.));
#10477=DIRECTION('',(-0.707106781186548,-0.707106781186548,0.));
#10478=DIRECTION('',(-6.12323399573677E-17,-1.,0.));
#10479=DIRECTION('',(0.,0.,1.));
#10480=DIRECTION('',(0.707106781186548,-0.707106781186548,0.));
#10481=DIRECTION('',(0.,0.,-1.));
#10482=DIRECTION('',(-6.12323399573677E-17,-1.,0.));
#10483=DIRECTION('',(1.,0.,0.));
#10484=DIRECTION('',(0.,1.,0.));
#10485=DIRECTION('',(0.,0.,-1.));
#10486=DIRECTION('',(-0.939366434521637,0.342915006516349,0.));
#10487=DIRECTION('',(0.,0.,-1.));
#10488=DIRECTION('',(-6.12323399573677E-17,-1.,0.));
#10489=DIRECTION('',(0.921199075609874,-0.389091587027417,0.));
#10490=DIRECTION('',(0.,0.,-1.));
#10491=DIRECTION('',(0.833394140556376,0.552679117107114,0.));
#10492=DIRECTION('',(0.,1.,0.));
#10493=DIRECTION('',(0.,0.,-1.));
#10494=DIRECTION('',(-1.,0.,0.));
#10495=DIRECTION('',(1.,0.,0.));
#10496=DIRECTION('',(0.,0.,-1.));
#10497=DIRECTION('',(-6.12323399573677E-17,-1.,0.));
#10498=DIRECTION('',(0.,0.,-1.));
#10499=DIRECTION('',(-6.12323399573677E-17,-1.,0.));
#10500=DIRECTION('',(0.,0.,-1.));
#10501=DIRECTION('',(-6.12323399573677E-17,-1.,0.));
#10502=DIRECTION('',(1.,-6.12323399573677E-17,0.));
#10503=DIRECTION('',(0.,0.,-1.));
#10504=DIRECTION('',(-0.319761936898971,-0.947497917523104,0.));
#10505=DIRECTION('',(0.,0.,-1.));
#10506=DIRECTION('',(-6.12323399573677E-17,-1.,0.));
#10507=DIRECTION('',(7.2873456765393E-14,-2.15549071897087E-13,-1.));
#10508=DIRECTION('',(-0.606811984676129,0.794845403366854,-2.08201872893609E-13));
#10509=DIRECTION('',(-1.,6.12323399573677E-17,0.));
#10510=DIRECTION('',(0.,0.,-1.));
#10511=DIRECTION('',(-6.12323399573677E-17,-1.,0.));
#10512=DIRECTION('',(0.,0.,-1.));
#10513=DIRECTION('',(-6.12323399573677E-17,-1.,0.));
#10514=DIRECTION('',(0.,0.,-1.));
#10515=DIRECTION('',(-6.12323399573677E-17,-1.,0.));
#10516=DIRECTION('',(0.,0.,-1.));
#10517=DIRECTION('',(-6.12323399573677E-17,-1.,0.));
#10518=DIRECTION('',(0.,0.,-1.));
#10519=DIRECTION('',(-6.12323399573677E-17,-1.,0.));
#10520=DIRECTION('',(-9.63200353102582E-17,-1.,0.));
#10521=DIRECTION('',(0.,0.,1.));
#10522=DIRECTION('',(-6.12323399573677E-17,-1.,0.));
#10523=DIRECTION('',(0.,0.,-1.));
#10524=DIRECTION('',(-1.,0.,0.));
#10525=DIRECTION('',(-0.0197713688275275,-0.0174301556196141,-0.999652580974892));
#10526=DIRECTION('',(0.,0.,-1.));
#10527=DIRECTION('',(-6.12323399573677E-17,-1.,0.));
#10528=DIRECTION('',(-0.0185098976592669,-0.0185098976592669,-0.999657324975557));
#10529=DIRECTION('',(0.706864473353021,0.706864473353021,-0.0261769483078732));
#10530=DIRECTION('',(-0.707106781186548,0.707106781186548,0.));
#10531=DIRECTION('',(0.0543985842513943,-0.0174265646726957,0.998367221454687));
#10532=DIRECTION('',(-0.603239458154943,0.583087839731217,-0.54416057123106));
#10533=DIRECTION('',(-0.0174490638775311,-0.0195706897817106,-0.999656200036426));
#10534=DIRECTION('',(0.707106781186548,-0.707106781186548,0.));
#10535=DIRECTION('',(0.999847695156391,-6.12230139754067E-17,-0.0174524064372835));
#10536=DIRECTION('',(-0.0174524064372835,1.06865168404189E-18,-0.999847695156391));
#10537=DIRECTION('',(-0.0119084245480787,0.731037666680817,-0.682233185442228));
#10538=DIRECTION('',(0.0174497491606827,-0.0174497491606827,0.999695459881888));
#10539=DIRECTION('',(-0.0174497491606827,-0.0174497491606827,-0.999695459881888));
#10540=DIRECTION('',(-0.0119084245480788,-0.731037666680817,-0.682233185442228));
#10541=DIRECTION('',(-0.0174490638775311,0.0195706897817106,-0.999656200036426));
#10542=DIRECTION('',(0.0174490638775311,0.0195706897817106,0.999656200036426));
#10543=DIRECTION('',(0.706864473353021,-0.706864473353021,-0.0261769483078732));
#10544=DIRECTION('',(0.707106781186548,0.707106781186547,0.));
#10545=DIRECTION('',(0.0174490638775311,-0.0195706897817106,0.999656200036426));
#10546=DIRECTION('',(-0.603239458154943,-0.583087839731217,-0.54416057123106));
#10547=DIRECTION('',(-0.0543985842513943,-0.0174265646726957,-0.998367221454687));
#10548=DIRECTION('',(-0.707106781186548,-0.707106781186548,0.));
#10549=DIRECTION('',(-0.0185098976592669,0.0185098976592669,-0.999657324975557));
#10550=DIRECTION('',(0.,0.,1.));
#10551=DIRECTION('',(-6.12323399573677E-17,-1.,0.));
#10552=DIRECTION('',(0.0197713688275436,-0.0174301556196141,0.999652580974891));
#10553=DIRECTION('',(0.,0.,-1.));
#10554=DIRECTION('',(-1.,0.,0.));
#10555=DIRECTION('',(0.,0.,-1.));
#10556=DIRECTION('',(-6.12323399573677E-17,-1.,0.));
#10557=DIRECTION('',(0.,0.,-1.));
#10558=DIRECTION('',(6.12323399573677E-17,1.,0.));
#10559=DIRECTION('',(0.,0.,-1.));
#10560=DIRECTION('',(-1.,0.,0.));
#10561=DIRECTION('',(7.19840627821482E-17,0.999847695156391,0.0174524064372835));
#10562=DIRECTION('',(1.06865168404189E-18,0.0174524064372835,-0.999847695156391));
#10563=DIRECTION('',(1.,-7.19950279736243E-17,0.));
#10564=DIRECTION('',(7.19840627821482E-17,0.999847695156391,0.0174524064372835));
#10565=DIRECTION('',(-1.25648648965929E-18,-0.0174524064372835,0.999847695156391));
#10566=DIRECTION('',(1.,-7.19950279736243E-17,0.));
#10567=DIRECTION('',(-0.706999085398824,0.706999085398824,0.0174524064372835));
#10568=DIRECTION('',(-0.707106781186548,-0.707106781186548,0.));
#10569=DIRECTION('',(-0.598939481201554,-0.585452303740424,-0.546367182307873));
#10570=DIRECTION('',(0.0174519504344224,-0.00722883455980079,0.999821570769976));
#10571=DIRECTION('',(-0.707106781186548,-0.707106781186548,0.));
#10572=DIRECTION('',(0.999847695156391,-9.63053653023439E-17,0.0174524064372835));
#10573=DIRECTION('',(0.0174524064372835,-1.06865168404189E-18,-0.999847695156391));
#10574=DIRECTION('',(-9.63200353102582E-17,-1.,0.));
#10575=DIRECTION('',(-9.63200353102582E-17,-1.,0.));
#10576=DIRECTION('',(-0.999847695156391,6.12230139754067E-17,0.0174524064372835));
#10577=DIRECTION('',(0.0174524064372835,-1.06865168404189E-18,0.999847695156391));
#10578=DIRECTION('',(-6.12323399573677E-17,-1.,0.));
#10579=DIRECTION('',(-0.0119084245480788,-0.731037666680817,-0.682233185442228));
#10580=DIRECTION('',(0.,0.,-1.));
#10581=DIRECTION('',(-6.12323399573677E-17,-1.,0.));
#10582=DIRECTION('',(1.,-6.12323399573677E-17,0.));
#10583=DIRECTION('',(0.,0.,-1.));
#10584=DIRECTION('',(-6.12323399573677E-17,-1.,0.));
#10585=DIRECTION('',(0.,0.,-1.));
#10586=DIRECTION('',(-6.12323399573677E-17,-1.,0.));
#10587=DIRECTION('',(1.,-1.94581843798372E-16,0.));
#10588=DIRECTION('',(0.,0.,-1.));
#10589=DIRECTION('',(-6.12323399573677E-17,-1.,0.));
#10590=DIRECTION('',(0.,0.,-1.));
#10591=DIRECTION('',(-6.12323399573677E-17,-1.,0.));
#10592=DIRECTION('',(0.,0.,-1.));
#10593=DIRECTION('',(6.12323399573677E-17,1.,0.));
#10594=DIRECTION('',(-0.0151814391317847,0.0130756699724835,0.999799255231098));
#10595=DIRECTION('',(0.,0.,-1.));
#10596=DIRECTION('',(-6.12323399573677E-17,-1.,0.));
#10597=DIRECTION('',(0.0144163251734483,-0.0139146975473357,-0.999799255231099));
#10598=DIRECTION('',(0.,0.,-1.));
#10599=DIRECTION('',(-6.12323399573677E-17,-1.,0.));
#10600=DIRECTION('',(0.,0.,1.));
#10601=DIRECTION('',(-1.80886182049496E-15,-1.,0.));
#10602=DIRECTION('',(-6.12230139754067E-17,-0.999847695156391,0.0174524064372835));
#10603=DIRECTION('',(1.06865168404189E-18,0.0174524064372835,0.999847695156391));
#10604=DIRECTION('',(0.0197503646244298,0.0174490022149652,0.999652667389481));
#10605=DIRECTION('',(-1.,6.12323399573677E-17,0.));
#10606=DIRECTION('',(-2.94448340825541E-17,0.0174524064372835,0.999847695156391));
#10607=DIRECTION('',(1.,-6.12323399573677E-17,0.));
#10608=DIRECTION('',(1.94552208041083E-16,0.999847695156391,0.0174524064372835));
#10609=DIRECTION('',(1.06865168404189E-18,0.0174524064372835,-0.999847695156391));
#10610=DIRECTION('',(-1.,1.96790045623547E-16,-1.26507797837258E-16));
#10611=DIRECTION('',(1.,-1.94581843798372E-16,0.));
#10612=DIRECTION('',(-3.39592142328521E-18,-0.0174524064372835,0.999847695156391));
#10613=DIRECTION('',(0.,0.,1.));
#10614=DIRECTION('',(6.12323399573677E-17,1.,0.));
#10615=DIRECTION('',(0.,0.,-1.));
#10616=DIRECTION('',(-6.12323399573677E-17,-1.,0.));
#10617=DIRECTION('',(0.,0.,1.));
#10618=DIRECTION('',(6.12323399573677E-17,1.,0.));
#10619=DIRECTION('',(0.,0.,-1.));
#10620=DIRECTION('',(-6.12323399573677E-17,-1.,0.));
#10621=DIRECTION('',(0.,0.,-1.));
#10622=DIRECTION('',(-6.12323399573677E-17,-1.,0.));
#10623=DIRECTION('',(0.,0.,-1.));
#10624=DIRECTION('',(-0.749400457726589,-0.662117024368939,0.));
#10625=DIRECTION('',(6.12230139754067E-17,0.999847695156391,0.0174524064372835));
#10626=DIRECTION('',(1.06865168404189E-18,0.0174524064372835,-0.999847695156391));
#10627=DIRECTION('',(1.,-6.12323399573677E-17,0.));
#10628=DIRECTION('',(-0.0197503646243816,0.0174490022149488,-0.999652667389482));
#10629=DIRECTION('',(-1.,6.12323399573677E-17,0.));
#10630=DIRECTION('',(-1.06865168404189E-18,-0.0174524064372835,0.999847695156391));
#10631=DIRECTION('',(-6.12230139754067E-17,-0.999847695156391,0.0174524064372835));
#10632=DIRECTION('',(1.06865168404189E-18,0.0174524064372835,0.999847695156391));
#10633=DIRECTION('',(1.06865168404189E-18,0.0174524064372835,0.999847695156391));
#10634=DIRECTION('',(-1.,6.12323399573677E-17,0.));
#10635=DIRECTION('',(1.,-6.12323399573677E-17,0.));
#10636=DIRECTION('',(0.,0.,1.));
#10637=DIRECTION('',(6.12323399573677E-17,1.,0.));
#10638=DIRECTION('',(0.,0.,-1.));
#10639=DIRECTION('',(-6.12323399573677E-17,-1.,0.));
#10640=DIRECTION('',(0.,0.,1.));
#10641=DIRECTION('',(6.12323399573677E-17,1.,0.));
#10642=DIRECTION('',(0.,0.,-1.));
#10643=DIRECTION('',(-6.12323399573677E-17,-1.,0.));
#10644=DIRECTION('',(0.,0.,-1.));
#10645=DIRECTION('',(-6.12323399573677E-17,-1.,0.));
#10646=DIRECTION('',(0.,0.,-1.));
#10647=DIRECTION('',(-0.749428447448865,0.662085343558052,0.));
#10648=DIRECTION('',(4.17776967058243E-17,0.682281564528018,-0.731089506630481));
#10649=DIRECTION('',(-4.47663212092618E-17,-0.731089506630481,-0.682281564528018));
#10650=DIRECTION('',(4.17776967058243E-17,0.682281564528018,-0.731089506630481));
#10651=DIRECTION('',(-0.026122642937447,-0.730840019072523,-0.682048732898197));
#10652=DIRECTION('',(4.17776967058243E-17,0.682281564528018,-0.731089506630481));
#10653=DIRECTION('',(-0.0251057397216993,-0.730859068125554,-0.682066510225852));
#10654=DIRECTION('',(-4.17776967058243E-17,-0.682281564528018,-0.731089506630481));
#10655=DIRECTION('',(-4.47663212092618E-17,-0.731089506630481,0.682281564528018));
#10656=DIRECTION('',(-4.17776967058243E-17,-0.682281564528018,-0.731089506630481));
#10657=DIRECTION('',(0.0251057397216992,-0.730859068125554,0.682066510225852));
#10658=DIRECTION('',(-4.17776967058243E-17,-0.682281564528018,-0.731089506630481));
#10659=DIRECTION('',(-0.0261226429374469,0.730840019072523,-0.682048732898197));
#10660=DIRECTION('',(0.,0.,-1.));
#10661=DIRECTION('',(-6.12323399573677E-17,-1.,0.));
#10662=DIRECTION('',(8.07623138368741E-16,1.,0.));
#10663=DIRECTION('',(0.,0.,-1.));
#10664=DIRECTION('',(-6.12323399573677E-17,-1.,0.));
#10665=DIRECTION('',(-0.623110746469837,0.782133618785053,0.));
#10666=DIRECTION('',(0.999847695156391,-8.07500133452957E-16,0.0174524064372835));
#10667=DIRECTION('',(0.0174524064372835,-1.06865168404189E-18,-0.999847695156391));
#10668=DIRECTION('',(0.999847695156397,-1.39475961704639E-11,0.0174524064369739));
#10669=DIRECTION('',(0.00038687441516216,-0.999754273055352,-0.0221640211999386));
#10670=DIRECTION('',(0.,0.,1.));
#10671=DIRECTION('',(6.12323399573677E-17,1.,0.));
#10672=DIRECTION('',(0.0112640703022053,-0.014138751606549,0.999836594860998));
#10673=DIRECTION('',(0.782133618785053,0.623110746469837,0.));
#10674=DIRECTION('',(-0.623110746469837,0.782133618785053,0.));
#10675=DIRECTION('',(0.,0.,-1.));
#10676=DIRECTION('',(-6.12323399573677E-17,-1.,0.));
#10677=DIRECTION('',(-8.07623138368741E-16,-1.,0.));
#10678=DIRECTION('',(0.623110746469836,0.782133618785054,0.));
#10679=DIRECTION('',(0.,0.,-1.));
#10680=DIRECTION('',(-6.12323399573677E-17,-1.,0.));
#10681=DIRECTION('',(0.999847695156391,-8.07500133452957E-16,0.0174524064372835));
#10682=DIRECTION('',(0.0174524064372835,-1.06865168404189E-18,-0.999847695156391));
#10683=DIRECTION('',(0.999847695156402,2.66520415763069E-11,0.0174524064366917));
#10684=DIRECTION('',(0.000388506525375784,0.999752195107916,-0.022257525459582));
#10685=DIRECTION('',(0.782133618785054,-0.623110746469836,0.));
#10686=DIRECTION('',(0.623110746469836,0.782133618785054,0.));
#10687=DIRECTION('',(0.0112640703022053,0.014138751606549,0.999836594860998));
#10688=DIRECTION('',(0.,0.,1.));
#10689=DIRECTION('',(6.12323399573677E-17,1.,0.));
#10690=DIRECTION('',(0.,0.,-1.));
#10691=DIRECTION('',(-6.12323399573677E-17,-1.,0.));
#10692=DIRECTION('',(0.,1.,0.));
#10693=DIRECTION('',(-1.,0.,0.));
#10694=DIRECTION('',(-1.62751125881391E-17,1.,0.));
#10695=DIRECTION('',(-1.,0.,0.));
#10696=DIRECTION('',(0.,0.,-1.));
#10697=DIRECTION('',(-1.,0.,0.));
#10698=DIRECTION('',(0.,1.,0.));
#10699=DIRECTION('',(0.,0.,-1.));
#10700=DIRECTION('',(-0.833394140556374,0.552679117107118,0.));
#10701=DIRECTION('',(0.921199075609881,0.3890915870274,0.));
#10702=DIRECTION('',(0.,0.,-1.));
#10703=DIRECTION('',(-6.12323399573677E-17,-1.,0.));
#10704=DIRECTION('',(0.,0.,-1.));
#10705=DIRECTION('',(-0.93927092062883,-0.343176540079694,0.));
#10706=DIRECTION('',(-0.0174490638775311,0.0195706897817106,-0.999656200036426));
#10707=DIRECTION('',(-6.1220608904836E-17,-0.99980841737324,-0.0195736698045209));
#10708=DIRECTION('',(-0.0174490638775311,-0.0195706897817106,-0.999656200036426));
#10709=DIRECTION('',(-6.1220608904836E-17,-0.99980841737324,0.0195736698045209));
#10710=DIRECTION('',(0.0174473615586092,0.0240425935540448,0.999558674250711));
#10711=DIRECTION('',(-2.1867322004635E-10,0.999710847034519,-0.0240462537939787));
#10712=DIRECTION('',(0.0174473615586092,0.0240425935540448,0.999558674250711));
#10713=DIRECTION('',(0.,0.,-1.));
#10714=DIRECTION('',(0.587331171937325,0.809346708444983,0.));
#10715=DIRECTION('',(0.0174473615586092,0.0240425935540448,0.999558674250711));
#10716=DIRECTION('',(0.,0.,-1.));
#10717=DIRECTION('',(-6.12323399573677E-17,-1.,0.));
#10718=DIRECTION('',(0.0174473482778561,-0.0240742144995912,0.999557913396867));
#10719=DIRECTION('',(-6.33768970850634E-11,0.999710085833007,0.0240778795528366));
#10720=DIRECTION('',(0.0174473482778561,-0.0240742144995912,0.999557913396867));
#10721=DIRECTION('',(0.,0.,-1.));
#10722=DIRECTION('',(0.586825205631855,-0.809713639526426,0.));
#10723=DIRECTION('',(0.0174473482778561,-0.0240742144995912,0.999557913396867));
#10724=DIRECTION('',(0.,0.,-1.));
#10725=DIRECTION('',(-6.12323399573677E-17,-1.,0.));
#10726=DIRECTION('',(0.0169119007124162,-0.00700054300094554,0.999832475973843));
#10727=DIRECTION('',(0.00679058451812983,0.0160771406771936,0.999847695156391));
#10728=DIRECTION('',(-0.0174520522559691,0.00637085847774292,-0.999827404122487));
#10729=DIRECTION('',(-0.999847695164759,-7.52787065590625E-08,0.0174524059577567));
#10730=DIRECTION('',(-0.0174520522559691,0.00637085847774292,-0.999827404122487));
#10731=DIRECTION('',(0.0174512376444083,0.0115730770644716,0.999780735057412));
#10732=DIRECTION('',(0.999847695156391,-6.12230139754067E-17,-0.0174524064372739));
#10733=DIRECTION('',(0.0174512376444083,0.0115730770644716,0.999780735057412));
#10734=DIRECTION('',(0.0174512376444083,0.0115730770644716,0.999780735057412));
#10735=DIRECTION('',(-0.389032326494086,-0.921058772528739,0.0174524064372835));
#10736=DIRECTION('',(0.921199075609882,-0.389091587027397,0.));
#10737=DIRECTION('',(0.999847695156391,9.22027695747369E-18,-0.0174524064372835));
#10738=DIRECTION('',(-0.0174524064372835,1.0686516840419E-18,-0.999847695156391));
#10739=DIRECTION('',(9.22168146422691E-18,-1.,0.));
#10740=DIRECTION('',(-0.0174524064372835,-2.84039879700755E-19,-0.999847695156391));
#10741=DIRECTION('',(-0.0174524064372835,0.,-0.999847695156391));
#10742=DIRECTION('',(6.12323399573677E-17,1.,0.));
#10743=DIRECTION('',(0.,0.,-1.));
#10744=DIRECTION('',(-0.0174524064372835,1.0686516840419E-18,-0.999847695156391));
#10745=DIRECTION('',(0.,0.,1.));
#10746=DIRECTION('',(0.,0.,1.));
#10747=DIRECTION('',(6.12323399573677E-17,1.,0.));
#10748=DIRECTION('',(0.,0.,1.));
#10749=DIRECTION('',(-1.,6.12323399573677E-17,0.));
#10750=DIRECTION('',(0.,0.,1.));
#10751=DIRECTION('',(0.,0.,1.));
#10752=DIRECTION('',(0.,0.,1.));
#10753=DIRECTION('',(6.12323399573677E-17,1.,0.));
#10754=DIRECTION('',(0.,0.,1.));
#10755=DIRECTION('',(-6.12323399573677E-17,-1.,0.));
#10756=DIRECTION('',(0.,0.,1.));
#10757=DIRECTION('',(0.0174524064372835,-1.0686516840419E-18,0.999847695156391));
#10758=DIRECTION('',(-0.0174524064372835,1.0686516840419E-18,-0.999847695156391));
#10759=DIRECTION('',(-0.999847695156391,6.12230139754067E-17,0.0174524064372835));
#10760=DIRECTION('',(-0.0174524064372835,1.0686516840419E-18,-0.999847695156391));
#10761=DIRECTION('',(0.0174524064372835,-1.0686516840419E-18,0.999847695156391));
#10762=DIRECTION('',(0.999847695156391,-6.12230139754067E-17,-0.0174524064372835));
#10763=DIRECTION('',(0.0174524064372835,-1.0686516840419E-18,0.999847695156391));
#10764=DIRECTION('',(0.,0.,-1.));
#10765=DIRECTION('',(-6.12323399573677E-17,-1.,0.));
#10766=DIRECTION('',(0.00679058451812973,-0.0160771406771936,0.999847695156391));
#10767=DIRECTION('',(-0.389032326494078,0.921058772528742,0.0174524064372835));
#10768=DIRECTION('',(-0.921199075609885,-0.38909158702739,0.));
#10769=DIRECTION('',(-0.0174512376444083,0.0115730770644717,-0.999780735057412));
#10770=DIRECTION('',(-0.0174512376444083,0.0115730770644717,-0.999780735057412));
#10771=DIRECTION('',(-0.999847695156391,6.12230139754067E-17,0.0174524064372739));
#10772=DIRECTION('',(-0.0174512376444083,0.0115730770644717,-0.999780735057412));
#10773=DIRECTION('',(-0.0174520516433832,-0.00637636550725824,-0.999827369027451));
#10774=DIRECTION('',(-0.9998476951528,-3.22640971671768E-08,0.0174524066429841));
#10775=DIRECTION('',(-0.0174520516433832,-0.00637636550725824,-0.999827369027451));
#10776=DIRECTION('',(-0.00589005572751598,-0.0174530326843738,-0.999830335053726));
#10777=DIRECTION('',(0.,0.999847678940171,-0.0174533354391578));
#10778=DIRECTION('',(2.86432538588488E-14,8.49455827742861E-14,-1.));
#10779=DIRECTION('',(5.36777746135946E-06,-0.999999999985593,-6.94006136828424E-14));
#10780=DIRECTION('',(0.00589492563003017,-0.0174511788998386,0.999830338710935));
#10781=DIRECTION('',(0.,-0.999847711289925,-0.0174514821232679));
#10782=DIRECTION('',(0.,0.,-1.));
#10783=DIRECTION('',(0.320029765232734,-0.947407488552355,0.));
#10784=DIRECTION('',(0.0174497491606827,-0.0174497491606827,0.999695459881888));
#10785=DIRECTION('',(6.12230139754067E-17,0.999847695156391,0.0174524064372835));
#10786=DIRECTION('',(-0.0174497491606827,-0.0174497491606827,-0.999695459881888));
#10787=DIRECTION('',(-6.12230139754067E-17,-0.999847695156391,0.0174524064372835));
#10788=DIRECTION('',(-0.0197501838822839,0.0174483732577136,-0.99965268193872));
#10789=DIRECTION('',(-0.999804886688086,0.,0.0197531909984974));
#10790=DIRECTION('',(0.,0.,-1.));
#10791=DIRECTION('',(-0.749428447448865,0.662085343558052,0.));
#10792=DIRECTION('',(-0.0197509157972611,-0.017450506550151,-0.999652630240281));
#10793=DIRECTION('',(-0.999804872210606,0.,0.0197539237604732));
#10794=DIRECTION('',(0.,0.,-1.));
#10795=DIRECTION('',(-0.749400457726589,-0.662117024368939,0.));
#10796=DIRECTION('',(0.706999085398824,-0.706999085398824,-0.0174524064372801));
#10797=DIRECTION('',(0.707106781186548,0.707106781186548,0.));
#10798=DIRECTION('',(0.707106781186548,0.707106781186548,0.));
#10799=DIRECTION('',(-0.0308435678159423,-0.00617059307110013,-0.999505176627682));
#10800=DIRECTION('',(0.,0.,1.));
#10801=DIRECTION('',(0.,1.,0.));
#10802=DIRECTION('',(0.,0.,1.));
#10803=DIRECTION('',(1.,0.,0.));
#10804=DIRECTION('',(0.,0.,1.));
#10805=DIRECTION('',(0.,1.,0.));
#10806=DIRECTION('',(0.,0.,1.));
#10807=DIRECTION('',(0.,1.,0.));
#10808=DIRECTION('',(0.,0.,-1.));
#10809=DIRECTION('',(0.,-1.,0.));
#10810=DIRECTION('',(0.,0.,-1.));
#10811=DIRECTION('',(0.,-1.,0.));
#10812=DIRECTION('',(0.,0.,-1.));
#10813=DIRECTION('',(0.,-1.,0.));
#10814=DIRECTION('',(0.,0.,-1.));
#10815=DIRECTION('',(0.,-1.,0.));
#10816=DIRECTION('',(0.,0.,1.));
#10817=DIRECTION('',(0.,1.,0.));
#10818=DIRECTION('',(0.,0.,1.));
#10819=DIRECTION('',(1.,0.,0.));
#10820=DIRECTION('',(0.,0.,1.));
#10821=DIRECTION('',(0.,1.,0.));
#10822=DIRECTION('',(0.,0.,1.));
#10823=DIRECTION('',(0.,1.,0.));
#10824=DIRECTION('',(0.,0.,-1.));
#10825=DIRECTION('',(0.,-1.,0.));
#10826=DIRECTION('',(0.,0.,-1.));
#10827=DIRECTION('',(0.,-1.,0.));
#10828=DIRECTION('',(0.,0.,-1.));
#10829=DIRECTION('',(0.,-1.,0.));
#10830=DIRECTION('',(0.,0.,-1.));
#10831=DIRECTION('',(0.,-1.,0.));
#10832=DIRECTION('',(0.,0.,1.));
#10833=DIRECTION('',(1.,0.,0.));
#10834=DIRECTION('',(1.56105599637957E-16,0.,1.));
#10835=DIRECTION('',(1.,0.,-1.0842021724855E-16));
#10836=DIRECTION('',(-1.56105599637958E-16,0.,-1.));
#10837=DIRECTION('',(1.,0.,-1.05134756119806E-16));
#10838=DIRECTION('',(0.,0.,-1.));
#10839=DIRECTION('',(-1.,0.,0.));
#10840=DIRECTION('',(1.56105599637958E-16,0.,1.));
#10841=DIRECTION('',(1.,0.,-1.87032180698308E-16));
#10842=DIRECTION('',(-1.56105599637958E-16,0.,-1.));
#10843=DIRECTION('',(1.,0.,-1.82123199577617E-16));
#10844=DIRECTION('',(0.,0.,-1.));
#10845=DIRECTION('',(-1.,0.,0.));
#10846=DIRECTION('',(-1.22620875544275E-16,0.,-1.));
#10847=DIRECTION('',(-1.,0.,0.));
#10848=DIRECTION('',(-1.22620875544275E-16,0.,-1.));
#10849=DIRECTION('',(-1.,0.,0.));
#10850=DIRECTION('',(-1.22620875544275E-16,0.,-1.));
#10851=DIRECTION('',(-1.,0.,0.));
#10852=DIRECTION('',(-1.22620875544275E-16,0.,-1.));
#10853=DIRECTION('',(-1.,0.,0.));
#10854=DIRECTION('',(-1.22620875544275E-16,0.,-1.));
#10855=DIRECTION('',(-1.,0.,0.));
#10856=DIRECTION('',(-1.22620875544275E-16,0.,-1.));
#10857=DIRECTION('',(-1.,0.,0.));
#10858=DIRECTION('',(-1.22620875544275E-16,0.,-1.));
#10859=DIRECTION('',(-1.,0.,0.));
#10860=DIRECTION('',(-1.22620875544275E-16,0.,-1.));
#10861=DIRECTION('',(-1.,0.,0.));
#10862=DIRECTION('',(-1.22620875544275E-16,0.,-1.));
#10863=DIRECTION('',(-1.,0.,0.));
#10864=DIRECTION('',(-1.22620875544275E-16,0.,-1.));
#10865=DIRECTION('',(-1.,0.,0.));
#10866=DIRECTION('',(-1.22620875544275E-16,0.,-1.));
#10867=DIRECTION('',(-1.,0.,0.));
#10868=DIRECTION('',(-1.22620875544275E-16,0.,-1.));
#10869=DIRECTION('',(-1.,0.,0.));
#10870=DIRECTION('',(-1.22620875544275E-16,0.,-1.));
#10871=DIRECTION('',(-1.,0.,0.));
#10872=DIRECTION('',(-1.22620875544275E-16,0.,-1.));
#10873=DIRECTION('',(-1.,0.,0.));
#10874=DIRECTION('',(-1.22620875544275E-16,0.,-1.));
#10875=DIRECTION('',(-1.,0.,0.));
#10876=DIRECTION('',(0.,0.,1.));
#10877=DIRECTION('',(0.,1.,0.));
#10878=DIRECTION('',(0.,0.,1.));
#10879=DIRECTION('',(0.,1.,0.));
#10880=DIRECTION('',(0.,0.,1.));
#10881=DIRECTION('',(0.,1.,0.));
#10882=DIRECTION('',(-0.707106781186548,-0.707106781186548,0.));
#10883=DIRECTION('',(0.707106781186548,-0.707106781186548,0.));
#10884=DIRECTION('',(-0.706999085398824,-0.706999085398824,0.0174524064372801));
#10885=DIRECTION('',(-0.0123407149396085,-0.0123407149400404,-0.999847695156391));
#10886=DIRECTION('',(-0.707106781186544,-0.707106781186551,0.));
#10887=DIRECTION('',(0.707106781186544,0.707106781186551,0.));
#10888=DIRECTION('',(0.,0.,-1.));
#10889=DIRECTION('',(-0.707106781186544,-0.707106781186551,0.));
#10890=DIRECTION('',(0.,0.,1.));
#10891=DIRECTION('',(0.,-1.,0.));
#10892=DIRECTION('',(0.,0.,-1.));
#10893=DIRECTION('',(-1.,0.,0.));
#10894=DIRECTION('',(0.813886440841095,0.,0.581023976626623));
#10895=DIRECTION('',(-0.581023976626623,0.,0.813886440841095));
#10896=DIRECTION('',(0.,0.,-1.));
#10897=DIRECTION('',(-1.,0.,0.));
#10898=DIRECTION('',(0.999847695156391,-3.57517628268783E-13,-0.0174524064372943));
#10899=DIRECTION('',(-0.000446303957065279,-0.999672966786507,-0.0255687365554315));
#10900=DIRECTION('',(0.999847695156391,9.70404991015267E-13,-0.0174524064373095));
#10901=DIRECTION('',(-0.000448674257851961,0.999669483269077,-0.0257045309614255));
#10902=DIRECTION('',(0.,0.,-1.));
#10903=DIRECTION('',(0.,-1.,0.));
#10904=DIRECTION('',(0.00617059242716535,-0.00617059242716535,0.999961923064171));
#10905=DIRECTION('',(0.,0.,1.));
#10906=DIRECTION('',(1.,0.,0.));
#10907=DIRECTION('',(0.,0.00872653549837396,0.999961923064171));
#10908=DIRECTION('',(0.,0.,-1.));
#10909=DIRECTION('',(-1.,0.,0.));
#10910=DIRECTION('',(0.,0.,-1.));
#10911=DIRECTION('',(0.,-1.,0.));
#10912=DIRECTION('',(0.,-0.00872653549837396,0.999961923064171));
#10913=DIRECTION('',(0.,0.,1.));
#10914=DIRECTION('',(1.,0.,0.));
#10915=DIRECTION('',(0.00617059242716535,0.00617059242716535,0.999961923064171));
#10916=DIRECTION('',(0.,0.,-1.));
#10917=DIRECTION('',(-1.,0.,0.));
#10918=DIRECTION('',(0.,0.,1.));
#10919=DIRECTION('',(0.,1.,0.));
#10920=DIRECTION('',(0.,0.,1.));
#10921=DIRECTION('',(0.,1.,0.));
#10922=DIRECTION('',(0.,0.,1.));
#10923=DIRECTION('',(0.,0.,1.));
#10924=DIRECTION('',(0.,1.,0.));
#10925=DIRECTION('',(0.,0.,1.));
#10926=DIRECTION('',(0.,0.,-1.));
#10927=DIRECTION('',(0.,-1.,0.));
#10928=DIRECTION('',(-0.5,-0.5,0.707106781186545));
#10929=DIRECTION('',(0.,0.,-1.));
#10930=DIRECTION('',(0.,1.,0.));
#10931=DIRECTION('',(0.5,-0.5,-0.707106781186545));
#10932=DIRECTION('',(0.,0.,-1.));
#10933=DIRECTION('',(-1.,0.,0.));
#10934=DIRECTION('',(-1.56105599637958E-16,0.,-1.));
#10935=DIRECTION('',(-1.,0.,1.99696490764931E-16));
#10936=DIRECTION('',(-1.56105599637958E-16,0.,-1.));
#10937=DIRECTION('',(1.,0.,-1.56105599637958E-16));
#10938=DIRECTION('',(0.,0.,-1.));
#10939=DIRECTION('',(-1.,0.,0.));
#10940=DIRECTION('',(-1.56105599637958E-16,0.,-1.));
#10941=DIRECTION('',(-1.,0.,1.11917643611407E-16));
#10942=DIRECTION('',(-1.56105599637958E-16,0.,-1.));
#10943=DIRECTION('',(-1.,0.,1.0842021724855E-16));
#10944=DIRECTION('',(0.,0.,-1.));
#10945=DIRECTION('',(-1.,0.,0.));
#10946=DIRECTION('',(0.,0.,-1.));
#10947=DIRECTION('',(-1.,0.,0.));
#10948=DIRECTION('',(0.,0.,1.));
#10949=DIRECTION('',(0.,1.,0.));
#10950=DIRECTION('',(0.,0.,1.));
#10951=DIRECTION('',(0.,1.,0.));
#10952=DIRECTION('',(0.,0.,1.));
#10953=DIRECTION('',(0.,0.,1.));
#10954=DIRECTION('',(0.,0.,1.));
#10955=DIRECTION('',(0.,1.,0.));
#10956=DIRECTION('',(1.,0.,0.));
#10957=DIRECTION('',(0.,-1.,0.));
#10958=DIRECTION('',(1.,0.,0.));
#10959=DIRECTION('',(0.,1.,0.));
#10960=DIRECTION('',(-1.,0.,0.));
#10961=DIRECTION('',(0.,-1.,0.));
#10962=DIRECTION('',(1.,0.,0.));
#10963=DIRECTION('',(0.,1.,0.));
#10964=DIRECTION('',(-1.,0.,0.));
#10965=DIRECTION('',(0.,1.,0.));
#10966=DIRECTION('',(1.,0.,0.));
#10967=DIRECTION('',(0.,1.,0.));
#10968=DIRECTION('',(-1.,0.,0.));
#10969=DIRECTION('',(0.,-1.,0.));
#10970=DIRECTION('',(1.,0.,0.));
#10971=DIRECTION('',(0.,-1.,0.));
#10972=DIRECTION('',(-1.,0.,0.));
#10973=DIRECTION('',(0.,-1.,0.));
#10974=DIRECTION('',(0.,1.,0.));
#10975=DIRECTION('',(0.,1.,0.));
#10976=DIRECTION('',(0.,0.,1.));
#10977=DIRECTION('',(1.,0.,0.));
#10978=DIRECTION('',(0.707106781186548,0.707106781186548,0.));
#10979=DIRECTION('',(-0.707106781186548,0.707106781186548,0.));
#10980=DIRECTION('',(1.,0.,0.));
#10981=DIRECTION('',(0.,0.,1.));
#10982=DIRECTION('',(1.,0.,0.));
#10983=DIRECTION('',(-1.,0.,0.));
#10984=DIRECTION('',(-0.707106781186548,-0.707106781186547,0.));
#10985=DIRECTION('',(-0.707106781186548,0.707106781186548,0.));
#10986=DIRECTION('',(0.,0.,1.));
#10987=DIRECTION('',(1.,0.,0.));
#10988=DIRECTION('',(1.,0.,0.));
#10989=DIRECTION('',(0.,0.,-1.));
#10990=DIRECTION('',(0.,0.,1.));
#10991=DIRECTION('',(0.,1.,0.));
#10992=DIRECTION('',(0.,0.,-1.));
#10993=DIRECTION('',(0.,1.,0.));
#10994=DIRECTION('',(0.,0.,1.));
#10995=DIRECTION('',(0.,1.,0.));
#10996=DIRECTION('',(0.,0.,1.));
#10997=DIRECTION('',(0.,1.,0.));
#10998=DIRECTION('',(0.,0.,-1.));
#10999=DIRECTION('',(0.,0.,-1.));
#11000=DIRECTION('',(2.18547839493141E-15,1.,0.));
#11001=DIRECTION('',(0.,0.,1.));
#11002=DIRECTION('',(1.,0.,0.));
#11003=DIRECTION('',(0.,0.,-1.));
#11004=DIRECTION('',(0.,1.,0.));
#11005=DIRECTION('',(0.,0.,1.));
#11006=DIRECTION('',(0.,-1.,0.));
#11007=DIRECTION('',(0.,0.,1.));
#11008=DIRECTION('',(0.,1.,0.));
#11009=DIRECTION('',(0.,0.,1.));
#11010=DIRECTION('',(0.,1.,0.));
#11011=DIRECTION('',(0.,0.,-1.));
#11012=DIRECTION('',(0.,0.,-1.));
#11013=DIRECTION('',(0.,1.,0.));
#11014=DIRECTION('',(0.707106781186548,-0.707106781186548,0.));
#11015=DIRECTION('',(0.707106781186548,0.707106781186548,0.));
#11016=DIRECTION('',(0.707106781186548,0.707106781186548,0.));
#11017=DIRECTION('',(-0.707106781186547,-0.707106781186548,0.));
#11018=DIRECTION('',(0.707106781186548,0.707106781186548,0.));
#11019=DIRECTION('',(-0.707106781186548,0.707106781186548,0.));
#11020=DIRECTION('',(-0.707106781186548,0.707106781186547,0.));
#11021=DIRECTION('',(0.707106781186548,-0.707106781186548,0.));
#11022=DIRECTION('',(0.,0.,1.));
#11023=DIRECTION('',(1.,0.,0.));
#11024=DIRECTION('',(0.,0.,1.));
#11025=DIRECTION('',(1.,0.,0.));
#11026=DIRECTION('',(0.,0.,1.));
#11027=DIRECTION('',(1.,0.,0.));
#11028=DIRECTION('',(0.,0.,1.));
#11029=DIRECTION('',(0.,1.,0.));
#11030=DIRECTION('',(0.,0.,1.));
#11031=DIRECTION('',(0.,1.,0.));
#11032=DIRECTION('',(0.,0.,1.));
#11033=DIRECTION('',(0.,1.,0.));
#11034=DIRECTION('',(0.,0.,1.));
#11035=DIRECTION('',(0.,1.,0.));
#11036=DIRECTION('',(0.,0.,1.));
#11037=DIRECTION('',(0.,1.,0.));
#11038=DIRECTION('',(0.,0.,1.));
#11039=DIRECTION('',(0.,1.,0.));
#11040=DIRECTION('',(0.,0.,1.));
#11041=DIRECTION('',(0.,1.,0.));
#11042=DIRECTION('',(0.,0.,1.));
#11043=DIRECTION('',(0.,1.,0.));
#11044=DIRECTION('',(0.,0.,1.));
#11045=DIRECTION('',(0.,1.,0.));
#11046=DIRECTION('',(0.,0.,1.));
#11047=DIRECTION('',(0.,1.,0.));
#11048=DIRECTION('',(0.,0.,1.));
#11049=DIRECTION('',(0.,1.,0.));
#11050=DIRECTION('',(0.,0.,1.));
#11051=DIRECTION('',(0.,1.,0.));
#11052=DIRECTION('',(0.,0.,1.));
#11053=DIRECTION('',(0.,1.,0.));
#11054=DIRECTION('',(0.,0.,1.));
#11055=DIRECTION('',(0.,1.,0.));
#11056=DIRECTION('',(0.,0.,1.));
#11057=DIRECTION('',(0.,1.,0.));
#11058=DIRECTION('',(-0.5,0.5,-0.707106781186551));
#11059=DIRECTION('',(0.707106781186547,0.707106781186548,0.));
#11060=DIRECTION('',(0.500000000000007,-0.500000000000006,-0.707106781186538));
#11061=DIRECTION('',(-0.5,-0.5,-0.707106781186551));
#11062=DIRECTION('',(-0.707106781186548,0.707106781186548,0.));
#11063=DIRECTION('',(-0.5,-0.5,0.707106781186545));
#11064=DIRECTION('',(0.,0.,-1.));
#11065=DIRECTION('',(0.,-1.,0.));
#11066=DIRECTION('',(0.707106781186553,0.,-0.707106781186543));
#11067=DIRECTION('',(0.,0.,-1.));
#11068=DIRECTION('',(0.,-1.,0.));
#11069=DIRECTION('',(-0.707106781186553,0.,0.707106781186543));
#11070=DIRECTION('',(-0.707106781186548,0.,-0.707106781186548));
#11071=DIRECTION('',(0.,1.,0.));
#11072=DIRECTION('',(0.,0.,1.));
#11073=DIRECTION('',(0.,1.,0.));
#11074=DIRECTION('',(0.707106781186548,0.707106781186548,0.));
#11075=DIRECTION('',(-0.707106781186547,0.707106781186548,0.));
#11076=DIRECTION('',(0.,0.,1.));
#11077=DIRECTION('',(0.,1.,0.));
#11078=DIRECTION('',(0.,1.,0.));
#11079=DIRECTION('',(0.,0.,1.));
#11080=DIRECTION('',(0.,1.,0.));
#11081=DIRECTION('',(0.,0.,1.));
#11082=DIRECTION('',(0.,1.,0.));
#11083=DIRECTION('',(0.,0.,1.));
#11084=DIRECTION('',(0.,1.,0.));
#11085=DIRECTION('',(-0.707106781186548,0.707106781186547,0.));
#11086=DIRECTION('',(0.,0.,1.));
#11087=DIRECTION('',(0.,1.,0.));
#11088=DIRECTION('',(0.707106781186548,0.707106781186548,0.));
#11089=DIRECTION('',(0.,0.,1.));
#11090=DIRECTION('',(0.,1.,0.));
#11091=DIRECTION('',(0.,0.,1.));
#11092=DIRECTION('',(0.,1.,0.));
#11093=DIRECTION('',(0.,1.,0.));
#11094=DIRECTION('',(0.,0.,1.));
#11095=DIRECTION('',(0.,1.,0.));
#11096=DIRECTION('',(-0.707106781186547,0.707106781186548,0.));
#11097=DIRECTION('',(0.707106781186548,0.707106781186548,0.));
#11098=DIRECTION('',(0.,0.,1.));
#11099=DIRECTION('',(0.,1.,0.));
#11100=DIRECTION('',(0.,0.,1.));
#11101=DIRECTION('',(0.,0.,1.));
#11102=DIRECTION('',(0.707106781186548,-0.707106781186548,0.));
#11103=DIRECTION('',(0.707106781186548,0.707106781186548,0.));
#11104=DIRECTION('',(0.707106781186548,0.707106781186548,0.));
#11105=DIRECTION('',(-0.707106781186548,0.707106781186548,0.));
#11106=DIRECTION('',(0.,0.,1.));
#11107=DIRECTION('',(0.,0.,1.));
#11108=DIRECTION('',(0.,1.,0.));
#11109=DIRECTION('',(0.,0.,1.));
#11110=DIRECTION('',(1.,0.,0.));
#11111=DIRECTION('',(0.,0.,-1.));
#11112=DIRECTION('',(0.707106781186548,0.,-0.707106781186548));
#11113=DIRECTION('',(0.,-1.,0.));
#11114=DIRECTION('',(0.707106781186544,0.,0.707106781186551));
#11115=DIRECTION('',(0.707106781186545,0.,0.70710678118655));
#11116=DIRECTION('',(0.,0.,1.));
#11117=DIRECTION('',(0.,1.,0.));
#11118=DIRECTION('',(0.5,0.5,0.707106781186549));
#11119=DIRECTION('',(0.,0.,1.));
#11120=DIRECTION('',(1.,0.,0.));
#11121=DIRECTION('',(0.,0.,1.));
#11122=DIRECTION('',(0.,1.,0.));
#11123=DIRECTION('',(0.,0.,1.));
#11124=DIRECTION('',(1.,0.,0.));
#11125=DIRECTION('',(0.5,-0.5,0.707106781186549));
#11126=DIRECTION('',(0.5,0.5,-0.707106781186546));
#11127=DIRECTION('',(0.707106781186548,-0.707106781186548,0.));
#11128=DIRECTION('',(-0.504353831314101,-0.495627129674278,-0.707093318572325));
#11129=DIRECTION('',(-0.707106781186548,0.707106781186548,0.));
#11130=DIRECTION('',(0.5,-0.5,-0.707106781186546));
#11131=DIRECTION('',(-0.707106781186547,-0.707106781186548,0.));
#11132=DIRECTION('',(0.707106781186547,0.707106781186548,-6.78786030792072E-16));
#11133=DIRECTION('',(-0.5043538313141,0.495627129674279,-0.707093318572325));
#11134=DIRECTION('',(0.707079856727016,0.707079856727016,-0.00872653549837395));
#11135=DIRECTION('',(-0.707106781186548,0.707106781186548,0.));
#11136=DIRECTION('',(0.0246776714222027,-0.0123407152618093,0.999619287168873));
#11137=DIRECTION('',(-0.707106781186548,0.707106781186548,0.));
#11138=DIRECTION('',(0.00617059242716535,0.00617059242716536,0.999961923064171));
#11139=DIRECTION('',(0.,-0.999961923064171,-0.00872653549837396));
#11140=DIRECTION('',(0.,-0.00872653549837396,0.999961923064171));
#11141=DIRECTION('',(1.,0.,0.));
#11142=DIRECTION('',(-0.00278498408664991,0.00872650165620887,-0.999958045136135));
#11143=DIRECTION('',(0.,0.,1.));
#11144=DIRECTION('',(0.,-1.,0.));
#11145=DIRECTION('',(0.,0.,-1.));
#11146=DIRECTION('',(-1.,0.,0.));
#11147=DIRECTION('',(-0.00278498408665889,-0.0087265016562099,-0.999958045136135));
#11148=DIRECTION('',(0.,0.,-1.));
#11149=DIRECTION('',(-1.,0.,0.));
#11150=DIRECTION('',(0.,0.,-1.));
#11151=DIRECTION('',(-1.,0.,0.));
#11152=DIRECTION('',(0.,0.999961923064171,-0.00872653549837396));
#11153=DIRECTION('',(0.,-0.00872653549837396,-0.999961923064171));
#11154=DIRECTION('',(-1.,0.,0.));
#11155=DIRECTION('',(0.707079856727016,-0.707079856727017,-0.00872653549837395));
#11156=DIRECTION('',(0.707106781186548,0.707106781186547,0.));
#11157=DIRECTION('',(0.707106781186548,0.707106781186547,0.));
#11158=DIRECTION('',(0.0246776714222027,0.0123407152618093,0.999619287168873));
#11159=DIRECTION('',(0.00617059242716535,-0.00617059242716535,0.999961923064171));
#11160=DIRECTION('',(0.813886440841095,0.,0.581023976626623));
#11161=DIRECTION('',(0.581023976626623,0.,-0.813886440841095));
#11162=DIRECTION('',(0.,-1.,0.));
#11163=DIRECTION('',(0.,0.,1.));
#11164=DIRECTION('',(0.,1.,0.));
#11165=DIRECTION('',(0.,0.,-1.));
#11166=DIRECTION('',(0.,0.,1.));
#11167=DIRECTION('',(0.,1.,0.));
#11168=DIRECTION('',(0.,0.,1.));
#11169=DIRECTION('',(0.,0.,-1.));
#11170=DIRECTION('',(0.,-1.,0.));
#11171=DIRECTION('',(-0.999847695156378,9.7812158343757E-11,0.0174524064380594));
#11172=DIRECTION('',(0.000139134998703775,0.999968221131178,0.00797103313255028));
#11173=DIRECTION('',(0.0174524064372835,0.,0.999847695156391));
#11174=DIRECTION('',(0.,0.,-1.));
#11175=DIRECTION('',(-1.,0.,0.));
#11176=DIRECTION('',(-0.999847695156391,0.,0.0174524064372835));
#11177=DIRECTION('',(0.0174524064372835,0.,0.999847695156391));
#11178=DIRECTION('',(0.0174524064372835,0.,0.999847695156391));
#11179=DIRECTION('',(0.,1.,0.));
#11180=DIRECTION('',(0.0174524064372835,0.,0.999847695156391));
#11181=DIRECTION('',(0.,1.,0.));
#11182=DIRECTION('',(0.,0.,-1.));
#11183=DIRECTION('',(0.,-1.,0.));
#11184=DIRECTION('',(0.0174524064372835,0.,0.999847695156391));
#11185=DIRECTION('',(-0.999847695156379,-8.61502672094165E-11,0.0174524064379667));
#11186=DIRECTION('',(0.000138118417688691,-0.999968683817541,0.00791279391343371));
#11187=DIRECTION('',(0.,0.,-1.));
#11188=DIRECTION('',(-1.,0.,0.));
#11189=DIRECTION('',(-0.999847695156391,0.,0.0174524064372835));
#11190=DIRECTION('',(0.0174524064372835,0.,0.999847695156391));
#11191=DIRECTION('',(-0.0174524064372835,0.,-0.999847695156391));
#11192=DIRECTION('',(0.,-1.,0.));
#11193=DIRECTION('',(-0.0174524064372835,0.,-0.999847695156391));
#11194=DIRECTION('',(0.,-1.,0.));
#11195=DIRECTION('',(0.,1.,0.));
#11196=DIRECTION('',(0.,0.,-1.));
#11197=DIRECTION('',(-0.0174524064372835,0.,-0.999847695156391));
#11198=DIRECTION('',(-1.,0.,0.));
#11199=DIRECTION('',(0.0174524064372837,0.,0.999847695156391));
#11200=DIRECTION('',(0.999970886728404,0.,0.00763057636153819));
#11201=DIRECTION('',(1.,0.,0.));
#11202=DIRECTION('',(-0.00763057636153819,0.,0.999970886728404));
#11203=DIRECTION('',(0.999970886728404,0.,0.00763057636153819));
#11204=DIRECTION('',(0.999970886728404,0.,0.00763057636153819));
#11205=DIRECTION('',(0.,1.,0.));
#11206=DIRECTION('',(0.,0.,1.));
#11207=DIRECTION('',(0.,1.,0.));
#11208=DIRECTION('',(0.,0.,-1.));
#11209=DIRECTION('',(0.,1.,0.));
#11210=DIRECTION('',(0.,1.,0.));
#11211=DIRECTION('',(1.,0.,0.));
#11212=DIRECTION('',(0.,1.,0.));
#11213=DIRECTION('',(0.,1.,0.));
#11214=DIRECTION('',(0.,0.,-1.));
#11215=DIRECTION('',(1.,0.,0.));
#11216=DIRECTION('',(-0.0174524064372842,0.,-0.999847695156391));
#11217=DIRECTION('',(-1.,0.,0.));
#11218=DIRECTION('',(0.,0.,-1.));
#11219=DIRECTION('',(0.,-1.,0.));
#11220=DIRECTION('',(0.,1.,0.));
#11221=DIRECTION('',(0.,0.,-1.));
#11222=DIRECTION('',(-1.,0.,0.));
#11223=DIRECTION('',(0.,1.,0.));
#11224=DIRECTION('',(0.,0.,1.));
#11225=DIRECTION('',(0.,-1.,0.));
#11226=DIRECTION('',(-0.999847695156392,2.35775951200549E-12,0.0174524064372239));
#11227=DIRECTION('',(-0.000445970819005139,0.999673454899808,-0.0255496512443825));
#11228=DIRECTION('',(0.,0.,1.));
#11229=DIRECTION('',(0.,1.,0.));
#11230=DIRECTION('',(0.,0.,1.));
#11231=DIRECTION('',(0.,-1.,0.));
#11232=DIRECTION('',(0.,0.,1.));
#11233=DIRECTION('',(0.,1.,0.));
#11234=DIRECTION('',(0.0185098976592669,0.0185098976592669,0.999657324975557));
#11235=DIRECTION('',(0.,0.,-1.));
#11236=DIRECTION('',(-1.,0.,0.));
#11237=DIRECTION('',(0.706864473353021,0.706864473353021,-0.0261769483078732));
#11238=DIRECTION('',(-0.707106781186548,0.707106781186548,0.));
#11239=DIRECTION('',(-0.707106781186548,0.707106781186548,0.));
#11240=DIRECTION('',(0.707106781186548,-0.707106781186548,0.));
#11241=DIRECTION('',(0.707106781186548,0.707106781186548,0.));
#11242=DIRECTION('',(-0.707106781186548,0.707106781186548,0.));
#11243=DIRECTION('',(-0.707106781186548,0.707106781186548,0.));
#11244=DIRECTION('',(0.,0.,1.));
#11245=DIRECTION('',(0.707106781186548,-0.707106781186548,0.));
#11246=DIRECTION('',(0.707106781186548,0.707106781186548,0.));
#11247=DIRECTION('',(0.,0.,1.));
#11248=DIRECTION('',(0.707106781186547,0.707106781186548,0.));
#11249=DIRECTION('',(0.707106781186547,0.707106781186548,0.));
#11250=DIRECTION('',(0.706864473353021,-0.706864473353021,-0.0261769483078732));
#11251=DIRECTION('',(0.707106781186547,0.707106781186548,0.));
#11252=DIRECTION('',(0.0185098976592669,-0.0185098976592669,0.999657324975557));
#11253=DIRECTION('',(0.707106781186548,0.707106781186548,0.));
#11254=DIRECTION('',(-0.0308435678159296,0.00617059307108745,-0.999505176627683));
#11255=DIRECTION('',(0.,0.,1.));
#11256=DIRECTION('',(0.,-1.,0.));
#11257=DIRECTION('',(0.,0.,-1.));
#11258=DIRECTION('',(-1.,0.,0.));
#11259=DIRECTION('',(0.,0.,1.));
#11260=DIRECTION('',(0.,1.,0.));
#11261=DIRECTION('',(0.,0.,-1.));
#11262=DIRECTION('',(0.,-1.,0.));
#11263=DIRECTION('',(1.,0.,0.));
#11264=DIRECTION('',(0.,-1.,0.));
#11265=DIRECTION('',(0.,0.,-1.));
#11266=DIRECTION('',(-1.,0.,0.));
#11267=DIRECTION('',(0.,-1.,0.));
#11268=DIRECTION('',(0.,-1.,0.));
#11269=DIRECTION('',(0.,0.,1.));
#11270=DIRECTION('',(-0.0174524064372837,0.,-0.999847695156391));
#11271=DIRECTION('',(1.,0.,0.));
#11272=DIRECTION('',(-0.999970886728404,0.,-0.00763057636153819));
#11273=DIRECTION('',(-1.,0.,0.));
#11274=DIRECTION('',(0.,0.,1.));
#11275=DIRECTION('',(0.,-1.,0.));
#11276=DIRECTION('',(-0.99984769515639,2.61403771992061E-12,0.017452406437349));
#11277=DIRECTION('',(-0.000448332722961481,-0.99966998634764,-0.0256849643464493));
#11278=DIRECTION('',(0.,0.,1.));
#11279=DIRECTION('',(0.,1.,0.));
#11280=DIRECTION('',(0.,0.,1.));
#11281=DIRECTION('',(0.,1.,0.));
#11282=DIRECTION('',(0.,-1.,0.));
#11283=DIRECTION('',(0.,-1.,0.));
#11284=DIRECTION('',(0.,0.,1.));
#11285=DIRECTION('',(0.,1.,0.));
#11286=DIRECTION('',(-0.00763057636153819,0.,0.999970886728404));
#11287=DIRECTION('',(0.999970886728404,0.,0.00763057636153819));
#11288=DIRECTION('',(0.,-1.,0.));
#11289=DIRECTION('',(-0.999970886728404,0.,-0.00763057636153819));
#11290=DIRECTION('',(0.,-1.,0.));
#11291=DIRECTION('',(0.,0.,1.));
#11292=DIRECTION('',(-1.,0.,0.));
#11293=DIRECTION('',(-0.0174524064372838,0.,-0.999847695156391));
#11294=DIRECTION('',(1.,0.,0.));
#11295=DIRECTION('',(0.0174524064372835,0.,0.999847695156391));
#11296=DIRECTION('',(0.,0.,-1.));
#11297=DIRECTION('',(0.,-1.,0.));
#11298=DIRECTION('',(-0.965712381534773,-0.259614321928582,0.));
#11299=DIRECTION('',(-4.1011178720719E-14,-1.,0.));
#11300=DIRECTION('',(0.965712381321336,0.259614322722524,0.));
#11301=DIRECTION('',(0.,1.,0.));
#11302=DIRECTION('',(0.,1.,0.));
#11303=DIRECTION('',(-0.965016987007199,-0.262187365804586,0.));
#11304=DIRECTION('',(-4.1011178720719E-14,-1.,0.));
#11305=DIRECTION('',(0.96616382095764,0.257929197789886,0.));
#11306=DIRECTION('',(0.,1.,0.));
#11307=DIRECTION('',(-0.966431896110357,-0.256922926537396,0.));
#11308=DIRECTION('',(0.732417281098343,-0.680856024684008,0.));
#11309=DIRECTION('',(0.,1.,0.));
#11310=DIRECTION('',(-0.728699251622786,0.684833848962207,0.));
#11311=DIRECTION('',(-0.580993837978844,-0.813907955625581,0.));
#11312=DIRECTION('',(-2.13361244151633E-14,-1.,0.));
#11313=DIRECTION('',(0.561387467742106,0.82755308655222,0.));
#11314=DIRECTION('',(-0.714213801101256,0.699927600767748,0.));
#11315=DIRECTION('',(0.,-1.,0.));
#11316=DIRECTION('',(0.739722158979084,-0.672912421876222,0.));
#11317=DIRECTION('',(0.541592167734072,0.840641376479357,0.));
#11318=DIRECTION('',(0.,1.,0.));
#11319=DIRECTION('',(-0.542313981203404,-0.840175901696373,0.));
#11320=DIRECTION('',(-0.708520666530702,-0.705690063058061,0.));
#11321=DIRECTION('',(-4.1011178720719E-14,-1.,0.));
#11322=DIRECTION('',(0.702028073921072,0.712149270466993,0.));
#11323=DIRECTION('',(-0.902059787791749,0.431611097226549,0.));
#11324=DIRECTION('',(-4.1011178720719E-14,-1.,0.));
#11325=DIRECTION('',(0.917570808322996,-0.397572398077989,0.));
#11326=DIRECTION('',(0.00427346525082491,-0.999990868705685,0.));
#11327=DIRECTION('',(0.,-1.,0.));
#11328=DIRECTION('',(0.965272909098936,0.261243585490012,0.));
#11329=DIRECTION('',(1.76864638776927E-14,1.,0.));
#11330=DIRECTION('',(-0.965272909098959,-0.261243585489927,0.));
#11331=DIRECTION('',(0.,-1.,0.));
#11332=DIRECTION('',(-0.96618652701187,-0.257844129312149,0.));
#11333=DIRECTION('',(-4.1011178720719E-14,-1.,0.));
#11334=DIRECTION('',(0.966186527011819,0.257844129312343,0.));
#11335=DIRECTION('',(-0.965014202450153,-0.262197614538147,0.));
#11336=DIRECTION('',(0.,-1.,0.));
#11337=DIRECTION('',(0.965925826289155,0.258819045102196,0.));
#11338=DIRECTION('',(0.,1.,0.));
#11339=DIRECTION('',(-0.965925826289112,-0.258819045102356,0.));
#11340=DIRECTION('',(0.,-1.,0.));
#11341=DIRECTION('',(0.,0.,-1.));
#11342=DIRECTION('',(0.,-1.,0.));
#11343=DIRECTION('',(-0.966742296560357,-0.255752481984449,0.));
#11344=DIRECTION('',(0.,1.,0.));
#11345=DIRECTION('',(-0.966959254350831,-0.254930971883145,0.));
#11346=DIRECTION('',(0.,-1.,0.));
#11347=DIRECTION('',(0.961416854383059,0.275095678097974,0.));
#11348=DIRECTION('',(0.,1.,0.));
#11349=DIRECTION('',(-0.961416854383072,-0.275095678097927,0.));
#11350=DIRECTION('',(0.80508456530934,-0.593160048132602,0.));
#11351=DIRECTION('',(-0.965925826289115,-0.258819045102346,0.));
#11352=DIRECTION('',(-4.1011178720719E-14,-1.,0.));
#11353=DIRECTION('',(0.965925826289115,0.258819045102345,0.));
#11354=DIRECTION('',(-0.803043289291607,0.595920695666559,0.));
#11355=DIRECTION('',(0.,1.,0.));
#11356=DIRECTION('',(0.,1.,0.));
#11357=DIRECTION('',(0.,-1.,0.));
#11358=DIRECTION('',(-0.999847695156391,0.,0.0174524064372838));
#11359=DIRECTION('',(0.0174524064372838,0.,0.999847695156391));
#11360=DIRECTION('',(-0.999847695156392,7.93791470971917E-13,0.0174524064372628));
#11361=DIRECTION('',(-0.000446141238102664,0.999673205247867,-0.0255594144582998));
#11362=DIRECTION('',(0.,1.,0.));
#11363=DIRECTION('',(0.,0.,1.));
#11364=DIRECTION('',(0.,-1.,0.));
#11365=DIRECTION('',(0.,0.,1.));
#11366=DIRECTION('',(0.,1.,0.));
#11367=DIRECTION('',(0.999847695156391,3.48533763570218E-13,-0.0174524064372923));
#11368=DIRECTION('',(-0.000448236039697986,0.999670128687787,-0.0256794254958442));
#11369=DIRECTION('',(0.999847695156391,0.,-0.0174524064372837));
#11370=DIRECTION('',(-0.0174524064372837,0.,-0.999847695156391));
#11371=DIRECTION('',(0.,1.,0.));
#11372=DIRECTION('',(0.,0.,1.));
#11373=DIRECTION('',(0.,1.,0.));
#11374=DIRECTION('',(0.,0.,1.));
#11375=DIRECTION('',(0.,1.,0.));
#11376=DIRECTION('',(0.,0.,1.));
#11377=DIRECTION('',(0.,1.,0.));
#11378=DIRECTION('',(0.,0.,1.));
#11379=DIRECTION('',(0.,1.,0.));
#11380=DIRECTION('',(0.,0.,1.));
#11381=DIRECTION('',(0.,1.,0.));
#11382=DIRECTION('',(0.,0.,1.));
#11383=DIRECTION('',(0.,1.,0.));
#11384=DIRECTION('',(0.,0.,1.));
#11385=DIRECTION('',(0.,1.,0.));
#11386=DIRECTION('',(0.,0.,1.));
#11387=DIRECTION('',(0.,1.,0.));
#11388=DIRECTION('',(0.999847695156391,0.,-0.0174524064372837));
#11389=DIRECTION('',(-0.0174524064372837,0.,-0.999847695156391));
#11390=DIRECTION('',(0.,-1.,0.));
#11391=DIRECTION('',(0.999847695156391,-1.09539182840833E-12,-0.0174524064373119));
#11392=DIRECTION('',(-0.000445804641360023,-0.999673698253702,-0.0255401307355446));
#11393=DIRECTION('',(0.,0.,1.));
#11394=DIRECTION('',(0.,-1.,0.));
#11395=DIRECTION('',(-0.999847695156392,-1.1906872064457E-12,0.0174524064372534));
#11396=DIRECTION('',(-0.00044858138693403,-0.99966962010141,-0.0256992105139701));
#11397=DIRECTION('',(0.,0.,1.));
#11398=DIRECTION('',(0.,1.,0.));
#11399=DIRECTION('',(-0.999847695156391,0.,0.0174524064372838));
#11400=DIRECTION('',(0.0174524064372838,0.,0.999847695156391));
#11401=DIRECTION('',(0.,-1.,0.));
#11402=DIRECTION('',(0.,0.,-1.));
#11403=DIRECTION('',(0.,-1.,0.));
#11404=DIRECTION('',(0.,1.,0.));
#11405=DIRECTION('',(0.,0.,1.));
#11406=DIRECTION('',(0.,1.,0.));
#11407=DIRECTION('',(0.,1.,0.));
#11408=DIRECTION('',(0.,-1.,0.));
#11409=DIRECTION('',(0.,0.,1.));
#11410=DIRECTION('',(0.,1.,0.));
#11411=DIRECTION('',(0.,-1.,0.));
#11412=DIRECTION('',(0.707106781186548,-0.707106781186548,0.));
#11413=DIRECTION('',(0.,0.,1.));
#11414=DIRECTION('',(0.,-1.,0.));
#11415=DIRECTION('',(0.,0.,-1.));
#11416=DIRECTION('',(0.,-1.,0.));
#11417=DIRECTION('',(0.,0.,-1.));
#11418=DIRECTION('',(0.,0.,-1.));
#11419=DIRECTION('',(0.,0.,-1.));
#11420=DIRECTION('',(0.,0.,-1.));
#11421=DIRECTION('',(0.,-1.,0.));
#11422=DIRECTION('',(0.,0.,-1.));
#11423=DIRECTION('',(0.,0.,-1.));
#11424=DIRECTION('',(0.,0.,-1.));
#11425=DIRECTION('',(0.,-1.,0.));
#11426=DIRECTION('',(0.,0.,-1.));
#11427=DIRECTION('',(0.,0.,-1.));
#11428=DIRECTION('',(0.,0.,-1.));
#11429=DIRECTION('',(0.,-1.,0.));
#11430=DIRECTION('',(0.,0.,-1.));
#11431=DIRECTION('',(0.,0.,-1.));
#11432=DIRECTION('',(0.,0.,-1.));
#11433=DIRECTION('',(0.,-1.,0.));
#11434=DIRECTION('',(0.,0.,-1.));
#11435=DIRECTION('',(0.,0.,-1.));
#11436=DIRECTION('',(0.,0.,-1.));
#11437=DIRECTION('',(0.,-1.,0.));
#11438=DIRECTION('',(0.,0.,-1.));
#11439=DIRECTION('',(0.,0.,-1.));
#11440=DIRECTION('',(0.,0.,-1.));
#11441=DIRECTION('',(0.,-1.,0.));
#11442=DIRECTION('',(0.,0.,-1.));
#11443=DIRECTION('',(0.,0.,-1.));
#11444=DIRECTION('',(0.,0.,-1.));
#11445=DIRECTION('',(0.,-1.,0.));
#11446=DIRECTION('',(0.,0.,-1.));
#11447=DIRECTION('',(0.,0.,-1.));
#11448=DIRECTION('',(0.,0.,-1.));
#11449=DIRECTION('',(0.,-1.,0.));
#11450=DIRECTION('',(0.,0.,-1.));
#11451=DIRECTION('',(0.,0.,-1.));
#11452=DIRECTION('',(0.,0.,-1.));
#11453=DIRECTION('',(0.,-1.,0.));
#11454=DIRECTION('',(0.,0.,-1.));
#11455=DIRECTION('',(0.,0.,-1.));
#11456=DIRECTION('',(0.,0.,-1.));
#11457=DIRECTION('',(0.,-1.,0.));
#11458=DIRECTION('',(0.,0.,-1.));
#11459=DIRECTION('',(0.,0.,-1.));
#11460=DIRECTION('',(0.,0.,-1.));
#11461=DIRECTION('',(0.,-1.,0.));
#11462=DIRECTION('',(0.,0.,-1.));
#11463=DIRECTION('',(0.,0.,-1.));
#11464=DIRECTION('',(0.,0.,-1.));
#11465=DIRECTION('',(0.,-1.,0.));
#11466=DIRECTION('',(0.,0.,-1.));
#11467=DIRECTION('',(0.,0.,-1.));
#11468=DIRECTION('',(0.,0.,-1.));
#11469=DIRECTION('',(0.,-1.,0.));
#11470=DIRECTION('',(0.,0.,-1.));
#11471=DIRECTION('',(0.,0.,-1.));
#11472=DIRECTION('',(0.,0.,-1.));
#11473=DIRECTION('',(0.,-1.,0.));
#11474=DIRECTION('',(0.,0.,-1.));
#11475=DIRECTION('',(0.,1.,0.));
#11476=DIRECTION('',(0.,0.,-1.));
#11477=DIRECTION('',(0.0729336326732343,0.997336780997397,-0.000174627709504962));
#11478=DIRECTION('',(-0.92399133172877,0.0676359007869129,0.376384648750233));
#11479=DIRECTION('',(0.,1.,0.));
#11480=DIRECTION('',(-0.0729757601246062,-0.997333699372329,0.000174729909058684));
#11481=DIRECTION('',(-0.881948329213511,0.0646147126987021,0.466896223480509));
#11482=DIRECTION('',(0.,1.,0.));
#11483=DIRECTION('',(1.,0.,0.));
#11484=DIRECTION('',(0.,0.,-1.));
#11485=DIRECTION('',(0.,0.,-1.));
#11486=DIRECTION('',(0.,1.,0.));
#11487=DIRECTION('',(0.,0.,1.));
#11488=DIRECTION('',(0.174691225076288,0.,-0.984623265965895));
#11489=DIRECTION('',(-0.984623265965895,0.,-0.174691225076288));
#11490=DIRECTION('',(-0.174691225076288,0.,0.984623265965895));
#11491=DIRECTION('',(0.984623265965895,0.,0.174691225076288));
#11492=DIRECTION('',(0.174691225076288,0.,-0.984623265965895));
#11493=DIRECTION('',(0.984623265965895,0.,0.174691225076288));
#11494=DIRECTION('',(0.,0.,1.));
#11495=DIRECTION('',(0.,1.,0.));
#11496=DIRECTION('',(1.,0.,0.));
#11497=DIRECTION('',(0.,0.,-1.));
#11498=DIRECTION('',(0.,0.,1.));
#11499=DIRECTION('',(0.,-1.,0.));
#11500=DIRECTION('',(0.,0.,-1.));
#11501=DIRECTION('',(0.,-1.,0.));
#11502=DIRECTION('',(0.174691225076288,0.,0.984623265965895));
#11503=DIRECTION('',(0.984623265965895,0.,-0.174691225076288));
#11504=DIRECTION('',(-0.174691225076288,0.,-0.984623265965895));
#11505=DIRECTION('',(-0.984623265965895,0.,0.174691225076288));
#11506=DIRECTION('',(0.,-1.,0.));
#11507=DIRECTION('',(0.174691225076288,0.,0.984623265965895));
#11508=DIRECTION('',(-0.984623265965895,0.,0.174691225076288));
#11509=DIRECTION('',(0.,-1.,0.));
#11510=DIRECTION('',(0.,0.,1.));
#11511=DIRECTION('',(0.0729336335843245,-0.997336780930696,0.000174628134617931));
#11512=DIRECTION('',(-0.923991331651913,-0.0676359017903379,-0.376384648758597));
#11513=DIRECTION('',(-0.0729757601473539,0.997333699370663,-0.000174729919680857));
#11514=DIRECTION('',(-0.881948329212192,-0.0646147127237904,-0.466896223479527));
#11515=DIRECTION('',(0.,0.,1.));
#11516=DIRECTION('',(0.,1.,0.));
#11517=DIRECTION('',(0.275053779693744,-0.961270425939409,-0.0174524064372835));
#11518=DIRECTION('',(0.961416854383059,0.275095678097974,0.));
#11519=DIRECTION('',(-0.0387669724177385,0.00704884984315919,-0.999223416241559));
#11520=DIRECTION('',(0.961416854383059,0.275095678097974,0.));
#11521=DIRECTION('',(-0.0174508956007518,0.0131579029266797,-0.999761139389456));
#11522=DIRECTION('',(0.999847695156391,0.,-0.0174524064372835));
#11523=DIRECTION('',(-0.0174524064372835,0.,-0.999847695156391));
#11524=DIRECTION('',(0.,1.,0.));
#11525=DIRECTION('',(-0.0174477331381797,-0.0231403568760763,-0.999579962030045));
#11526=DIRECTION('',(-0.275053779693696,0.961270425939423,-0.0174524064372835));
#11527=DIRECTION('',(-0.961416854383072,-0.275095678097927,0.));
#11528=DIRECTION('',(-0.961416854383072,-0.275095678097927,0.));
#11529=DIRECTION('',(0.00495705570528387,-0.016734407695945,-0.999847681998514));
#11530=DIRECTION('',(0.0174491854428244,-0.000335287688474,-0.999847695156391));
#11531=DIRECTION('',(0.0105480434079358,0.0139062757716465,-0.999847665534319));
#11532=DIRECTION('',(-0.593069706984236,-0.804961947030529,-0.0174524064372835));
#11533=DIRECTION('',(0.80508456530934,-0.593160048132602,0.));
#11534=DIRECTION('',(0.80508456530934,-0.593160048132602,0.));
#11535=DIRECTION('',(0.0395332008124082,-0.00746329331285704,-0.999190384904925));
#11536=DIRECTION('',(-0.258779625708158,0.965778711107205,-0.0174524064372835));
#11537=DIRECTION('',(-0.965925826289115,-0.258819045102346,0.));
#11538=DIRECTION('',(-0.965925826289115,-0.258819045102346,0.));
#11539=DIRECTION('',(0.0174508417105703,-0.0133905018074726,-0.999758052023057));
#11540=DIRECTION('',(-0.999847695156391,4.10049325195577E-14,-0.0174524064372835));
#11541=DIRECTION('',(-0.0174524064372835,0.,0.999847695156391));
#11542=DIRECTION('',(-4.1011178720719E-14,-1.,0.));
#11543=DIRECTION('',(0.0174478940480451,0.0227385382260522,-0.999589180550005));
#11544=DIRECTION('',(0.258779625708157,-0.965778711107205,-0.0174524064372835));
#11545=DIRECTION('',(0.965925826289115,0.258819045102345,0.));
#11546=DIRECTION('',(0.965925826289115,0.258819045102345,0.));
#11547=DIRECTION('',(-0.00451701516883575,0.0168577301086666,-0.999847695156391));
#11548=DIRECTION('',(-0.0174524064372843,1.36082039371123E-09,-0.999847695156391));
#11549=DIRECTION('',(-0.0105259138331672,-0.0139217853865461,-0.999847682914567));
#11550=DIRECTION('',(0.595829934058203,0.802920981909021,-0.0174524064372835));
#11551=DIRECTION('',(-0.803043289291607,0.595920695666559,0.));
#11552=DIRECTION('',(-0.803043289291607,0.595920695666559,0.));
#11553=DIRECTION('',(0.,0.,1.));
#11554=DIRECTION('',(0.,1.,0.));
#11555=DIRECTION('',(-0.26215768057147,0.964867226112969,-0.0174524064372835));
#11556=DIRECTION('',(-0.965014202450153,-0.262197614538147,0.));
#11557=DIRECTION('',(0.017450853010917,-0.0133420637200039,-0.999758699419456));
#11558=DIRECTION('',(-0.965014202450153,-0.262197614538147,0.));
#11559=DIRECTION('',(0.017450853010917,-0.0133420637200039,-0.999758699419456));
#11560=DIRECTION('',(-0.999847695156391,0.,-0.0174524064372835));
#11561=DIRECTION('',(-0.0174524064372835,0.,0.999847695156391));
#11562=DIRECTION('',(0.,-1.,0.));
#11563=DIRECTION('',(0.0174478940480442,0.0227385382260483,-0.999589180550005));
#11564=DIRECTION('',(0.258779625708009,-0.965778711107245,-0.0174524064372835));
#11565=DIRECTION('',(0.965925826289155,0.258819045102196,0.));
#11566=DIRECTION('',(0.965925826289155,0.258819045102196,0.));
#11567=DIRECTION('',(-0.00451701516883315,0.0168577301086673,-0.999847695156391));
#11568=DIRECTION('',(-0.0174524064372839,3.5516091309767E-09,-0.999847695156391));
#11569=DIRECTION('',(0.999847695156391,0.,-0.0174524064372835));
#11570=DIRECTION('',(-0.0174524064372835,0.,-0.999847695156391));
#11571=DIRECTION('',(0.,1.,0.));
#11572=DIRECTION('',(-0.0174478940480442,-0.0227385382260522,-0.999589180550005));
#11573=DIRECTION('',(-0.258779625708169,0.965778711107202,-0.0174524064372835));
#11574=DIRECTION('',(-0.965925826289112,-0.258819045102356,0.));
#11575=DIRECTION('',(-0.965925826289113,-0.258819045102356,0.));
#11576=DIRECTION('',(0.0174508417105709,-0.0133905018074723,-0.999758052023057));
#11577=DIRECTION('',(-0.999847695156391,0.,-0.0174524064372835));
#11578=DIRECTION('',(-0.0174524064372835,0.,0.999847695156391));
#11579=DIRECTION('',(0.,-1.,0.));
#11580=DIRECTION('',(0.,0.,1.));
#11581=DIRECTION('',(-0.788116532833831,0.615526060109547,0.));
#11582=DIRECTION('',(0.,0.,1.));
#11583=DIRECTION('',(0.,1.,0.));
#11584=DIRECTION('',(-0.255713529642678,0.96659505702607,-0.0174524064372835));
#11585=DIRECTION('',(-0.966742296560357,-0.255752481984449,0.));
#11586=DIRECTION('',(-0.966742296560358,-0.255752481984449,0.));
#11587=DIRECTION('',(-0.0174479235764778,-0.0226640268193429,-0.999590872232836));
#11588=DIRECTION('',(0.999847695156391,0.,-0.0174524064372835));
#11589=DIRECTION('',(-0.0174524064372835,0.,-0.999847695156391));
#11590=DIRECTION('',(0.,1.,0.));
#11591=DIRECTION('',(-0.0174479314456772,-0.0226441284552099,-0.999591323058964));
#11592=DIRECTION('',(-0.254892144661341,0.966811981772821,-0.0174524064372835));
#11593=DIRECTION('',(-0.966959254350831,-0.254930971883145,0.));
#11594=DIRECTION('',(-0.966959254350831,-0.254930971883145,0.));
#11595=DIRECTION('',(0.0174508286308058,-0.0134463493361126,-0.999757302683821));
#11596=DIRECTION('',(-0.999847695156391,0.,-0.0174524064372835));
#11597=DIRECTION('',(-0.0174524064372835,0.,0.999847695156391));
#11598=DIRECTION('',(0.,-1.,0.));
#11599=DIRECTION('',(0.,0.,1.));
#11600=DIRECTION('',(0.,1.,0.));
#11601=DIRECTION('',(-0.999847695156391,0.,-0.0174524064372835));
#11602=DIRECTION('',(-0.0174524064372835,0.,0.999847695156391));
#11603=DIRECTION('',(0.0174479034621077,0.0227148095373433,-0.999589719881342));
#11604=DIRECTION('',(0.,-1.,0.));
#11605=DIRECTION('',(0.0174478705283281,0.0227977130372966,-0.999587833106374));
#11606=DIRECTION('',(0.26120379682658,-0.965125893359476,-0.0174524064372835));
#11607=DIRECTION('',(0.965272909098936,0.261243585490012,0.));
#11608=DIRECTION('',(0.965272909098936,0.261243585490011,0.));
#11609=DIRECTION('',(-0.017450849826095,0.013355733001678,-0.999758516961138));
#11610=DIRECTION('',(0.999847695156391,-1.76837701435778E-14,-0.0174524064372835));
#11611=DIRECTION('',(-0.0174524064372835,0.,-0.999847695156391));
#11612=DIRECTION('',(1.76864638776927E-14,1.,0.));
#11613=DIRECTION('',(-0.0174478705283285,-0.0227977130372947,-0.999587833106374));
#11614=DIRECTION('',(-0.261203796826495,0.965125893359499,-0.0174524064372835));
#11615=DIRECTION('',(-0.965272909098959,-0.261243585489927,0.));
#11616=DIRECTION('',(-0.965272909098959,-0.261243585489927,0.));
#11617=DIRECTION('',(0.0174508498260952,-0.0133557330016792,-0.999758516961139));
#11618=DIRECTION('',(-0.999847695156391,0.,-0.0174524064372835));
#11619=DIRECTION('',(-0.0174524064372835,0.,0.999847695156391));
#11620=DIRECTION('',(0.,-1.,0.));
#11621=DIRECTION('',(0.0174508384384752,-0.0134044947155224,-0.999757864564824));
#11622=DIRECTION('',(-0.257804858402359,0.966039372123977,-0.0174524064372835));
#11623=DIRECTION('',(-0.96618652701187,-0.257844129312149,0.));
#11624=DIRECTION('',(-0.96618652701187,-0.257844129312149,0.));
#11625=DIRECTION('',(0.0174508384384747,-0.0134044947155226,-0.999757864564824));
#11626=DIRECTION('',(-0.999847695156391,4.10049325195577E-14,-0.0174524064372835));
#11627=DIRECTION('',(-0.0174524064372835,0.,0.999847695156391));
#11628=DIRECTION('',(-4.1011178720719E-14,-1.,0.));
#11629=DIRECTION('',(0.0174479034621086,0.0227148095373435,-0.999589719881342));
#11630=DIRECTION('',(0.257804858402553,-0.966039372123925,-0.0174524064372835));
#11631=DIRECTION('',(0.966186527011819,0.257844129312343,0.));
#11632=DIRECTION('',(0.966186527011819,0.257844129312343,0.));
#11633=DIRECTION('',(0.,0.,1.));
#11634=DIRECTION('',(0.,1.,0.));
#11635=DIRECTION('',(-0.70558258304337,0.708412755401393,-0.0174524064372835));
#11636=DIRECTION('',(-0.708520666530702,-0.705690063058061,0.));
#11637=DIRECTION('',(0.0174829495962552,-0.00721841822464911,-0.999821104454066));
#11638=DIRECTION('',(-0.708520666530702,-0.705690063058061,0.));
#11639=DIRECTION('',(0.0174519478482677,-0.0072493039559283,-0.999821422609286));
#11640=DIRECTION('',(-0.999847695156391,4.10049325195577E-14,-0.0174524064372835));
#11641=DIRECTION('',(-0.0174524064372835,0.,0.999847695156391));
#11642=DIRECTION('',(-4.1011178720719E-14,-1.,0.));
#11643=DIRECTION('',(0.0174366186730221,0.0425254986936331,-0.99894321474752));
#11644=DIRECTION('',(0.712040806683729,-0.701921151645064,-0.0174524064372835));
#11645=DIRECTION('',(0.702028073921072,0.712149270466993,0.));
#11646=DIRECTION('',(0.702028073921072,0.712149270466993,0.));
#11647=DIRECTION('',(-0.0124963991569507,0.0121834227587682,-0.999847690509905));
#11648=DIRECTION('',(-0.0174521874168393,8.74346591292271E-05,-0.999847695156391));
#11649=DIRECTION('',(-0.00750413782763761,-0.015756725735891,-0.999847695156391));
#11650=DIRECTION('',(0.431545360765886,0.901922399716843,-0.0174524064372835));
#11651=DIRECTION('',(-0.902059787791749,0.431611097226549,0.));
#11652=DIRECTION('',(-0.902059787791749,0.431611097226549,0.));
#11653=DIRECTION('',(0.0174457158285806,-0.0276871674331014,-0.99946439044058));
#11654=DIRECTION('',(-0.999847695156391,4.10049325195577E-14,-0.0174524064372835));
#11655=DIRECTION('',(-0.0174524064372835,0.,0.999847695156391));
#11656=DIRECTION('',(-4.1011178720719E-14,-1.,0.));
#11657=DIRECTION('',(0.0174512608617111,0.0114575585187261,-0.99978206517577));
#11658=DIRECTION('',(-0.397511845876076,-0.917431057844535,-0.0174524064372835));
#11659=DIRECTION('',(0.917570808322996,-0.397572398077989,0.));
#11660=DIRECTION('',(0.917570808322997,-0.397572398077989,0.));
#11661=DIRECTION('',(0.0174023763536876,0.0114787511732065,-0.999782674169116));
#11662=DIRECTION('',(-0.999838565252816,-0.00427281438136821,-0.0174524064372835));
#11663=DIRECTION('',(-0.0174525657532575,0.,0.999847692375508));
#11664=DIRECTION('',(0.00427346525082491,-0.999990868705685,0.));
#11665=DIRECTION('',(0.,0.,1.));
#11666=DIRECTION('',(0.,1.,0.));
#11667=DIRECTION('',(0.708781540793112,0.70542804553756,0.));
#11668=DIRECTION('',(-0.908707591082714,0.417433244853175,0.));
#11669=DIRECTION('',(0.,-1.,0.));
#11670=DIRECTION('',(-0.705320605429407,0.708673589931389,-0.0174524064372835));
#11671=DIRECTION('',(-0.708781540793112,-0.70542804553756,0.));
#11672=DIRECTION('',(0.708781540793112,0.70542804553756,0.));
#11673=DIRECTION('',(0.0301208853831629,0.00536303967143263,-0.999531875464318));
#11674=DIRECTION('',(-0.0174370389080089,-0.0419559673514805,-0.998967289993883));
#11675=DIRECTION('',(-0.417369667748101,-0.908569190515168,-0.0174524064372835));
#11676=DIRECTION('',(0.908707591082714,-0.417433244853175,0.));
#11677=DIRECTION('',(-0.908707591082714,0.417433244853175,0.));
#11678=DIRECTION('',(-0.0174459431780976,0.0272127800968311,-0.999477415285622));
#11679=DIRECTION('',(0.999847695156391,0.,-0.0174524064372835));
#11680=DIRECTION('',(-0.0174524064372835,0.,-0.999847695156391));
#11681=DIRECTION('',(0.,-1.,0.));
#11682=DIRECTION('',(0.699820998403976,0.714105022879976,-0.0174524064372835));
#11683=DIRECTION('',(-0.714213801101256,0.699927600767748,0.));
#11684=DIRECTION('',(0.00306169794637885,-0.0274306961665653,-0.999619018883446));
#11685=DIRECTION('',(-0.714213801101256,0.699927600767748,0.));
#11686=DIRECTION('',(0.0174373688297205,-0.0415033488749493,-0.998986191196085));
#11687=DIRECTION('',(-0.999847695156391,0.,-0.0174524064372835));
#11688=DIRECTION('',(-0.0174524064372835,0.,0.999847695156391));
#11689=DIRECTION('',(0.,-1.,0.));
#11690=DIRECTION('',(0.0174518867914999,0.00771681004148948,-0.999817924669387));
#11691=DIRECTION('',(-0.672809934055046,-0.739609495711347,-0.0174524064372835));
#11692=DIRECTION('',(0.739722158979084,-0.672912421876222,0.));
#11693=DIRECTION('',(0.739722158979084,-0.672912421876222,0.));
#11694=DIRECTION('',(0.0119157762631509,0.0127536156489482,-0.999847668179471));
#11695=DIRECTION('',(1.51253873260251E-08,0.0174524064372758,-0.999847695156391));
#11696=DIRECTION('',(-0.0145228678514463,0.00968234489702354,-0.999847657649236));
#11697=DIRECTION('',(0.840513342725982,-0.541509680623666,-0.0174524064372835));
#11698=DIRECTION('',(0.541592167734072,0.840641376479357,0.));
#11699=DIRECTION('',(0.541592167734072,0.840641376479357,0.));
#11700=DIRECTION('',(-0.0174521763282016,0.00513514589536556,-0.999834512215918));
#11701=DIRECTION('',(0.999847695156391,0.,-0.0174524064372835));
#11702=DIRECTION('',(-0.0174524064372835,0.,-0.999847695156391));
#11703=DIRECTION('',(0.,1.,0.));
#11704=DIRECTION('',(-0.0174218844655507,-0.0591158131024108,-0.99809909256692));
#11705=DIRECTION('',(-0.840047938837062,0.54223138415731,-0.0174524064372835));
#11706=DIRECTION('',(-0.542313981203404,-0.840175901696373,0.));
#11707=DIRECTION('',(-0.542313981203404,-0.840175901696373,0.));
#11708=DIRECTION('',(0.,0.,1.));
#11709=DIRECTION('',(0.,1.,0.));
#11710=DIRECTION('',(-0.680752327013648,-0.732305730398889,-0.0174524064372835));
#11711=DIRECTION('',(0.732417281098343,-0.680856024684008,0.));
#11712=DIRECTION('',(-0.00301947658907793,0.0266304798488137,-0.999640785634595));
#11713=DIRECTION('',(0.732417281098343,-0.680856024684008,0.));
#11714=DIRECTION('',(-0.0174384248109385,0.0400201936258375,-0.999046688319552));
#11715=DIRECTION('',(0.999847695156391,0.,-0.0174524064372835));
#11716=DIRECTION('',(-0.0174524064372835,0.,-0.999847695156391));
#11717=DIRECTION('',(0.,1.,0.));
#11718=DIRECTION('',(-0.0174519092730351,-0.0075480399651768,-0.999819212635669));
#11719=DIRECTION('',(0.684729545449943,0.72858826719723,-0.0174524064372835));
#11720=DIRECTION('',(-0.728699251622786,0.684833848962207,0.));
#11721=DIRECTION('',(-0.728699251622786,0.684833848962207,0.));
#11722=DIRECTION('',(-0.0117158479377576,-0.0129394894571087,-0.999847642653464));
#11723=DIRECTION('',(-8.48098855370924E-09,-0.0174524064372817,-0.999847695156391));
#11724=DIRECTION('',(0.0141921819614314,-0.0101571876829044,-0.999847695156391));
#11725=DIRECTION('',(-0.813783993501687,0.580905349803213,-0.0174524064372835));
#11726=DIRECTION('',(-0.580993837978844,-0.813907955625581,0.));
#11727=DIRECTION('',(-0.580993837978844,-0.813907955625581,0.));
#11728=DIRECTION('',(0.0174521337666651,-0.00558990997672666,-0.999832073867128));
#11729=DIRECTION('',(-0.999847695156391,2.1332874820071E-14,-0.0174524064372835));
#11730=DIRECTION('',(-0.0174524064372835,0.,0.999847695156391));
#11731=DIRECTION('',(-2.13361244151633E-14,-1.,0.));
#11732=DIRECTION('',(0.0174243068021504,0.0567234708772127,-0.998237868137703));
#11733=DIRECTION('',(0.827427046208795,-0.561301965711628,-0.0174524064372835));
#11734=DIRECTION('',(0.561387467742106,0.82755308655222,0.));
#11735=DIRECTION('',(0.561387467742106,0.82755308655222,0.));
#11736=DIRECTION('',(0.,0.,1.));
#11737=DIRECTION('',(0.,1.,0.));
#11738=DIRECTION('',(0.999847695156391,0.,-0.0174524064372835));
#11739=DIRECTION('',(-0.0174524064372835,0.,-0.999847695156391));
#11740=DIRECTION('',(-0.0174479123348185,-0.0226924226343454,-0.999590228198606));
#11741=DIRECTION('',(0.,1.,0.));
#11742=DIRECTION('',(-0.0174478613312366,-0.0228208108552528,-0.999587306205353));
#11743=DIRECTION('',(-0.262147433398841,0.964870010245913,-0.0174524064372835));
#11744=DIRECTION('',(-0.965016987007199,-0.262187365804586,0.));
#11745=DIRECTION('',(-0.965016987007199,-0.262187365804586,0.));
#11746=DIRECTION('',(0.0174508529767288,-0.0133422105279704,-0.999758697460848));
#11747=DIRECTION('',(-0.999847695156391,4.10049325195577E-14,-0.0174524064372835));
#11748=DIRECTION('',(-0.0174524064372835,0.,0.999847695156391));
#11749=DIRECTION('',(-4.1011178720719E-14,-1.,0.));
#11750=DIRECTION('',(0.0174524064372835,0.,-0.999847695156391));
#11751=DIRECTION('',(-0.00424965452162916,0.0169291123389149,-0.999847661192375));
#11752=DIRECTION('',(0.257889913923755,-0.966016669527988,-0.0174524064372835));
#11753=DIRECTION('',(0.96616382095764,0.257929197789886,0.));
#11754=DIRECTION('',(0.96616382095764,0.257929197789886,0.));
#11755=DIRECTION('',(-0.0174508387241912,0.0134032734515606,-0.999757880933481));
#11756=DIRECTION('',(0.999847695156391,0.,-0.0174524064372835));
#11757=DIRECTION('',(-0.0174524064372835,0.,-0.999847695156391));
#11758=DIRECTION('',(0.,1.,0.));
#11759=DIRECTION('',(-0.0174479123348185,-0.0226924226343454,-0.999590228198606));
#11760=DIRECTION('',(-0.25688379593125,0.966284703851562,-0.0174524064372835));
#11761=DIRECTION('',(-0.966431896110357,-0.256922926537396,0.));
#11762=DIRECTION('',(-0.966431896110357,-0.256922926537396,0.));
#11763=DIRECTION('',(0.,0.,1.));
#11764=DIRECTION('',(0.,1.,0.));
#11765=DIRECTION('',(-0.0174524064372835,0.,-0.999847695156391));
#11766=DIRECTION('',(0.00434391429555757,-0.0169042709381545,-0.999847676415084));
#11767=DIRECTION('',(-0.259574781409882,0.965565298861532,-0.0174524064372835));
#11768=DIRECTION('',(-0.965712381534773,-0.259614321928582,0.));
#11769=DIRECTION('',(-0.965712381534773,-0.259614321928582,0.));
#11770=DIRECTION('',(0.00468895294489749,-0.0168115136293284,-0.999847681764463));
#11771=DIRECTION('',(0.0174523238052108,5.37052158177311E-05,-0.999847695156391));
#11772=DIRECTION('',(-0.999847695156391,4.10049325195577E-14,-0.0174524064372835));
#11773=DIRECTION('',(-0.0174524064372835,0.,0.999847695156391));
#11774=DIRECTION('',(-4.1011178720719E-14,-1.,0.));
#11775=DIRECTION('',(0.0174524064372835,0.,-0.999847695156391));
#11776=DIRECTION('',(-0.0045170144861186,0.0168577302915995,-0.999847695156391));
#11777=DIRECTION('',(0.259574782203704,-0.965565298648127,-0.0174524064372835));
#11778=DIRECTION('',(0.965712381321336,0.259614322722524,0.));
#11779=DIRECTION('',(0.965712381321336,0.259614322722524,0.));
#11780=DIRECTION('',(-0.0045308946770936,0.0168540049803369,-0.999847695156391));
#11781=DIRECTION('',(-0.017452406068046,-0.000205699093791764,-0.999847674003555));
#11782=DIRECTION('',(0.999847695156391,0.,-0.0174524064372835));
#11783=DIRECTION('',(-0.0174524064372835,0.,-0.999847695156391));
#11784=DIRECTION('',(0.,1.,0.));
#11785=DIRECTION('',(0.,0.,1.));
#11786=DIRECTION('',(0.,1.,0.));
#11787=DIRECTION('',(0.,-1.,0.));
#11788=DIRECTION('',(0.965758823257297,0.259441506510968,0.));
#11789=DIRECTION('',(-2.43904664137959E-14,1.,0.));
#11790=DIRECTION('',(-0.965758823257288,-0.259441506511003,0.));
#11791=DIRECTION('',(0.999847695156391,0.,-0.0174524064372835));
#11792=DIRECTION('',(-0.0174524064372835,0.,-0.999847695156391));
#11793=DIRECTION('',(0.,-1.,0.));
#11794=DIRECTION('',(-0.0174478880244232,-0.0227537081202103,-0.999588835456993));
#11795=DIRECTION('',(-0.0174508437970802,0.0133815713418904,-0.999758171559099));
#11796=DIRECTION('',(-0.259401992312893,0.965611733510757,-0.0174524064372835));
#11797=DIRECTION('',(-0.965758823257297,-0.259441506510968,0.));
#11798=DIRECTION('',(0.965758823257297,0.259441506510968,0.));
#11799=DIRECTION('',(0.0174508437970805,-0.0133815713418908,-0.999758171559099));
#11800=DIRECTION('',(-0.999847695156391,-2.43867516276232E-14,-0.0174524064372835));
#11801=DIRECTION('',(-0.0174524064372835,0.,0.999847695156391));
#11802=DIRECTION('',(-2.43904664137959E-14,1.,0.));
#11803=DIRECTION('',(0.0174478880244227,0.022753708120211,-0.999588835456993));
#11804=DIRECTION('',(0.259401992312928,-0.965611733510748,-0.0174524064372835));
#11805=DIRECTION('',(0.965758823257288,0.259441506511003,0.));
#11806=DIRECTION('',(-0.965758823257288,-0.259441506511003,0.));
#11807=DIRECTION('',(0.,0.,-1.));
#11808=DIRECTION('',(0.,-1.,0.));
#11809=DIRECTION('',(0.,0.,-1.));
#11810=DIRECTION('',(0.,-1.,0.));
#11811=DIRECTION('',(0.,0.996194698091746,-0.0871557427476584));
#11812=DIRECTION('',(0.,-0.0871557427476584,-0.996194698091746));
#11813=DIRECTION('',(-0.0868265938642478,-0.0868265938642478,-0.992432509138967));
#11814=DIRECTION('',(1.,0.,0.));
#11815=DIRECTION('',(-0.0868265938642478,-0.0868265938642478,-0.992432509138967));
#11816=DIRECTION('',(0.996194698091746,0.,-0.0871557427476584));
#11817=DIRECTION('',(-0.0871557427476584,0.,-0.996194698091746));
#11818=DIRECTION('',(0.,-1.,0.));
#11819=DIRECTION('',(-0.0868265938642478,-0.0868265938642478,-0.992432509138967));
#11820=DIRECTION('',(0.,0.996194698091746,-0.0871557427476584));
#11821=DIRECTION('',(0.,-0.0871557427476584,-0.996194698091746));
#11822=DIRECTION('',(1.,0.,0.));
#11823=DIRECTION('',(0.0868265938642478,-0.0868265938642478,-0.992432509138967));
#11824=DIRECTION('',(-0.996194698091746,0.,-0.0871557427476584));
#11825=DIRECTION('',(-0.0871557427476584,0.,0.996194698091746));
#11826=DIRECTION('',(0.,1.,0.));
#11827=DIRECTION('',(0.0868265938642478,0.0868265938642478,-0.992432509138967));
#11828=DIRECTION('',(0.,-0.996194698091746,-0.0871557427476584));
#11829=DIRECTION('',(0.,-0.0871557427476584,0.996194698091746));
#11830=DIRECTION('',(-1.,0.,0.));
#11831=DIRECTION('',(-0.0868265938642478,0.0868265938642478,-0.992432509138967));
#11832=DIRECTION('',(0.996194698091746,0.,-0.0871557427476584));
#11833=DIRECTION('',(-0.0871557427476584,0.,-0.996194698091746));
#11834=DIRECTION('',(0.,-1.,0.));
#11835=DIRECTION('',(0.,0.,-1.));
#11836=DIRECTION('',(0.,-1.,0.));
#11837=DIRECTION('',(0.,0.996194698091746,-0.0871557427476584));
#11838=DIRECTION('',(0.,-0.0871557427476584,-0.996194698091746));
#11839=DIRECTION('',(-0.0868265938642478,-0.0868265938642478,-0.992432509138967));
#11840=DIRECTION('',(1.,0.,0.));
#11841=DIRECTION('',(0.0868265938642478,-0.0868265938642478,-0.992432509138967));
#11842=DIRECTION('',(-0.996194698091746,0.,-0.0871557427476584));
#11843=DIRECTION('',(-0.0871557427476584,0.,0.996194698091746));
#11844=DIRECTION('',(0.,1.,0.));
#11845=DIRECTION('',(0.0868265938642478,0.0868265938642478,-0.992432509138967));
#11846=DIRECTION('',(0.,-0.996194698091746,-0.0871557427476584));
#11847=DIRECTION('',(0.,-0.0871557427476584,0.996194698091746));
#11848=DIRECTION('',(-1.,0.,0.));
#11849=DIRECTION('',(0.0868265938642478,0.0868265938642478,-0.992432509138967));
#11850=DIRECTION('',(-0.996194698091746,0.,-0.0871557427476584));
#11851=DIRECTION('',(-0.0871557427476584,0.,0.996194698091746));
#11852=DIRECTION('',(0.,1.,0.));
#11853=DIRECTION('',(0.0868265938642478,-0.0868265938642478,-0.992432509138967));
#11854=DIRECTION('',(0.,0.996194698091746,-0.0871557427476584));
#11855=DIRECTION('',(0.,-0.0871557427476584,-0.996194698091746));
#11856=DIRECTION('',(1.,0.,0.));
#11857=DIRECTION('',(0.0868265938642478,-0.0868265938642478,-0.992432509138967));
#11858=DIRECTION('',(-0.996194698091746,0.,-0.0871557427476584));
#11859=DIRECTION('',(-0.0871557427476584,0.,0.996194698091746));
#11860=DIRECTION('',(0.,1.,0.));
#11861=DIRECTION('',(0.0868265938642478,0.0868265938642478,-0.992432509138967));
#11862=DIRECTION('',(0.,-0.996194698091746,-0.0871557427476584));
#11863=DIRECTION('',(0.,-0.0871557427476584,0.996194698091746));
#11864=DIRECTION('',(-1.,0.,0.));
#11865=DIRECTION('',(-0.0868265938642478,0.0868265938642478,-0.992432509138967));
#11866=DIRECTION('',(0.996194698091746,0.,-0.0871557427476584));
#11867=DIRECTION('',(-0.0871557427476584,0.,-0.996194698091746));
#11868=DIRECTION('',(0.,-1.,0.));
#11869=DIRECTION('',(-0.0868265938642478,-0.0868265938642478,-0.992432509138967));
#11870=DIRECTION('',(0.,0.996194698091746,-0.0871557427476584));
#11871=DIRECTION('',(0.,-0.0871557427476584,-0.996194698091746));
#11872=DIRECTION('',(1.,0.,0.));
#11873=DIRECTION('',(-0.0868265938642478,-0.0868265938642478,-0.992432509138967));
#11874=DIRECTION('',(0.996194698091746,0.,-0.0871557427476584));
#11875=DIRECTION('',(-0.0871557427476584,0.,-0.996194698091746));
#11876=DIRECTION('',(0.,-1.,0.));
#11877=DIRECTION('',(-0.0868265938642478,0.0868265938642478,-0.992432509138967));
#11878=DIRECTION('',(0.,-0.996194698091746,-0.0871557427476584));
#11879=DIRECTION('',(0.,-0.0871557427476584,0.996194698091746));
#11880=DIRECTION('',(-1.,0.,0.));
#11881=DIRECTION('',(-0.0868265938642478,0.0868265938642478,-0.992432509138967));
#11882=DIRECTION('',(0.996194698091746,0.,-0.0871557427476584));
#11883=DIRECTION('',(-0.0871557427476584,0.,-0.996194698091746));
#11884=DIRECTION('',(0.,-1.,0.));
#11885=DIRECTION('',(0.,0.,-1.));
#11886=DIRECTION('',(0.,-1.,0.));
#11887=DIRECTION('',(0.,0.996194698091746,-0.0871557427476584));
#11888=DIRECTION('',(0.,-0.0871557427476584,-0.996194698091746));
#11889=DIRECTION('',(1.,0.,0.));
#11890=DIRECTION('',(-0.0868265938642478,-0.0868265938642478,-0.992432509138967));
#11891=DIRECTION('',(1.,0.,0.));
#11892=DIRECTION('',(-0.0868265938642478,-0.0868265938642478,-0.992432509138967));
#11893=DIRECTION('',(0.996194698091746,0.,-0.0871557427476584));
#11894=DIRECTION('',(-0.0871557427476584,0.,-0.996194698091746));
#11895=DIRECTION('',(0.,-1.,0.));
#11896=DIRECTION('',(0.,-1.,0.));
#11897=DIRECTION('',(-0.0868265938642478,-0.0868265938642478,-0.992432509138967));
#11898=DIRECTION('',(0.,0.996194698091746,-0.0871557427476584));
#11899=DIRECTION('',(0.,-0.0871557427476584,-0.996194698091746));
#11900=DIRECTION('',(1.,0.,0.));
#11901=DIRECTION('',(1.,0.,0.));
#11902=DIRECTION('',(0.0868265938642478,-0.0868265938642478,-0.992432509138967));
#11903=DIRECTION('',(-0.996194698091746,0.,-0.0871557427476584));
#11904=DIRECTION('',(-0.0871557427476584,0.,0.996194698091746));
#11905=DIRECTION('',(0.,1.,0.));
#11906=DIRECTION('',(0.,1.,0.));
#11907=DIRECTION('',(0.0868265938642478,-0.0868265938642478,-0.992432509138967));
#11908=DIRECTION('',(0.,0.996194698091746,-0.0871557427476584));
#11909=DIRECTION('',(0.,-0.0871557427476584,-0.996194698091746));
#11910=DIRECTION('',(1.,0.,0.));
#11911=DIRECTION('',(1.,0.,0.));
#11912=DIRECTION('',(0.0868265938642478,-0.0868265938642478,-0.992432509138967));
#11913=DIRECTION('',(-0.996194698091746,0.,-0.0871557427476584));
#11914=DIRECTION('',(-0.0871557427476584,0.,0.996194698091746));
#11915=DIRECTION('',(0.,1.,0.));
#11916=DIRECTION('',(0.,1.,0.));
#11917=DIRECTION('',(0.0868265938642478,0.0868265938642478,-0.992432509138967));
#11918=DIRECTION('',(0.,-0.996194698091746,-0.0871557427476584));
#11919=DIRECTION('',(0.,-0.0871557427476584,0.996194698091746));
#11920=DIRECTION('',(-1.,0.,0.));
#11921=DIRECTION('',(-1.,0.,0.));
#11922=DIRECTION('',(0.0868265938642478,0.0868265938642478,-0.992432509138967));
#11923=DIRECTION('',(-0.996194698091746,0.,-0.0871557427476584));
#11924=DIRECTION('',(-0.0871557427476584,0.,0.996194698091746));
#11925=DIRECTION('',(0.,1.,0.));
#11926=DIRECTION('',(0.,1.,0.));
#11927=DIRECTION('',(0.0868265938642478,0.0868265938642478,-0.992432509138967));
#11928=DIRECTION('',(0.,-0.996194698091746,-0.0871557427476584));
#11929=DIRECTION('',(0.,-0.0871557427476584,0.996194698091746));
#11930=DIRECTION('',(-1.,0.,0.));
#11931=DIRECTION('',(-1.,0.,0.));
#11932=DIRECTION('',(-0.0868265938642478,0.0868265938642478,-0.992432509138967));
#11933=DIRECTION('',(0.996194698091746,0.,-0.0871557427476584));
#11934=DIRECTION('',(-0.0871557427476584,0.,-0.996194698091746));
#11935=DIRECTION('',(0.,-1.,0.));
#11936=DIRECTION('',(0.,-1.,0.));
#11937=DIRECTION('',(-0.0868265938642478,0.0868265938642478,-0.992432509138967));
#11938=DIRECTION('',(0.,-0.996194698091746,-0.0871557427476584));
#11939=DIRECTION('',(0.,-0.0871557427476584,0.996194698091746));
#11940=DIRECTION('',(-1.,0.,0.));
#11941=DIRECTION('',(-1.,0.,0.));
#11942=DIRECTION('',(-0.0868265938642478,0.0868265938642478,-0.992432509138967));
#11943=DIRECTION('',(0.996194698091746,0.,-0.0871557427476584));
#11944=DIRECTION('',(-0.0871557427476584,0.,-0.996194698091746));
#11945=DIRECTION('',(0.,-1.,0.));
#11946=DIRECTION('',(0.,-1.,0.));
#11947=DIRECTION('',(0.,0.,-1.));
#11948=DIRECTION('',(0.,-1.,0.));
#11949=DIRECTION('',(0.996194698091746,0.,-0.0871557427476584));
#11950=DIRECTION('',(-0.0871557427476584,0.,-0.996194698091746));
#11951=DIRECTION('',(0.,-1.,0.));
#11952=DIRECTION('',(-0.0868265938642478,0.0868265938642478,-0.992432509138967));
#11953=DIRECTION('',(0.,-1.,0.));
#11954=DIRECTION('',(-0.0868265938642478,-0.0868265938642478,-0.992432509138967));
#11955=DIRECTION('',(0.,0.996194698091746,-0.0871557427476584));
#11956=DIRECTION('',(0.,-0.0871557427476584,-0.996194698091746));
#11957=DIRECTION('',(1.,0.,0.));
#11958=DIRECTION('',(1.,0.,0.));
#11959=DIRECTION('',(0.0868265938642478,-0.0868265938642478,-0.992432509138967));
#11960=DIRECTION('',(-0.996194698091746,0.,-0.0871557427476584));
#11961=DIRECTION('',(-0.0871557427476584,0.,0.996194698091746));
#11962=DIRECTION('',(0.,1.,0.));
#11963=DIRECTION('',(0.,1.,0.));
#11964=DIRECTION('',(0.0868265938642478,0.0868265938642478,-0.992432509138967));
#11965=DIRECTION('',(0.,-0.996194698091746,-0.0871557427476584));
#11966=DIRECTION('',(0.,-0.0871557427476584,0.996194698091746));
#11967=DIRECTION('',(-1.,0.,0.));
#11968=DIRECTION('',(-1.,0.,0.));
#11969=DIRECTION('',(0.,0.,-1.));
#11970=DIRECTION('',(0.,-1.,0.));
#11971=DIRECTION('',(-0.706999085398824,-0.706999085398824,0.0174524064372801));
#11972=DIRECTION('',(0.707106781186548,-0.707106781186548,0.));
#11973=DIRECTION('',(0.,0.,1.));
#11974=DIRECTION('',(0.,1.,0.));
#11975=DIRECTION('',(0.,0.,-1.));
#11976=DIRECTION('',(0.,-1.,0.));
#11977=DIRECTION('',(0.,0.,-1.));
#11978=DIRECTION('',(-1.,0.,0.));
#11979=DIRECTION('',(0.,0.,-1.));
#11980=DIRECTION('',(0.,-1.,0.));
#11981=DIRECTION('',(0.,0.,-1.));
#11982=DIRECTION('',(0.,-1.,0.));
#11983=DIRECTION('',(0.,0.,-1.));
#11984=DIRECTION('',(0.,-1.,0.));
#11985=DIRECTION('',(0.,0.,-1.));
#11986=DIRECTION('',(0.,-1.,0.));
#11987=DIRECTION('',(0.,0.,-1.));
#11988=DIRECTION('',(0.,-1.,0.));
#11989=DIRECTION('',(0.,0.,-1.));
#11990=DIRECTION('',(0.,-1.,0.));
#11991=DIRECTION('',(0.,0.,-1.));
#11992=DIRECTION('',(-1.,0.,0.));
#11993=DIRECTION('',(0.,1.,0.));
#11994=DIRECTION('',(0.,0.,1.));
#11995=DIRECTION('',(0.,1.,0.));
#11996=DIRECTION('',(0.,0.,-1.));
#11997=DIRECTION('',(0.,-1.,0.));
#11998=DIRECTION('',(0.,0.,-1.));
#11999=DIRECTION('',(0.,-1.,0.));
#12000=DIRECTION('',(0.,0.,-1.));
#12001=DIRECTION('',(0.,-1.,0.));
#12002=DIRECTION('',(0.,0.,-1.));
#12003=DIRECTION('',(0.,-1.,0.));
#12004=DIRECTION('',(0.,0.,-1.));
#12005=DIRECTION('',(0.,-1.,0.));
#12006=DIRECTION('',(0.,0.,-1.));
#12007=DIRECTION('',(0.,-1.,0.));
#12008=DIRECTION('',(0.,0.,1.));
#12009=DIRECTION('',(0.,1.,0.));
#12010=DIRECTION('',(0.999847695156391,0.,-0.0174524064372835));
#12011=DIRECTION('',(-0.0174524064372835,0.,-0.999847695156391));
#12012=DIRECTION('',(0.999847695156391,0.,-0.0174524064372835));
#12013=DIRECTION('',(-0.0174524064372835,0.,-0.999847695156391));
#12014=DIRECTION('',(0.,0.,1.));
#12015=DIRECTION('',(0.,-1.,0.));
#12016=DIRECTION('',(0.999847695156391,0.,-0.017452406437284));
#12017=DIRECTION('',(-0.017452406437284,0.,-0.999847695156391));
#12018=DIRECTION('',(0.999847695156391,0.,-0.017452406437284));
#12019=DIRECTION('',(-0.017452406437284,0.,-0.999847695156391));
#12020=DIRECTION('',(0.,-1.,0.));
#12021=DIRECTION('',(0.,0.,1.));
#12022=DIRECTION('',(0.,-1.,0.));
#12023=DIRECTION('',(0.999847695156391,0.,-0.0174524064372835));
#12024=DIRECTION('',(-0.0174524064372835,0.,-0.999847695156391));
#12025=DIRECTION('',(0.,0.,-1.));
#12026=DIRECTION('',(0.,-1.,0.));
#12027=DIRECTION('',(0.,0.,-1.));
#12028=DIRECTION('',(0.,-1.,0.));
#12029=DIRECTION('',(0.,0.,-1.));
#12030=DIRECTION('',(0.,-1.,0.));
#12031=DIRECTION('',(0.,0.,-1.));
#12032=DIRECTION('',(0.,-1.,0.));
#12033=DIRECTION('',(0.,0.,-1.));
#12034=DIRECTION('',(0.,-1.,0.));
#12035=DIRECTION('',(0.,0.,-1.));
#12036=DIRECTION('',(0.707106781186548,0.707106781186547,0.));
#12037=DIRECTION('',(-1.,-1.86309484416535E-16,0.));
#12038=DIRECTION('',(0.,0.,-1.));
#12039=DIRECTION('',(-1.,0.,0.));
#12040=DIRECTION('',(1.,-7.19950279736243E-17,0.));
#12041=DIRECTION('',(0.,0.,-1.));
#12042=DIRECTION('',(-0.707106781186548,0.707106781186547,0.));
#12043=DIRECTION('',(0.,-1.,0.));
#12044=DIRECTION('',(1.,0.,0.));
#12045=DIRECTION('',(0.,1.,0.));
#12046=DIRECTION('',(1.,0.,0.));
#12047=DIRECTION('',(0.,-1.,0.));
#12048=DIRECTION('',(0.999847695156391,0.,-0.0174524064372835));
#12049=DIRECTION('',(-0.0174524064372835,0.,-0.999847695156391));
#12050=DIRECTION('',(0.0174497491606827,0.0174497491606827,0.999695459881888));
#12051=DIRECTION('',(0.0174497491606827,0.0174497491606827,0.999695459881888));
#12052=DIRECTION('',(0.,-1.,0.));
#12053=DIRECTION('',(0.0174497491606827,-0.0174497491606827,0.999695459881888));
#12054=DIRECTION('',(-0.0174497491606827,0.0174497491606827,-0.999695459881888));
#12055=DIRECTION('',(0.,1.,0.));
#12056=DIRECTION('',(0.,0.999847695156391,-0.0174524064372835));
#12057=DIRECTION('',(0.,-0.0174524064372835,-0.999847695156391));
#12058=DIRECTION('',(0.0174497491606827,0.0174497491606827,0.999695459881888));
#12059=DIRECTION('',(0.70705292714125,0.0123416547509367,0.707052927141242));
#12060=DIRECTION('',(1.,0.,0.));
#12061=DIRECTION('',(0.,0.,1.));
#12062=DIRECTION('',(0.,1.,0.));
#12063=DIRECTION('',(0.,1.,0.));
#12064=DIRECTION('',(-1.,0.,0.));
#12065=DIRECTION('',(0.,-0.999847695156391,-0.0174524064372835));
#12066=DIRECTION('',(0.,-0.0174524064372835,0.999847695156391));
#12067=DIRECTION('',(0.0174497491606827,-0.0174497491606827,0.999695459881888));
#12068=DIRECTION('',(0.70705292714125,-0.0123416547509367,0.707052927141242));
#12069=DIRECTION('',(0.999847695156391,0.,-0.0174524064372835));
#12070=DIRECTION('',(-0.0174524064372835,0.,-0.999847695156391));
#12071=DIRECTION('',(0.,1.,0.));
#12072=DIRECTION('',(-0.707106781186548,0.,0.707106781186548));
#12073=DIRECTION('',(0.707106781186548,0.,0.707106781186548));
#12074=DIRECTION('',(-0.0174497491606827,0.0174497491606827,-0.999695459881888));
#12075=DIRECTION('',(-0.999847695156391,6.12230139754067E-17,0.0174524064372835));
#12076=DIRECTION('',(0.0174497491606827,-0.0174497491606827,0.999695459881888));
#12077=DIRECTION('',(0.,0.,-1.));
#12078=DIRECTION('',(-0.707106781186548,0.707106781186547,0.));
#12079=DIRECTION('',(0.0174497491606827,0.0174497491606827,0.999695459881888));
#12080=DIRECTION('',(0.999847695156391,-6.12230139754067E-17,-0.0174524064372835));
#12081=DIRECTION('',(-0.0174497491606827,-0.0174497491606827,-0.999695459881888));
#12082=DIRECTION('',(0.,0.,-1.));
#12083=DIRECTION('',(0.707106781186548,0.707106781186547,0.));
#12084=DIRECTION('',(0.,0.,-1.));
#12085=DIRECTION('',(-6.12323399573677E-17,-1.,0.));
#12086=DIRECTION('',(-1.,7.19950279736243E-17,0.));
#12087=DIRECTION('',(0.,0.,-1.));
#12088=DIRECTION('',(-6.12323399573677E-17,-1.,0.));
#12089=DIRECTION('',(-1.,-1.86309484416535E-16,0.));
#12090=DIRECTION('',(1.86281108579648E-16,-0.999847695156391,0.0174524064372835));
#12091=DIRECTION('',(1.06865168404189E-18,0.0174524064372835,0.999847695156391));
#12092=DIRECTION('',(-0.0223802513929189,-0.0174480351471107,-0.999597264110449));
#12093=DIRECTION('',(1.17088565405876E-12,0.999847695156391,-0.0174524064373095));
#12094=DIRECTION('',(-0.999765307607467,0.000378089259908784,0.0216607191260696));
#12095=DIRECTION('',(0.,0.,-1.));
#12096=DIRECTION('',(6.12323399573677E-17,1.,0.));
#12097=DIRECTION('',(1.57793781296531E-12,-0.999847695156391,-0.0174524064373183));
#12098=DIRECTION('',(-0.999749578510523,-0.000390552052305713,0.0223747120009729));
#12099=DIRECTION('',(7.19840627821482E-17,0.999847695156391,0.0174524064372835));
#12100=DIRECTION('',(1.06865168404189E-18,0.0174524064372835,-0.999847695156391));
#12101=DIRECTION('',(-0.999847695156391,6.12230139754067E-17,0.0174524064372835));
#12102=DIRECTION('',(0.0174524064372835,-1.06865168404189E-18,0.999847695156391));
#12103=DIRECTION('',(-6.12323399573677E-17,-1.,0.));
#12104=DIRECTION('',(-0.0174497491606827,-0.0174497491606827,-0.999695459881888));
#12105=DIRECTION('',(-6.12323399573677E-17,-1.,0.));
#12106=DIRECTION('',(-0.0174497491606827,0.0174497491606827,-0.999695459881888));
#12107=DIRECTION('',(1.86281108579648E-16,-0.999847695156391,0.0174524064372835));
#12108=DIRECTION('',(1.06865168404189E-18,0.0174524064372835,0.999847695156391));
#12109=DIRECTION('',(1.,1.86309484416535E-16,0.));
#12110=DIRECTION('',(9.24949678481057E-14,0.999847695156391,-0.0174524064372816));
#12111=DIRECTION('',(0.999777799890425,0.000367890288977392,0.0210764205451448));
#12112=DIRECTION('',(1.,1.86309484416535E-16,0.));
#12113=DIRECTION('',(7.19840627821482E-17,0.999847695156391,0.0174524064372835));
#12114=DIRECTION('',(1.06865168404189E-18,0.0174524064372835,-0.999847695156391));
#12115=DIRECTION('',(-1.,7.19950279736243E-17,0.));
#12116=DIRECTION('',(1.,-7.19950279736243E-17,0.));
#12117=DIRECTION('',(-1.05715512298959E-13,0.999847695156391,0.0174524064372814));
#12118=DIRECTION('',(0.999777799890425,-0.000367890288964503,0.021076420545164));
#12119=DIRECTION('',(0.,0.,-1.));
#12120=DIRECTION('',(6.12323399573677E-17,1.,0.));
#12121=DIRECTION('',(0.,0.,1.));
#12122=DIRECTION('',(1.,0.,0.));
#12123=DIRECTION('',(0.,0.,-1.));
#12124=DIRECTION('',(-6.12323399573677E-17,-1.,0.));
#12125=DIRECTION('',(0.,0.,-1.));
#12126=DIRECTION('',(-6.12323399573677E-17,-1.,0.));
#12127=DIRECTION('',(0.,0.,1.));
#12128=DIRECTION('',(0.,1.,0.));
#12129=DIRECTION('',(0.,0.,-1.));
#12130=DIRECTION('',(-1.,0.,0.));
#12131=CARTESIAN_POINT('',(0.,0.,0.));
#12132=CARTESIAN_POINT('',(-91.1364865562052,-0.0774410091467945,0.00805962924528791));
#12133=CARTESIAN_POINT('',(0.00992133511519712,-0.00125184245492658,0.00833));
#12134=CARTESIAN_POINT('',(0.00992133511519584,-0.00125184245491311,0.00833));
#12135=CARTESIAN_POINT('',(0.00992135052796674,-0.00125172029671734,0.00805161934122447));
#12136=CARTESIAN_POINT('',(-91.1364865562052,-0.0774410091467945,0.00833));
#12137=CARTESIAN_POINT('',(0.00992150802987643,-0.00145550463968492,0.00833));
#12138=CARTESIAN_POINT('',(0.00992151040125678,-0.0014555018005293,0.00808529476122033));
#12139=CARTESIAN_POINT('',(0.00992151040125678,-0.0014555018005293,0.00802952414402648));
#12140=CARTESIAN_POINT('',(0.00992135052796881,-0.00125172029670088,0.0080516193412263));
#12141=CARTESIAN_POINT('',(0.00992140383708297,-0.00131966276519959,0.00804439539091928));
#12142=CARTESIAN_POINT('',(0.00992145712858395,-0.00138759005839825,0.00803703148040955));
#12143=CARTESIAN_POINT('',(0.00992151040125677,-0.0014555018005293,0.00802952414402647));
#12144=CARTESIAN_POINT('',(0.01241844560888,0.0015339631211507,-0.0165));
#12145=CARTESIAN_POINT('',(0.01241844560888,0.0015339631211507,0.00833));
#12146=CARTESIAN_POINT('',(0.0098874176653555,-0.00149631945480103,0.00833));
#12147=CARTESIAN_POINT('',(0.00988741766535422,-0.00149631945480948,-0.0165));
#12148=CARTESIAN_POINT('',(0.00988741766535069,-0.00149631945483277,0.00802355904550808));
#12149=CARTESIAN_POINT('',(0.00988741766535422,-0.00149631945480948,0.00802355904551083));
#12150=CARTESIAN_POINT('',(0.00989878120532065,-0.00148271441451367,0.00802555722132247));
#12151=CARTESIAN_POINT('',(0.0099101454520515,-0.00146910852804154,0.0080275455677277));
#12152=CARTESIAN_POINT('',(0.00992151040125678,-0.00145550180052929,0.00802952414402647));
#12153=CARTESIAN_POINT('',(73.7764783872639,-53.5060267614818,0.00805962927827942));
#12154=CARTESIAN_POINT('',(-0.00729071416080799,0.00684437630652217,0.00833));
#12155=CARTESIAN_POINT('',(-0.00729071416080799,0.00684437630652216,0.00823720644707483));
#12156=CARTESIAN_POINT('',(-0.00729071416070474,0.00684437630664032,0.00814441289414966));
#12157=CARTESIAN_POINT('',(-0.00729071416070474,0.00684437630664032,0.00805161934122449));
#12158=CARTESIAN_POINT('',(-0.00729071416079115,0.00684437630654119,0.00833));
#12159=CARTESIAN_POINT('',(-0.00729079845387055,0.00684428651541143,0.00805161934122449));
#12160=CARTESIAN_POINT('',(73.7764783872639,-53.5060267614818,0.0083299999998301));
#12161=CARTESIAN_POINT('',(-0.00717114005381573,0.00700924519456531,0.00832999999999626));
#12162=CARTESIAN_POINT('',(-0.00717114005384395,0.00700924519455185,0.00832999999999626));
#12163=CARTESIAN_POINT('',(-0.00717114005384395,0.00700924519455185,0.00822984138133966));
#12164=CARTESIAN_POINT('',(-0.00717114005380099,0.00700924519456267,0.00812968276268307));
#12165=CARTESIAN_POINT('',(-0.00717114005380099,0.00700924519456267,0.00802952414402647));
#12166=CARTESIAN_POINT('',(-0.00717114803144827,0.00700924318629665,0.00802952414402647));
#12167=CARTESIAN_POINT('',(-0.00729079845388169,0.00684428651539928,0.0080516193412263));
#12168=CARTESIAN_POINT('',(-0.00725090600087311,0.00689928446136563,0.00804439539091928));
#12169=CARTESIAN_POINT('',(-0.00721102245343274,0.00695427011990359,0.00803703148040956));
#12170=CARTESIAN_POINT('',(-0.00717114803144827,0.00700924318629665,0.00802952414402648));
#12171=CARTESIAN_POINT('',(-0.0109483744414778,0.00605837695154055,-0.0165));
#12172=CARTESIAN_POINT('',(-0.0109483744414778,0.00605837695154055,0.00833));
#12173=CARTESIAN_POINT('',(-0.0071195744134993,0.00702222615490602,0.00833));
#12174=CARTESIAN_POINT('',(-0.0071195744134993,0.00702222615490601,-0.0165));
#12175=CARTESIAN_POINT('',(-0.00711957441348295,0.00702222615492271,0.0080235590455081));
#12176=CARTESIAN_POINT('',(-0.0071195744134993,0.00702222615490601,0.00802355904551082));
#12177=CARTESIAN_POINT('',(-0.00713676455249119,0.00701789876730363,0.00802555722132247));
#12178=CARTESIAN_POINT('',(-0.00715395576063727,0.00701357111055598,0.00802754556772769));
#12179=CARTESIAN_POINT('',(-0.00717114803144828,0.00700924318629664,0.00802952414402647));
#12180=CARTESIAN_POINT('',(0.0052963963589917,-0.0113366229454023,-0.0165));
#12181=CARTESIAN_POINT('',(0.0052963963589917,-0.0113366229454023,0.00833));
#12182=CARTESIAN_POINT('',(0.00163229572112175,-0.00986588114051693,0.00833));
#12183=CARTESIAN_POINT('',(0.00168164742033568,-0.00988569053292629,0.00833));
#12184=CARTESIAN_POINT('',(0.00163229572112175,-0.00986588114051693,-0.0165));
#12185=CARTESIAN_POINT('',(0.00163229572112175,-0.00986588114051693,0.00802355904550804));
#12186=CARTESIAN_POINT('',(0.00168165085198344,-0.00988569191031229,0.00802952414402648));
#12187=CARTESIAN_POINT('',(0.00166519812266648,-0.00987908791134981,0.00802754556772695));
#12188=CARTESIAN_POINT('',(0.00164874641032177,-0.00987248432059217,0.00802555722132324));
#12189=CARTESIAN_POINT('',(0.00163229572112175,-0.00986588114051693,0.00802355904551083));
#12190=CARTESIAN_POINT('',(0.00168165085198344,-0.00988569191031229,0.00802952414402648));
#12191=CARTESIAN_POINT('',(0.00168165085198343,-0.00988569191031229,0.00808529476122033));
#12192=CARTESIAN_POINT('',(-28.2363964386389,86.6520879760623,0.00805962921482779));
#12193=CARTESIAN_POINT('',(0.0018752882502444,-0.00982259100128349,0.00833));
#12194=CARTESIAN_POINT('',(0.00187528825021187,-0.00982259100128958,0.00833));
#12195=CARTESIAN_POINT('',(0.00187540917553694,-0.00982256791395773,0.0080516193412263));
#12196=CARTESIAN_POINT('',(-28.2363964386389,86.6520879760623,0.00833));
#12197=CARTESIAN_POINT('',(0.00168165085198343,-0.00988569191031229,0.00802952414402647));
#12198=CARTESIAN_POINT('',(0.00174622229470888,-0.00986465536255355,0.00803703148040955));
#12199=CARTESIAN_POINT('',(0.0018108085215603,-0.00984361399134401,0.00804439539091929));
#12200=CARTESIAN_POINT('',(0.00187540917553694,-0.00982256791395773,0.00805161934122631));
#12201=CARTESIAN_POINT('',(73.6853207491641,53.6312414645113,0.00805962935875649));
#12202=CARTESIAN_POINT('',(-0.0087623432662572,-0.00481885261077133,0.00833));
#12203=CARTESIAN_POINT('',(-0.00876234326623404,-0.00481885261080706,0.00833));
#12204=CARTESIAN_POINT('',(-0.00876228391468169,-0.00481896053091476,0.00805161934122448));
#12205=CARTESIAN_POINT('',(73.6853207491641,53.6312414645113,0.00833));
#12206=CARTESIAN_POINT('',(-0.00888219276762615,-0.00465418810836062,0.00833));
#12207=CARTESIAN_POINT('',(-0.0088821930175208,-0.00465419180235357,0.00808529476122033));
#12208=CARTESIAN_POINT('',(-0.0088821930175208,-0.00465419180235357,0.00802952414402647));
#12209=CARTESIAN_POINT('',(-0.00876228391467357,-0.00481896053092914,0.0080516193412263));
#12210=CARTESIAN_POINT('',(-0.00880226262364077,-0.00476402525358502,0.00804439539091928));
#12211=CARTESIAN_POINT('',(-0.00884223239854103,-0.00470910224296376,0.00803703148040956));
#12212=CARTESIAN_POINT('',(-0.0088821930175208,-0.00465419180235357,0.00802952414402648));
#12213=CARTESIAN_POINT('',(-0.00914509264113197,-0.00854038141905126,-0.0165));
#12214=CARTESIAN_POINT('',(-0.00914509264113197,-0.00854038141905126,0.00833));
#12215=CARTESIAN_POINT('',(-0.00887860343000996,-0.00460113041899655,0.00833));
#12216=CARTESIAN_POINT('',(-0.00887860343000996,-0.00460113041899656,-0.0165));
#12217=CARTESIAN_POINT('',(-0.00887860343002076,-0.00460113041897591,0.00802355904550811));
#12218=CARTESIAN_POINT('',(-0.00887860343000996,-0.00460113041899655,0.00802355904551083));
#12219=CARTESIAN_POINT('',(-0.00887979988491634,-0.00461881644901121,0.00802555722132248));
#12220=CARTESIAN_POINT('',(-0.00888099641423717,-0.00463650357902235,0.00802754556772769));
#12221=CARTESIAN_POINT('',(-0.0088821930175208,-0.00465419180235359,0.00802952414402647));
#12222=CARTESIAN_POINT('',(-28.0890947701363,-86.6999490402907,0.00805962924994856));
#12223=CARTESIAN_POINT('',(0.00425643406623164,0.00904890982604442,0.00833));
#12224=CARTESIAN_POINT('',(0.00425643406619613,0.00904890982606097,0.00833));
#12225=CARTESIAN_POINT('',(0.00425632266506454,0.00904896222618161,0.00805161934122448));
#12226=CARTESIAN_POINT('',(-28.0890947701363,-86.6999490402907,0.00833));
#12227=CARTESIAN_POINT('',(0.0044501817623653,0.00898613919548914,0.00833));
#12228=CARTESIAN_POINT('',(0.00445017979572887,0.00898614232689851,0.00808529476122033));
#12229=CARTESIAN_POINT('',(0.00445017979572887,0.00898614232689852,0.00802952414402647));
#12230=CARTESIAN_POINT('',(0.00425632266504949,0.00904896222618848,0.0080516193412263));
#12231=CARTESIAN_POINT('',(0.0043209562658706,0.009028017548763,0.00804439539091928));
#12232=CARTESIAN_POINT('',(0.00438557542868094,0.00900707754401199,0.00803703148040955));
#12233=CARTESIAN_POINT('',(0.00445017979572887,0.00898614232689852,0.00802952414402647));
#12234=CARTESIAN_POINT('',(0.00237862511473804,0.0122846642917623,-0.0165));
#12235=CARTESIAN_POINT('',(0.00237862511473804,0.0122846642917623,0.00833));
#12236=CARTESIAN_POINT('',(0.00447846445703329,0.00894110485941696,0.00833));
#12237=CARTESIAN_POINT('',(0.00447846445703329,0.00894110485941696,-0.0165));
#12238=CARTESIAN_POINT('',(0.00447846445705429,0.00894110485940654,0.00802355904550809));
#12239=CARTESIAN_POINT('',(0.00447846445703329,0.00894110485941696,0.00802355904551083));
#12240=CARTESIAN_POINT('',(0.00446903682177136,0.00895611641681082,0.00802555722132247));
#12241=CARTESIAN_POINT('',(0.00445960860015022,0.00897112890786032,0.0080275455677277));
#12242=CARTESIAN_POINT('',(0.00445017979572886,0.00898614232689852,0.00802952414402647));
#12243=CARTESIAN_POINT('',(0.,6.12323399573677E-19,0.0085));
#12244=CARTESIAN_POINT('',(0.,6.12323399573677E-19,0.00833));
#12245=CARTESIAN_POINT('',(0.00425632266506444,0.00904896222618154,0.00805161934122449));
#12246=CARTESIAN_POINT('',(0.00308205647125823,0.0096012969238616,0.008195087037648));
#12247=CARTESIAN_POINT('',(0.00179095850884653,0.00992372182080923,0.00827713914322732));
#12248=CARTESIAN_POINT('',(0.000493392141000344,0.00998782079310593,0.00832606434131611));
#12249=CARTESIAN_POINT('',(0.000493392141000354,0.00998782079310593,0.00832606434131611));
#12250=CARTESIAN_POINT('',(0.000493392141000354,0.00998782079310593,-0.0165));
#12251=CARTESIAN_POINT('',(0.000493392141000152,0.00998782079310619,0.00762323509488149));
#12252=CARTESIAN_POINT('',(0.000493392141000144,0.00998782079310593,0.00762323509488148));
#12253=CARTESIAN_POINT('',(0.00215794117878239,0.00990559310494817,0.00755725217780475));
#12254=CARTESIAN_POINT('',(0.00464360295611618,0.00912909465651724,0.00737134517042984));
#12255=CARTESIAN_POINT('',(0.00722624849559258,0.00705608673283338,0.00676212251285609));
#12256=CARTESIAN_POINT('',(0.00870626845527343,0.00511173879213526,0.00607525389578938));
#12257=CARTESIAN_POINT('',(0.00964437093350805,0.00295275064096166,0.00512513941967168));
#12258=CARTESIAN_POINT('',(0.0100440788864851,0.000783748531785393,0.00388574823670198));
#12259=CARTESIAN_POINT('',(0.00999106687975855,-0.000875150986167648,0.00257902302283106));
#12260=CARTESIAN_POINT('',(0.00982132072121975,-0.00191644603184797,0.00123891728187038));
#12261=CARTESIAN_POINT('',(0.00975662930408088,-0.00219293032463242,0.000425946306022195));
#12262=CARTESIAN_POINT('',(0.00975051465744929,-0.00221978916000324,1.98140278023629E-20));
#12263=CARTESIAN_POINT('',(0.00975051465744921,-0.00221978916000331,0.));
#12264=CARTESIAN_POINT('',(0.,6.12323399573677E-19,0.));
#12265=CARTESIAN_POINT('',(0.00722836902363217,0.00691018677447976,0.));
#12266=CARTESIAN_POINT('',(0.00722836902363218,0.00691018677447974,3.45356407207547E-21));
#12267=CARTESIAN_POINT('',(0.00724111532462415,0.00689685356507989,0.000197399561972172));
#12268=CARTESIAN_POINT('',(0.00715752557435953,0.00698547083915388,0.000581492286179678));
#12269=CARTESIAN_POINT('',(0.00681666683684546,0.00732471124045462,0.00120176399136738));
#12270=CARTESIAN_POINT('',(0.00628947970014847,0.00779108918067664,0.00186964228424179));
#12271=CARTESIAN_POINT('',(0.00556681696389255,0.00832374781799339,0.00260820661217743));
#12272=CARTESIAN_POINT('',(0.00451411160472451,0.00896170478359249,0.00351956501658969));
#12273=CARTESIAN_POINT('',(0.00300216583471446,0.00960845336177832,0.00457133278614947));
#12274=CARTESIAN_POINT('',(0.00100561919419186,0.0100231251374256,0.00563494308660117));
#12275=CARTESIAN_POINT('',(-0.00116283071522312,0.0100120192291433,0.00652574807333397));
#12276=CARTESIAN_POINT('',(-0.0040345451492733,0.00936063323467873,0.00743466243217765));
#12277=CARTESIAN_POINT('',(-0.00603718842353132,0.00811961712889042,0.00784363218846629));
#12278=CARTESIAN_POINT('',(-0.00711957441348298,0.00702222615492268,0.00802355904550811));
#12279=CARTESIAN_POINT('',(0.,6.12323399573677E-19,0.0085));
#12280=CARTESIAN_POINT('',(0.,6.12323399573677E-19,0.00833));
#12281=CARTESIAN_POINT('',(-0.00729079845387041,0.0068442865154113,0.00805161934122449));
#12282=CARTESIAN_POINT('',(-0.00817896817708104,0.0058981738080929,0.008195087037648));
#12283=CARTESIAN_POINT('',(-0.00888458368812705,0.00476990145033228,0.00827713914322732));
#12284=CARTESIAN_POINT('',(-0.00934651549241148,0.00355565017262839,0.00832606434131611));
#12285=CARTESIAN_POINT('',(-0.00934651549241147,0.0035556501726284,0.00832606434131611));
#12286=CARTESIAN_POINT('',(-0.00934651549241147,0.0035556501726284,-0.0165));
#12287=CARTESIAN_POINT('',(-0.00934651549241185,0.00355565017262812,0.0076232350948815));
#12288=CARTESIAN_POINT('',(-0.00934651549241161,0.00355565017262804,0.00762323509488149));
#12289=CARTESIAN_POINT('',(-0.00875393837312413,0.00511332062865478,0.00755725217780476));
#12290=CARTESIAN_POINT('',(-0.00724733273238644,0.00723737424262298,0.00737134517042986));
#12291=CARTESIAN_POINT('',(-0.00447770367609056,0.00905302143433043,0.00676212251285612));
#12292=CARTESIAN_POINT('',(-0.00217116757758903,0.00985976750457819,0.00607525389578941));
#12293=CARTESIAN_POINT('',(0.000172041780428436,0.0100847919500891,0.00512513941967171));
#12294=CARTESIAN_POINT('',(0.00235840192047522,0.00979467829081234,0.00388574823670199));
#12295=CARTESIAN_POINT('',(0.00391972750591891,0.00923163273336525,0.00257902302283109));
#12296=CARTESIAN_POINT('',(0.00485760349678075,0.00874841667789719,0.00123891728187037));
#12297=CARTESIAN_POINT('',(0.00510056493780052,0.00860145313893079,0.000425946306022193));
#12298=CARTESIAN_POINT('',(0.00512421967847627,0.00858733792782827,1.98140278023629E-20));
#12299=CARTESIAN_POINT('',(0.00512421967847632,0.00858733792782816,0.));
#12300=CARTESIAN_POINT('',(0.,6.12323399573677E-19,0.));
#12301=CARTESIAN_POINT('',(-0.00433828929076977,0.00900995260973066,0.));
#12302=CARTESIAN_POINT('',(-0.00433828929076976,0.00900995260973067,3.45356407207547E-21));
#12303=CARTESIAN_POINT('',(-0.00432166983146496,0.00901795487405362,0.000197399561972172));
#12304=CARTESIAN_POINT('',(-0.00443178052081667,0.00896584054105302,0.000581492286179674));
#12305=CARTESIAN_POINT('',(-0.00485974845763734,0.00874649566678463,0.0012017639913674));
#12306=CARTESIAN_POINT('',(-0.00546621002119705,0.00838922961445216,0.00186964228424181));
#12307=CARTESIAN_POINT('',(-0.00619611355588264,0.00786653708118376,0.00260820661217743));
#12308=CARTESIAN_POINT('',(-0.00712815053118406,0.00706249433365814,0.00351956501658969));
#12309=CARTESIAN_POINT('',(-0.00821046191837875,0.00582440475855245,0.00457133278614948));
#12310=CARTESIAN_POINT('',(-0.00922180505471544,0.00405371669175886,0.00563494308660119));
#12311=CARTESIAN_POINT('',(-0.00988133058173422,0.00198796636075288,0.006525748073334));
#12312=CARTESIAN_POINT('',(-0.0101492342501886,-0.000944485706876761,0.00743466243217766));
#12313=CARTESIAN_POINT('',(-0.00958780860136784,-0.00323260770965613,0.0078436321884663));
#12314=CARTESIAN_POINT('',(-0.00887860343002074,-0.00460113041897595,0.00802355904550812));
#12315=CARTESIAN_POINT('',(0.,6.12323399573677E-19,0.0085));
#12316=CARTESIAN_POINT('',(0.,6.12323399573677E-19,0.00833));
#12317=CARTESIAN_POINT('',(-0.00876228391468156,-0.00481896053091476,0.00805161934122449));
#12318=CARTESIAN_POINT('',(-0.00813693679759812,-0.00595602503890578,0.008195087037648));
#12319=CARTESIAN_POINT('',(-0.00728193320400193,-0.00697576060151645,0.00827713914322731));
#12320=CARTESIAN_POINT('',(-0.00626985639168809,-0.00779030813431715,0.00832606434131611));
#12321=CARTESIAN_POINT('',(-0.0062698563916881,-0.00779030813431714,0.00832606434131611));
#12322=CARTESIAN_POINT('',(-0.00626985639168811,-0.00779030813431714,-0.0165));
#12323=CARTESIAN_POINT('',(-0.00626985639168795,-0.00779030813431759,0.0076232350948815));
#12324=CARTESIAN_POINT('',(-0.0062698563916878,-0.00779030813431739,0.00762323509488149));
#12325=CARTESIAN_POINT('',(-0.00756817262879489,-0.00674538716106359,0.00755725217780476));
#12326=CARTESIAN_POINT('',(-0.00912270091251051,-0.00465615138527328,0.00737134517042986));
#12327=CARTESIAN_POINT('',(-0.00999362155896683,-0.00146101178553593,0.00676212251285612));
#12328=CARTESIAN_POINT('',(-0.0100481238134952,0.000981932646865713,0.0060752538957894));
#12329=CARTESIAN_POINT('',(-0.00953804326571822,0.00327999355366467,0.00512513941967171));
#12330=CARTESIAN_POINT('',(-0.00858650634049839,0.00526969556080733,0.003885748236702));
#12331=CARTESIAN_POINT('',(-0.0075685420544628,0.00658061378704345,0.0025790230228311));
#12332=CARTESIAN_POINT('',(-0.00681915665633891,0.0073232648865349,0.00123891728187037));
#12333=CARTESIAN_POINT('',(-0.00660430681069417,0.00750892071713112,0.000425946306022197));
#12334=CARTESIAN_POINT('',(-0.0065835727303299,0.0075270558722822,1.98140278023629E-20));
#12335=CARTESIAN_POINT('',(-0.00658357273032979,0.00752705587228221,0.));
#12336=CARTESIAN_POINT('',(0.,6.12323399573677E-19,0.));
#12337=CARTESIAN_POINT('',(-0.00990957925835757,-0.00134172982464039,6.90712814415092E-21));
#12338=CARTESIAN_POINT('',(-0.00990957925835756,-0.00134172982464037,3.45356407207547E-21));
#12339=CARTESIAN_POINT('',(-0.00991205416862452,-0.00132345094390195,0.00019739956197242));
#12340=CARTESIAN_POINT('',(-0.00989651656690391,-0.00144427664707168,0.000581492286180376));
#12341=CARTESIAN_POINT('',(-0.00982015656044004,-0.00191907963592922,0.0012017639913686));
#12342=CARTESIAN_POINT('',(-0.00966778328289299,-0.00260626013952013,0.00186964228424378));
#12343=CARTESIAN_POINT('',(-0.00939622573958086,-0.00346196052806366,0.0026082066121801));
#12344=CARTESIAN_POINT('',(-0.00891955090991961,-0.00459684324004281,0.00351956501659324));
#12345=CARTESIAN_POINT('',(-0.00807651036360479,-0.00600877325676251,0.00457133278615397));
#12346=CARTESIAN_POINT('',(-0.00670500815562399,-0.00751779044116289,0.0056349430866061));
#12347=CARTESIAN_POINT('',(-0.00494416743835047,-0.0087833884497135,0.006525748073339));
#12348=CARTESIAN_POINT('',(-0.00223802657711043,-0.00994435750342152,0.00743466243218197));
#12349=CARTESIAN_POINT('',(0.000111596830279255,-0.0101174785657528,0.00784363218846972));
#12350=CARTESIAN_POINT('',(0.00163229572112157,-0.00986588114051704,0.00802355904551081));
#12351=CARTESIAN_POINT('',(0.,6.12323399573677E-19,0.0085));
#12352=CARTESIAN_POINT('',(0.,6.12323399573677E-19,0.00833));
#12353=CARTESIAN_POINT('',(0.00187540917553701,-0.00982256791395779,0.00805161934122631));
#12354=CARTESIAN_POINT('',(0.003150064671866,-0.00957919971997797,0.00819508703764867));
#12355=CARTESIAN_POINT('',(0.00438410146425203,-0.00908115859944886,0.00827713914322753));
#12356=CARTESIAN_POINT('',(0.00547153113776745,-0.00837032538247117,0.00832606434131612));
#12357=CARTESIAN_POINT('',(0.00547153113776745,-0.00837032538247118,0.00832606434131611));
#12358=CARTESIAN_POINT('',(0.00547153113776745,-0.00837032538247118,-0.0165));
#12359=CARTESIAN_POINT('',(0.00547153113776745,-0.00837032538247118,0.00762323509488147));
#12360=CARTESIAN_POINT('',(0.00547153113776745,-0.00837032538247117,0.00762323509488148));
#12361=CARTESIAN_POINT('',(0.00407655045580191,-0.00928219916146937,0.00755725217780474));
#12362=CARTESIAN_POINT('',(0.00160919349925496,-0.0101150340554868,0.00737134517042982));
#12363=CARTESIAN_POINT('',(-0.0016986941180549,-0.00995597637575577,0.00676212251285606));
#12364=CARTESIAN_POINT('',(-0.00403891446231836,-0.00925289975415194,0.00607525389578934));
#12365=CARTESIAN_POINT('',(-0.00606687670480944,-0.00805764445104368,0.00512513941967166));
#12366=CARTESIAN_POINT('',(-0.00766515468351975,-0.00653782732386887,0.00388574823670191));
#12367=CARTESIAN_POINT('',(-0.0085973437408599,-0.00516458974613621,0.00257902302283106));
#12368=CARTESIAN_POINT('',(-0.00907207408500829,-0.00422239006939999,0.00123891728187034));
#12369=CARTESIAN_POINT('',(-0.00918225101894194,-0.00396068491691552,0.000425946306022186));
#12370=CARTESIAN_POINT('',(-0.0091930913932271,-0.00393536156353838,1.98140278023629E-20));
#12371=CARTESIAN_POINT('',(-0.00919309139322707,-0.00393536156353826,1.98140278023624E-20));
#12372=CARTESIAN_POINT('',(0.,6.12323399573677E-19,0.));
#12373=CARTESIAN_POINT('',(-0.00178616750510618,-0.00983918724507786,6.90712814415092E-21));
#12374=CARTESIAN_POINT('',(-0.00178616750510619,-0.00983918724507785,3.45356407207547E-21));
#12375=CARTESIAN_POINT('',(-0.00180431654307508,-0.00983589253982817,0.000197399561972169));
#12376=CARTESIAN_POINT('',(-0.00168460308775639,-0.00985845259810087,0.000581492286179665));
#12377=CARTESIAN_POINT('',(-0.00120944207155999,-0.00993255210890591,0.00120176399136739));
#12378=CARTESIAN_POINT('',(-0.000508808643499198,-0.00999998696419833,0.00186964228424177));
#12379=CARTESIAN_POINT('',(0.000388926682854312,-0.0100061463552356,0.00260820661217741));
#12380=CARTESIAN_POINT('',(0.00161556490446724,-0.00990349969695694,0.00351956501658966));
#12381=CARTESIAN_POINT('',(0.00321890400317743,-0.00953803086191928,0.00457133278614942));
#12382=CARTESIAN_POINT('',(0.00507788211968981,-0.00869996670469228,0.00563494308660114));
#12383=CARTESIAN_POINT('',(0.00682566705875567,-0.00741639895906489,0.00652574807333394));
#12384=CARTESIAN_POINT('',(0.00876605775779798,-0.00520146522651514,0.00743466243217761));
#12385=CARTESIAN_POINT('',(0.00965677923550362,-0.00302033792442787,0.00784363218846627));
#12386=CARTESIAN_POINT('',(0.00988741766535078,-0.00149631945483273,0.00802355904550809));
#12387=CARTESIAN_POINT('',(0.,6.12323399573677E-19,0.0085));
#12388=CARTESIAN_POINT('',(0.,6.12323399573677E-19,0.00833));
#12389=CARTESIAN_POINT('',(0.00992135052796682,-0.00125172029671729,0.00805161934122448));
#12390=CARTESIAN_POINT('',(0.0100837838315653,3.57540269333179E-05,0.008195087037648));
#12391=CARTESIAN_POINT('',(0.00999145691903503,0.00136329592982678,0.00827713914322732));
#12392=CARTESIAN_POINT('',(0.00965144860533177,0.002617162551054,0.00832606434131612));
#12393=CARTESIAN_POINT('',(0.00965144860533177,0.002617162551054,0.00832606434131611));
#12394=CARTESIAN_POINT('',(0.00965144860533177,0.002617162551054,-0.0165));
#12395=CARTESIAN_POINT('',(0.00965144860533177,0.002617162551054,0.00762323509488147));
#12396=CARTESIAN_POINT('',(0.00965144860533177,0.002617162551054,0.00762323509488147));
#12397=CARTESIAN_POINT('',(0.0100876193673346,0.00100867258892946,0.00755725217780474));
#12398=CARTESIAN_POINT('',(0.0101172371895256,-0.00159528345838053,0.00737134517042982));
#12399=CARTESIAN_POINT('',(0.0089437708575194,-0.00469212000587238,0.00676212251285606));
#12400=CARTESIAN_POINT('',(0.0075519373981289,-0.00670053918942734,0.00607525389578934));
#12401=CARTESIAN_POINT('',(0.00578850725659098,-0.00825989169367177,0.00512513941967165));
#12402=CARTESIAN_POINT('',(0.00384918021705768,-0.00931029505953615,0.00388574823670192));
#12403=CARTESIAN_POINT('',(0.00225509140964519,-0.00977250578810484,0.00257902302283106));
#12404=CARTESIAN_POINT('',(0.00121230652334669,-0.00993284546318412,0.00123891728187034));
#12405=CARTESIAN_POINT('',(0.000929363587754699,-0.00995675861451395,0.000425946306022184));
#12406=CARTESIAN_POINT('',(0.000901929787631427,-0.00995924307656884,1.98140278023629E-20));
#12407=CARTESIAN_POINT('',(0.000901929787631321,-0.00995924307656878,1.98140278023624E-20));
#12408=CARTESIAN_POINT('',(0.,6.12323399573677E-19,0.));
#12409=CARTESIAN_POINT('',(0.00880566703060134,-0.00473922231449218,0.));
#12410=CARTESIAN_POINT('',(0.00880566703060133,-0.00473922231449218,3.45356407207547E-21));
#12411=CARTESIAN_POINT('',(0.00879692521854041,-0.00475546495540337,0.000197399561972172));
#12412=CARTESIAN_POINT('',(0.0088553746011175,-0.00464858213503466,0.000581492286179663));
#12413=CARTESIAN_POINT('',(0.00907268025279208,-0.00421957516240527,0.00120176399136737));
#12414=CARTESIAN_POINT('',(0.00935332224744131,-0.00357407169141243,0.00186964228424179));
#12415=CARTESIAN_POINT('',(0.00963659564871772,-0.00272217801588108,0.00260820661217742));
#12416=CARTESIAN_POINT('',(0.00991802493191411,-0.00152385618025549,0.00351956501658967));
#12417=CARTESIAN_POINT('',(0.010065902444096,0.000113945998344697,0.00457133278614945));
#12418=CARTESIAN_POINT('',(0.0098433118964653,0.00214091531666356,0.00563494308660116));
#12419=CARTESIAN_POINT('',(0.00916266167656399,0.00419980181887509,0.00652574807333396));
#12420=CARTESIAN_POINT('',(0.00765574821879176,0.00672967520212998,0.00743466243217763));
#12421=CARTESIAN_POINT('',(0.00585662095913817,0.00825080707094614,0.00784363218846629));
#12422=CARTESIAN_POINT('',(0.00447846445705425,0.00894110485940656,0.0080235590455081));
#12423=CARTESIAN_POINT('',(-91.1364865562052,-0.0774410091467945,0.00805962924528791));
#12424=CARTESIAN_POINT('',(0.00994442809905959,-0.0375022618696507,0.00842499550152578));
#12425=CARTESIAN_POINT('',(0.00994439249796481,-0.0375020299992345,0.00842499550152578));
#12426=CARTESIAN_POINT('',(0.00994439249805854,-0.0375020300004665,0.00771043773157704));
#12427=CARTESIAN_POINT('',(0.00992036797106266,0.,0.00840600233227015));
#12428=CARTESIAN_POINT('',(0.00992691079076612,-0.00833334628612092,0.0084021909432058));
#12429=CARTESIAN_POINT('',(0.00994261362639583,-0.0283334644167073,0.00839304356964046));
#12430=CARTESIAN_POINT('',(0.00994844090083601,-0.0483333587211759,0.00844975757238542));
#12431=CARTESIAN_POINT('',(0.00995184015482664,-0.06,0.00848284084349871));
#12432=CARTESIAN_POINT('',(0.00994884713274377,-0.0499968510657862,0.00845499797750094));
#12433=CARTESIAN_POINT('',(0.00994884713274378,-0.0499968510657862,0.00845499797750094));
#12434=CARTESIAN_POINT('',(0.00994884713274378,-0.0499968510657862,0.00820914668183794));
#12435=CARTESIAN_POINT('',(0.00994884713274377,-0.0499968510657862,0.00796329538617495));
#12436=CARTESIAN_POINT('',(0.00994884713274377,-0.0499968510657862,0.00771744409051195));
#12437=CARTESIAN_POINT('',(0.00994884713274378,-0.0499968510657861,0.00771744409051195));
#12438=CARTESIAN_POINT('',(0.00992036797106266,0.,0.00770600233227015));
#12439=CARTESIAN_POINT('',(0.00992691079076612,-0.00833334628612092,0.00770511227373465));
#12440=CARTESIAN_POINT('',(0.00994261362639583,-0.0283334644167073,0.00770297612395257));
#12441=CARTESIAN_POINT('',(0.00994844090083601,-0.0483333587211759,0.00771622031953928));
#12442=CARTESIAN_POINT('',(0.00995184015482665,-0.06,0.00772394612431527));
#12443=CARTESIAN_POINT('',(-0.00919651310383834,-0.00359897164311895,1.81956964065212E-20));
#12444=CARTESIAN_POINT('',(-0.00912351649088118,-0.0107326599868496,5.27357028520683E-20));
#12445=CARTESIAN_POINT('',(-0.00900166523707503,-0.0295331082440718,1.078795232449E-19));
#12446=CARTESIAN_POINT('',(-0.0101709584817557,-0.0483333587211759,-4.93914060874997E-19));
#12447=CARTESIAN_POINT('',(-0.0108965724756786,-0.06,-8.67361737988404E-19));
#12448=CARTESIAN_POINT('',(-0.00905495905106206,-0.00359897164311895,0.00519109545620558));
#12449=CARTESIAN_POINT('',(-0.00924749630620958,-0.0107326599868496,0.00529314653051627));
#12450=CARTESIAN_POINT('',(-0.00954957525502404,-0.0295331082440718,0.00545607313915939));
#12451=CARTESIAN_POINT('',(-0.00609244845418865,-0.0483333587211759,0.00367802825461263));
#12452=CARTESIAN_POINT('',(-0.00394710159884354,-0.06,0.00257464870810509));
#12453=CARTESIAN_POINT('',(-0.00268172516897128,-0.00359897164311895,0.00775963742408499));
#12454=CARTESIAN_POINT('',(-0.00289673779244568,-0.0107326599868496,0.00786145031300129));
#12455=CARTESIAN_POINT('',(-0.00323469912235448,-0.0295331082440718,0.00802399665383442));
#12456=CARTESIAN_POINT('',(0.000614018006675276,-0.0483333587211759,0.00625010169445906));
#12457=CARTESIAN_POINT('',(0.00300236927799157,-0.06,0.00514929741621018));
#12458=CARTESIAN_POINT('',(0.009923188542434,-0.00359897164311895,0.0077056259036382));
#12459=CARTESIAN_POINT('',(0.00992875905041053,-0.0107326599868496,0.00770491134745506));
#12460=CARTESIAN_POINT('',(0.00994296316093367,-0.0295331082440718,0.0077037705440251));
#12461=CARTESIAN_POINT('',(0.00994844090083601,-0.0483333587211759,0.00771622031953928));
#12462=CARTESIAN_POINT('',(0.00995184015482665,-0.06,0.00772394612431527));
#12463=CARTESIAN_POINT('',(0.00994439249796481,-0.0375020299992346,0.00771043773157645));
#12464=CARTESIAN_POINT('',(0.00919892756168619,-0.0326468237727056,0.00766557089883647));
#12465=CARTESIAN_POINT('',(0.00770794480657633,-0.0229360668972955,0.00770183431660618));
#12466=CARTESIAN_POINT('',(0.00621698914258483,-0.0132254864644572,0.00767754188684187));
#12467=CARTESIAN_POINT('',(0.00547153113776745,-0.00837032538247117,0.00762323509488148));
#12468=CARTESIAN_POINT('',(0.00994884713274377,-0.0499968510657861,0.00771744409051195));
#12469=CARTESIAN_POINT('',(0.00994906251791737,-0.0506808449135125,0.00771787197623897));
#12470=CARTESIAN_POINT('',(0.00981213479322486,-0.0520223350780587,0.00769365722010107));
#12471=CARTESIAN_POINT('',(0.00899395963846019,-0.0546325487496764,0.00749387560343358));
#12472=CARTESIAN_POINT('',(0.00704400883252601,-0.0574094696592217,0.00685246183990163));
#12473=CARTESIAN_POINT('',(0.00374286854106359,-0.059512577772449,0.00549308223233194));
#12474=CARTESIAN_POINT('',(0.00123016490485445,-0.06,0.00449272891183598));
#12475=CARTESIAN_POINT('',(-5.11523714670518E-05,-0.06,0.00401802487628842));
#12476=CARTESIAN_POINT('',(-5.11523714670426E-05,-0.06,0.00401802487628842));
#12477=CARTESIAN_POINT('',(-0.00047236616042599,-0.06,0.00386197306215763));
#12478=CARTESIAN_POINT('',(-0.0108965724756786,-0.06,-8.67361737988404E-19));
#12479=CARTESIAN_POINT('',(-0.00923485378832941,0.,9.62964972193618E-35));
#12480=CARTESIAN_POINT('',(-0.00914432431835352,-0.00833334628612092,4.30233874933578E-20));
#12481=CARTESIAN_POINT('',(-0.00892705264480832,-0.0283334644167073,1.4627996686751E-19));
#12482=CARTESIAN_POINT('',(-0.0101709584817557,-0.0483333587211759,-4.93914060874997E-19));
#12483=CARTESIAN_POINT('',(-0.0108965724756786,-0.06,-8.67361737988404E-19));
#12484=CARTESIAN_POINT('',(0.00992113729277769,-0.000979988005150053,0.00840555480782111));
#12485=CARTESIAN_POINT('',(0.00992742110627172,-0.00898667156473835,0.00840190970413829));
#12486=CARTESIAN_POINT('',(0.00994270880348479,-0.0286601234301106,0.00839396988154495));
#12487=CARTESIAN_POINT('',(0.00994844090083601,-0.0483333587211759,0.00844975757238542));
#12488=CARTESIAN_POINT('',(0.00995184015482664,-0.06,0.00848284084349871));
#12489=CARTESIAN_POINT('',(-0.00334831930782686,-0.000979988005150053,0.00842202345361681));
#12490=CARTESIAN_POINT('',(-0.00360790659604336,-0.00898667156473835,0.00855251609720447));
#12491=CARTESIAN_POINT('',(-0.00417174354492041,-0.0286601234301106,0.0088367572409349));
#12492=CARTESIAN_POINT('',(-9.6899532994194E-05,-0.0483333587211759,0.00683958956317404));
#12493=CARTESIAN_POINT('',(0.00231956845770271,-0.06,0.00565522722899914));
#12494=CARTESIAN_POINT('',(-0.00996082159065774,-0.000979988005150053,0.00562017185100978));
#12495=CARTESIAN_POINT('',(-0.0101723126708713,-0.00898667156473835,0.00575187952915838));
#12496=CARTESIAN_POINT('',(-0.0106313856974613,-0.0286601234301106,0.00603876728041992));
#12497=CARTESIAN_POINT('',(-0.00729264595475232,-0.0483333587211759,0.00402300370571223));
#12498=CARTESIAN_POINT('',(-0.00531270323942123,-0.06,0.00282761361449957));
#12499=CARTESIAN_POINT('',(-0.00991636955571492,-0.000979988005150053,5.05170620428085E-21));
#12500=CARTESIAN_POINT('',(-0.00976579711821209,-0.00898667156473835,4.61980456495894E-20));
#12501=CARTESIAN_POINT('',(-0.00943621765413787,-0.0286601234301106,1.35823654133782E-19));
#12502=CARTESIAN_POINT('',(-0.0116387983644384,-0.0483333587211759,-4.93914060874997E-19));
#12503=CARTESIAN_POINT('',(-0.0129449749365452,-0.06,-8.67361737988404E-19));
#12504=CARTESIAN_POINT('',(-0.00993485378832941,0.,0.));
#12505=CARTESIAN_POINT('',(-0.00977744006576312,-0.00833334628612092,4.30233874933578E-20));
#12506=CARTESIAN_POINT('',(-0.00939964548737816,-0.0283334644167073,1.4627996686751E-19));
#12507=CARTESIAN_POINT('',(-0.0116387983644384,-0.0483333587211759,-4.93914060874997E-19));
#12508=CARTESIAN_POINT('',(-0.0129449749365452,-0.06,-8.67361737988404E-19));
#12509=CARTESIAN_POINT('',(-0.0129449749365452,-0.06,-8.67361737988404E-19));
#12510=CARTESIAN_POINT('',(-0.00149656739085925,-0.06,0.00424142042174936));
#12511=CARTESIAN_POINT('',(-5.11523714668792E-05,-0.06,0.00477691959547193));
#12512=CARTESIAN_POINT('',(-5.11523714668797E-05,-0.06,0.00477691959547193));
#12513=CARTESIAN_POINT('',(0.00123115766918356,-0.06,0.0052519914315963));
#12514=CARTESIAN_POINT('',(0.00373097830750473,-0.0595153136116523,0.00624656382931247));
#12515=CARTESIAN_POINT('',(0.00703700633792619,-0.0574187352978556,0.00759871861010076));
#12516=CARTESIAN_POINT('',(0.00938133160188379,-0.0540782530270418,0.00836417573417257));
#12517=CARTESIAN_POINT('',(0.00994927849003582,-0.051366702708807,0.00845866753632304));
#12518=CARTESIAN_POINT('',(0.00994884713274378,-0.0499968510657862,0.00845499797750094));
#12519=CARTESIAN_POINT('',(0.00547153113776745,-0.00837032538247117,0.00832606434131611));
#12520=CARTESIAN_POINT('',(0.00621697667757912,-0.0132254052799905,0.00837802317737589));
#12521=CARTESIAN_POINT('',(0.00770794296082034,-0.0229360548762921,0.00839869422924245));
#12522=CARTESIAN_POINT('',(0.00919892362997133,-0.0326467981647051,0.0083712348507878));
#12523=CARTESIAN_POINT('',(0.00994439249808715,-0.0375020299992533,0.00842499550152586));
#12524=CARTESIAN_POINT('',(0.,0.,0.));
#12525=CARTESIAN_POINT('',(0.,1.22464679914735E-19,0.));
#12526=CARTESIAN_POINT('',(0.004,1.22464679914735E-19,0.));
#12527=CARTESIAN_POINT('',(-0.00285372676116165,0.00878286787242367,9.62964972193618E-35));
#12528=CARTESIAN_POINT('',(-0.0107512349044067,0.00612162360766364,4.30233874933578E-20));
#12529=CARTESIAN_POINT('',(-0.0297053369396519,-0.000265390425125568,1.4627996686751E-19));
#12530=CARTESIAN_POINT('',(-0.04911075478615,-0.00526267289902265,-4.93914060874997E-19));
#12531=CARTESIAN_POINT('',(-0.0604306170531322,-0.00817776340422026,-8.67361737988404E-19));
#12532=CARTESIAN_POINT('',(-0.0604306170531322,-0.00817776340422026,-8.67361737988404E-19));
#12533=CARTESIAN_POINT('',(-0.0607471126389958,-0.00720369015001919,-8.67361737988404E-19));
#12534=CARTESIAN_POINT('',(-0.0610636082248594,-0.00622961689581812,-8.67361737988404E-19));
#12535=CARTESIAN_POINT('',(-0.00307003865722411,0.00944860743383028,0.));
#12536=CARTESIAN_POINT('',(-0.0109468784297626,0.00672375246480662,4.30233874933578E-20));
#12537=CARTESIAN_POINT('',(-0.029851376159426,0.000184072077354929,1.4627996686751E-19));
#12538=CARTESIAN_POINT('',(-0.0495643422549203,-0.00386667421371941,-4.93914060874997E-19));
#12539=CARTESIAN_POINT('',(-0.0610636082248594,-0.00622961689581812,-8.67361737988404E-19));
#12540=CARTESIAN_POINT('',(0.00747115365532636,0.0054281108638573,9.62964972193618E-35));
#12541=CARTESIAN_POINT('',(0.00249969572639597,0.0121167177419908,4.30233874933578E-20));
#12542=CARTESIAN_POINT('',(-0.00943185523116435,0.0281694441136909,1.4627996686751E-19));
#12543=CARTESIAN_POINT('',(-0.0201811571892466,0.0450808479979069,-4.93914060874997E-19));
#12544=CARTESIAN_POINT('',(-0.0264516028242861,0.0549458642642368,-8.67361737988403E-19));
#12545=CARTESIAN_POINT('',(-0.0264516028242861,0.0549458642642368,-8.67361737988403E-19));
#12546=CARTESIAN_POINT('',(-0.0256230066232059,0.0555478746428653,-8.67361737988403E-19));
#12547=CARTESIAN_POINT('',(-0.0247944104221256,0.0561498850214938,-8.67361737988403E-19));
#12548=CARTESIAN_POINT('',(0.00803746555138882,0.00583956054046203,0.));
#12549=CARTESIAN_POINT('',(0.00301189712545674,0.0124888538413123,4.30233874933577E-20));
#12550=CARTESIAN_POINT('',(-0.00904951959010538,0.0284472272168925,1.4627996686751E-19));
#12551=CARTESIAN_POINT('',(-0.0189936497791349,0.0459436226336745,-4.93914060874997E-19));
#12552=CARTESIAN_POINT('',(-0.0247944104221256,0.0561498850214938,-8.67361737988403E-19));
#12553=CARTESIAN_POINT('',(0.00747115365532636,-0.0054281108638573,9.62964972193618E-35));
#12554=CARTESIAN_POINT('',(0.0122961318248522,0.00136691978897556,4.30233874933578E-20));
#12555=CARTESIAN_POINT('',(0.0238761298298239,0.0176750643315772,1.4627996686751E-19));
#12556=CARTESIAN_POINT('',(0.0366381137108914,0.0331241692033967,-4.93914060874997E-19));
#12557=CARTESIAN_POINT('',(0.0440826274508107,0.0421361750607568,-8.67361737988404E-19));
#12558=CARTESIAN_POINT('',(0.0440826274508107,0.0421361750607568,-8.67361737988404E-19));
#12559=CARTESIAN_POINT('',(0.044911223651891,0.0415341646821284,-8.67361737988404E-19));
#12560=CARTESIAN_POINT('',(0.0457398198529712,0.0409321543034999,-8.67361737988404E-19));
#12561=CARTESIAN_POINT('',(0.00803746555138882,-0.00583956054046204,0.));
#12562=CARTESIAN_POINT('',(0.012808333223913,0.000994783689654066,4.30233874933578E-20));
#12563=CARTESIAN_POINT('',(0.0242584654708828,0.0173972812283757,1.4627996686751E-19));
#12564=CARTESIAN_POINT('',(0.0378256211210029,0.0322613945676292,-4.93914060874997E-19));
#12565=CARTESIAN_POINT('',(0.0457398198529712,0.0409321543034999,-8.67361737988404E-19));
#12566=CARTESIAN_POINT('',(-0.00285372676116165,-0.00878286787242367,9.62964972193618E-35));
#12567=CARTESIAN_POINT('',(0.00509973167151198,-0.0112719148525091,4.30233874933578E-20));
#12568=CARTESIAN_POINT('',(0.0241881149858007,-0.0172456536034352,1.4627996686751E-19));
#12569=CARTESIAN_POINT('',(0.042824756746261,-0.0246089855811051,-4.93914060874997E-19));
#12570=CARTESIAN_POINT('',(0.0536961649022862,-0.0289042759207734,-8.67361737988404E-19));
#12571=CARTESIAN_POINT('',(0.0536961649022862,-0.0289042759207734,-8.67361737988404E-19));
#12572=CARTESIAN_POINT('',(0.0533796693164226,-0.0298783491749745,-8.67361737988404E-19));
#12573=CARTESIAN_POINT('',(0.053063173730559,-0.0308524224291756,-8.67361737988404E-19));
#12574=CARTESIAN_POINT('',(-0.00307003865722412,-0.00944860743383028,0.));
#12575=CARTESIAN_POINT('',(0.00490408814615601,-0.011874043709652,4.30233874933578E-20));
#12576=CARTESIAN_POINT('',(0.0240420757660267,-0.0176951161059158,1.4627996686751E-19));
#12577=CARTESIAN_POINT('',(0.0423711692774907,-0.0260049842664084,-4.93914060874997E-19));
#12578=CARTESIAN_POINT('',(0.053063173730559,-0.0308524224291756,-8.67361737988404E-19));
#12579=CARTESIAN_POINT('',(-0.0119207737061119,-0.06,-8.67361737988404E-19));
#12580=CARTESIAN_POINT('',(-0.00149656739085926,-0.06,0.00424142042174936));
#12581=CARTESIAN_POINT('',(-5.11523714668792E-05,-0.06,0.00401802487628798));
#12582=CARTESIAN_POINT('',(-5.11523714668792E-05,-0.06,0.00427098978268263));
#12583=CARTESIAN_POINT('',(-5.1152371466881E-05,-0.06,0.00452395468907728));
#12584=CARTESIAN_POINT('',(-5.1152371466881E-05,-0.06,0.00477691959547193));
#12585=CARTESIAN_POINT('',(-5.11523714668786E-05,-0.06,0.00848304216977102));
#12586=CARTESIAN_POINT('',(0.00995199705869244,-0.06,0.00848304216977102));
#12587=CARTESIAN_POINT('',(0.00994884713274378,-0.0499968510657862,0.00848304216977102));
#12588=CARTESIAN_POINT('',(-5.11523714707745E-05,-0.06,0.00698582629800279));
#12589=CARTESIAN_POINT('',(0.00995199705869703,-0.0599999999999118,0.0069858262979863));
#12590=CARTESIAN_POINT('',(0.00994884713274378,-0.0499968510658018,0.00698582629800279));
#12591=CARTESIAN_POINT('',(-5.11523714629844E-05,-0.06,0.00548861042622547));
#12592=CARTESIAN_POINT('',(0.00995199705870621,-0.0599999999999118,0.00548861042621892));
#12593=CARTESIAN_POINT('',(0.00994884713274378,-0.0499968510658018,0.00548861042622547));
#12594=CARTESIAN_POINT('',(-5.11523714668803E-05,-0.06,0.00399139455445854));
#12595=CARTESIAN_POINT('',(0.00995199705869244,-0.06,0.00399139455445854));
#12596=CARTESIAN_POINT('',(0.00994884713274377,-0.0499968510657862,0.00399139455445854));
#12597=CARTESIAN_POINT('',(0.00793758212772161,-0.0244316926429272,-0.0165));
#12598=CARTESIAN_POINT('',(-28.0890947701363,-86.6999490402907,0.00805962924994856));
#12599=CARTESIAN_POINT('',(0.0387397678010099,-0.00213112309949646,0.00842499550152578));
#12600=CARTESIAN_POINT('',(0.0387395362856742,-0.0021310853075365,0.00842499550152578));
#12601=CARTESIAN_POINT('',(0.0387395362868748,-0.00213108530782807,0.00771043773157704));
#12602=CARTESIAN_POINT('',(0.00306556229351128,0.00943483060292487,0.00840600233227015));
#12603=CARTESIAN_POINT('',(0.0109930674239501,0.00686590757181608,0.0084021909432058));
#12604=CARTESIAN_POINT('',(0.0300191625417865,0.000700465464108332,0.00839304356964046));
#12605=CARTESIAN_POINT('',(0.0490419930720986,-0.0054742996943466,0.00844975757238542));
#12606=CARTESIAN_POINT('',(0.0601386787108537,-0.0090762572341212,0.00848284084349871));
#12607=CARTESIAN_POINT('',(0.0506241938388105,-0.00598796074934081,0.00845499797750094));
#12608=CARTESIAN_POINT('',(0.0506241938388105,-0.00598796074934081,0.00845499797750094));
#12609=CARTESIAN_POINT('',(0.0506241938388105,-0.00598796074934081,0.00820914668183794));
#12610=CARTESIAN_POINT('',(0.0506241938388105,-0.00598796074934081,0.00796329538617495));
#12611=CARTESIAN_POINT('',(0.0506241938388105,-0.00598796074934081,0.00771744409051195));
#12612=CARTESIAN_POINT('',(0.0506241938388105,-0.0059879607493408,0.00771744409051195));
#12613=CARTESIAN_POINT('',(0.00306556229351128,0.00943483060292487,0.00770600233227015));
#12614=CARTESIAN_POINT('',(0.0109930674239501,0.00686590757181608,0.00770511227373465));
#12615=CARTESIAN_POINT('',(0.0300191625417865,0.000700465464108331,0.00770297612395257));
#12616=CARTESIAN_POINT('',(0.0490419930720986,-0.0054742996943466,0.00771622031953928));
#12617=CARTESIAN_POINT('',(0.0601386787108537,-0.00907625723412119,0.00772394612431527));
#12618=CARTESIAN_POINT('',(0.0570475840256234,-0.0185896684587044,0.00848304216977102));
#12619=CARTESIAN_POINT('',(0.0601387271968147,-0.00907610800967719,0.00848304216977102));
#12620=CARTESIAN_POINT('',(0.0506241938388105,-0.0059879607493408,0.00848304216977102));
#12621=CARTESIAN_POINT('',(0.0570475840256234,-0.0185896684587044,0.00698582629800279));
#12622=CARTESIAN_POINT('',(0.0601387271967853,-0.00907610800967719,0.00698582629800007));
#12623=CARTESIAN_POINT('',(0.050624193838812,-0.0059879607493413,0.00698582629800279));
#12624=CARTESIAN_POINT('',(0.0570475840256232,-0.0185896684587047,0.00548861042622547));
#12625=CARTESIAN_POINT('',(0.0601387271967705,-0.00907610800966066,0.00548861042621846));
#12626=CARTESIAN_POINT('',(0.0506241938388444,-0.00598796074935181,0.00548861042622547));
#12627=CARTESIAN_POINT('',(0.0570475840256233,-0.0185896684587044,0.00399139455445854));
#12628=CARTESIAN_POINT('',(0.0601387271968146,-0.00907610800967719,0.00399139455445854));
#12629=CARTESIAN_POINT('',(0.0506241938388105,-0.0059879607493408,0.00399139455445854));
#12630=CARTESIAN_POINT('',(0.0506241938388105,-0.0059879607493408,0.00771744409051195));
#12631=CARTESIAN_POINT('',(0.0512747772024754,-0.0061991216288633,0.00771787197623897));
#12632=CARTESIAN_POINT('',(0.0525082971710819,-0.00674389089232519,0.00769365722010107));
#12633=CARTESIAN_POINT('',(0.054737927865199,-0.0083286220882147,0.00749387560343356));
#12634=CARTESIAN_POINT('',(0.0567763686542296,-0.0110412512617379,0.00685246183990164));
#12635=CARTESIAN_POINT('',(0.0577564348789098,-0.0148307183951329,0.00549308223233191));
#12636=CARTESIAN_POINT('',(0.0574435328391929,-0.0173710633136174,0.00449272891183598));
#12637=CARTESIAN_POINT('',(0.0570475840256233,-0.0185896684587046,0.00401802487628842));
#12638=CARTESIAN_POINT('',(0.0570475840256233,-0.0185896684587046,0.00401802487628842));
#12639=CARTESIAN_POINT('',(0.0570475840256234,-0.0185896684587043,0.00477691959547193));
#12640=CARTESIAN_POINT('',(0.057443839620242,-0.017370119138633,0.0052519914315963));
#12641=CARTESIAN_POINT('',(0.0577553625323747,-0.0148428721000469,0.00624656382931251));
#12642=CARTESIAN_POINT('',(0.0567830169103955,-0.011050774269659,0.00759871861010078));
#12643=CARTESIAN_POINT('',(0.0543304658260749,-0.00778892265996708,0.00836417573417258));
#12644=CARTESIAN_POINT('',(0.0519271334669969,-0.00641085794164322,0.00845866753632304));
#12645=CARTESIAN_POINT('',(0.0506241938388105,-0.00598796074934081,0.00845499797750094));
#12646=CARTESIAN_POINT('',(0.0570475840256234,-0.0185896684587043,0.00477691959547193));
#12647=CARTESIAN_POINT('',(0.0570475840256234,-0.0185896684587043,0.00401802487628798));
#12648=CARTESIAN_POINT('',(0.0570475840256234,-0.0185896684587043,0.00427098978268263));
#12649=CARTESIAN_POINT('',(0.0570475840256234,-0.0185896684587044,0.00452395468907728));
#12650=CARTESIAN_POINT('',(0.0570475840256234,-0.0185896684587044,0.00477691959547193));
#12651=CARTESIAN_POINT('',(0.0566009262207063,-0.0199643398316484,0.00424142042174936));
#12652=CARTESIAN_POINT('',(0.05691742180657,-0.0189902665774473,0.00386197306215763));
#12653=CARTESIAN_POINT('',(0.0566009262207063,-0.0199643398316484,0.00424142042174936));
#12654=CARTESIAN_POINT('',(0.00399782400518441,0.0091327293234801,0.00840555480782111));
#12655=CARTESIAN_POINT('',(0.0116145743836033,0.00666450429675552,0.00840190970413829));
#12656=CARTESIAN_POINT('',(0.0303298631364283,0.000599612796391623,0.00839396988154495));
#12657=CARTESIAN_POINT('',(0.0490419930720986,-0.0054742996943466,0.00844975757238542));
#12658=CARTESIAN_POINT('',(0.0601386787108537,-0.0090762572341212,0.00848284084349871));
#12659=CARTESIAN_POINT('',(-0.000102663590523215,-0.00348727384422059,0.00842202345361682));
#12660=CARTESIAN_POINT('',(0.00743192809915391,-0.00620835731472155,0.00855251609720447));
#12661=CARTESIAN_POINT('',(0.0259682574944757,-0.0128240290834966,0.0088367572409349));
#12662=CARTESIAN_POINT('',(0.0459378121637633,-0.015027986172344,0.00683958956317404));
#12663=CARTESIAN_POINT('',(0.0577801770507554,-0.016334978965806,0.00565522722899914));
#12664=CARTESIAN_POINT('',(-0.00214603917126109,-0.00977613722932347,0.00562017185100978));
#12665=CARTESIAN_POINT('',(0.00540341506405393,-0.0124514784877941,0.00575187952915838));
#12666=CARTESIAN_POINT('',(0.0239721182917598,-0.0189675138456055,0.00603876728041992));
#12667=CARTESIAN_POINT('',(0.0437142042322273,-0.0218715476963646,0.00402300370571223));
#12668=CARTESIAN_POINT('',(0.0554216753906572,-0.0235937006974908,0.00282761361449957));
#12669=CARTESIAN_POINT('',(-0.00213230273702921,-0.00973386083182852,5.05170620428085E-21));
#12670=CARTESIAN_POINT('',(0.00552903527830334,-0.0120648592224623,4.61980456495894E-20));
#12671=CARTESIAN_POINT('',(0.0243414455282806,-0.017830841489935,1.35823654133782E-19));
#12672=CARTESIAN_POINT('',(0.0423711692774907,-0.0260049842664084,-4.93914060874997E-19));
#12673=CARTESIAN_POINT('',(0.053063173730559,-0.0308524224291756,-8.67361737988404E-19));
#12674=CARTESIAN_POINT('',(0.00965144860533177,0.00261716255105399,0.00832606434131611));
#12675=CARTESIAN_POINT('',(0.0144992593191839,0.00182582119185339,0.00837802317737589));
#12676=CARTESIAN_POINT('',(0.024195369814767,0.000243058639428898,0.00839869422924245));
#12677=CARTESIAN_POINT('',(0.0338915738623339,-0.00133971918363702,0.0083712348507878));
#12678=CARTESIAN_POINT('',(0.0387395362857299,-0.00213108530742596,0.00842499550152586));
#12679=CARTESIAN_POINT('',(0.0256887682638891,-7.19021812293011E-07,-0.0165));
#12680=CARTESIAN_POINT('',(0.0387395362856742,-0.0021310853075365,0.00771043773157645));
#12681=CARTESIAN_POINT('',(0.0338915994319563,-0.00133972335766133,0.00766557089883647));
#12682=CARTESIAN_POINT('',(0.0241953818177907,0.000243056680152819,0.00770183431660618));
#12683=CARTESIAN_POINT('',(0.0144993403820987,0.00182580795939839,0.00767754188684187));
#12684=CARTESIAN_POINT('',(0.00965144860533177,0.002617162551054,0.00762323509488148));
#12685=CARTESIAN_POINT('',(0.000580946595071812,-0.00985854711459651,1.81956964065212E-20));
#12686=CARTESIAN_POINT('',(0.00738804457353122,-0.0119935541409634,5.27357028520683E-20));
#12687=CARTESIAN_POINT('',(0.0253059875060442,-0.0176873247253608,1.078795232449E-19));
#12688=CARTESIAN_POINT('',(0.042824756746261,-0.0246089855811051,-4.93914060874997E-19));
#12689=CARTESIAN_POINT('',(0.0536961649022862,-0.0289042759207734,-8.67361737988404E-19));
#12690=CARTESIAN_POINT('',(0.00062468920300233,-0.00972392121029564,0.00519109545620558));
#12691=CARTESIAN_POINT('',(0.00734973270363527,-0.0121114659522205,0.00529314653051627));
#12692=CARTESIAN_POINT('',(0.0251366739991097,-0.0182084181182746,0.00545607313915939));
#12693=CARTESIAN_POINT('',(0.0440850856565078,-0.0207300920426123,0.00367802825461263));
#12694=CARTESIAN_POINT('',(0.055843669505142,-0.022294936358556,0.00257464870810509));
#12695=CARTESIAN_POINT('',(0.0025941267816946,-0.00366261559686014,0.00775963742408498));
#12696=CARTESIAN_POINT('',(0.0093122250115597,-0.00607153568428843,0.00786145031300129));
#12697=CARTESIAN_POINT('',(0.0270880780414773,-0.0122026140227025,0.00802399665383442));
#12698=CARTESIAN_POINT('',(0.0461574977651204,-0.0143518634136928,0.00625010169445906));
#12699=CARTESIAN_POINT('',(0.0579911741079979,-0.0156855967963386,0.00514929741621018));
#12700=CARTESIAN_POINT('',(0.00648925933114862,0.00832536972570998,0.0077056259036382));
#12701=CARTESIAN_POINT('',(0.0132755214973045,0.00612623666283289,0.00770491134745506));
#12702=CARTESIAN_POINT('',(0.0311601996331471,0.000330087561355574,0.0077037705440251));
#12703=CARTESIAN_POINT('',(0.0490419930720986,-0.0054742996943466,0.00771622031953928));
#12704=CARTESIAN_POINT('',(0.0601386787108537,-0.00907625723412119,0.00772394612431527));
#12705=CARTESIAN_POINT('',(-0.0352257319997291,0.0485710862720649,0.00848304216977102));
#12706=CARTESIAN_POINT('',(-0.0433184498860001,0.0426913825605394,0.00848304216977102));
#12707=CARTESIAN_POINT('',(-0.0374361981223605,0.0346005165555152,0.00848304216977102));
#12708=CARTESIAN_POINT('',(-0.0352257319997155,0.0485710862720748,0.00698582629800149));
#12709=CARTESIAN_POINT('',(-0.0433184498859413,0.04269138256051,0.00698582629799089));
#12710=CARTESIAN_POINT('',(-0.0374361981223533,0.0346005165555053,0.00698582629800149));
#12711=CARTESIAN_POINT('',(-0.0352257319997412,0.0485710862720562,0.00548861042622547));
#12712=CARTESIAN_POINT('',(-0.0433184498860221,0.0426913825605614,0.0054886104262327));
#12713=CARTESIAN_POINT('',(-0.0374361981223531,0.034600516555505,0.00548861042622547));
#12714=CARTESIAN_POINT('',(-0.0352257319997291,0.0485710862720649,0.00399139455445854));
#12715=CARTESIAN_POINT('',(-0.0433184498860001,0.0426913825605394,0.00399139455445854));
#12716=CARTESIAN_POINT('',(-0.0374361981223605,0.0346005165555152,0.00399139455445854));
#12717=CARTESIAN_POINT('',(-0.0374361981223605,0.0346005165555151,0.00771744409051195));
#12718=CARTESIAN_POINT('',(-0.0378384138689786,0.0351537526021451,0.00771787197623897));
#12719=CARTESIAN_POINT('',(-0.0385161451475169,0.036319525040254,0.00769365722010107));
#12720=CARTESIAN_POINT('',(-0.0393884726444461,0.0389121435493055,0.00749387560343357));
#12721=CARTESIAN_POINT('',(-0.0394431624616635,0.0423048720835866,0.00685246183990163));
#12722=CARTESIAN_POINT('',(-0.0380086597979862,0.0459466838672655,0.00549308223233191));
#12723=CARTESIAN_POINT('',(-0.0362623394514593,0.0478179468735357,0.00449272891183598));
#12724=CARTESIAN_POINT('',(-0.0352257319997289,0.048571086272065,0.00401802487628842));
#12725=CARTESIAN_POINT('',(-0.0374361981223605,0.0346005165555151,0.00771744409051195));
#12726=CARTESIAN_POINT('',(-0.0352257319997289,0.048571086272065,0.00401802487628842));
#12727=CARTESIAN_POINT('',(-0.0374361981223605,0.0346005165555151,0.00845499797750094));
#12728=CARTESIAN_POINT('',(-0.0374361981223605,0.0346005165555151,0.00820914668183794));
#12729=CARTESIAN_POINT('',(-0.0374361981223605,0.0346005165555152,0.00796329538617495));
#12730=CARTESIAN_POINT('',(-0.0374361981223605,0.0346005165555152,0.00771744409051195));
#12731=CARTESIAN_POINT('',(-0.0374361981223605,0.0346005165555152,0.00845499797750094));
#12732=CARTESIAN_POINT('',(-0.0352257319997291,0.0485710862720649,0.00477691959547193));
#12733=CARTESIAN_POINT('',(-0.0362631426146729,0.047817363341304,0.0052519914315963));
#12734=CARTESIAN_POINT('',(-0.0380006484829063,0.0459558861116069,0.00624656382931248));
#12735=CARTESIAN_POINT('',(-0.0394429435302713,0.0423164841057601,0.00759871861010076));
#12736=CARTESIAN_POINT('',(-0.0393760562948266,0.0382360173625326,0.00836417573417256));
#12737=CARTESIAN_POINT('',(-0.0382417256913366,0.0357084962690367,0.00845866753632304));
#12738=CARTESIAN_POINT('',(-0.0374361981223605,0.0346005165555151,0.00845499797750094));
#12739=CARTESIAN_POINT('',(-0.0352257319997291,0.0485710862720649,0.00477691959547193));
#12740=CARTESIAN_POINT('',(-0.0352257319997291,0.0485710862720649,0.00401802487628798));
#12741=CARTESIAN_POINT('',(-0.0352257319997291,0.0485710862720649,0.00427098978268263));
#12742=CARTESIAN_POINT('',(-0.0352257319997291,0.0485710862720649,0.00452395468907728));
#12743=CARTESIAN_POINT('',(-0.0352257319997291,0.0485710862720649,0.00477691959547193));
#12744=CARTESIAN_POINT('',(-0.0340563666851159,0.0494206799039058,0.00424142042174936));
#12745=CARTESIAN_POINT('',(-0.0348849628861961,0.0488186695252773,0.00386197306215763));
#12746=CARTESIAN_POINT('',(-0.0340563666851159,0.0494206799039058,0.00424142042174936));
#12747=CARTESIAN_POINT('',(73.6853207491641,53.6312414645113,0.00805962935875649));
#12748=CARTESIAN_POINT('',(-0.0300884877981309,0.0244947790131124,0.00842499550152578));
#12749=CARTESIAN_POINT('',(-0.0300883226941682,0.0244946123396282,0.00842499550152578));
#12750=CARTESIAN_POINT('',(-0.0300883226949682,0.0244946123405698,0.00771043773157704));
#12751=CARTESIAN_POINT('',(-0.00802574627904261,-0.00583104599070524,0.00840600233227014));
#12752=CARTESIAN_POINT('',(-0.012929257580602,0.000906927001847844,0.0084021909432058));
#12753=CARTESIAN_POINT('',(-0.0246977359227523,0.0170781325637964,0.00839304356964046));
#12754=CARTESIAN_POINT('',(-0.0364580932063801,0.0332549617558372,0.00844975757238542));
#12755=CARTESIAN_POINT('',(-0.0433183229481061,0.0426914747863177,0.00848284084349871));
#12756=CARTESIAN_POINT('',(-0.00802574627904261,-0.00583104599070524,0.00770600233227015));
#12757=CARTESIAN_POINT('',(-0.012929257580602,0.000906927001847844,0.00770511227373465));
#12758=CARTESIAN_POINT('',(-0.0246977359227523,0.0170781325637964,0.00770297612395257));
#12759=CARTESIAN_POINT('',(-0.0364580932063801,0.0332549617558372,0.00771622031953928));
#12760=CARTESIAN_POINT('',(-0.0433183229481061,0.0426914747863177,0.00772394612431526));
#12761=CARTESIAN_POINT('',(-0.0207822274596287,0.0151000608359384,-0.0165));
#12762=CARTESIAN_POINT('',(-0.0300883226941682,0.0244946123396282,0.00771043773157645));
#12763=CARTESIAN_POINT('',(-0.0266314102752159,0.021004841286817,0.00766557089883647));
#12764=CARTESIAN_POINT('',(-0.0197173402080483,0.0140250516212429,0.00770183431660619));
#12765=CARTESIAN_POINT('',(-0.0128033957683973,0.00704538877694796,0.00767754188684186));
#12766=CARTESIAN_POINT('',(-0.00934651549241147,0.0035556501726284,0.00762323509488147));
#12767=CARTESIAN_POINT('',(-0.00934651549241147,0.0035556501726284,0.00832606434131611));
#12768=CARTESIAN_POINT('',(-0.0128033379649636,0.00704533042408121,0.00837802317737589));
#12769=CARTESIAN_POINT('',(-0.0197173316490318,0.0140250429809549,0.00839869422924245));
#12770=CARTESIAN_POINT('',(-0.0266313920423867,0.0210048228805134,0.0083712348507878));
#12771=CARTESIAN_POINT('',(-0.0300883226942782,0.0244946123395716,0.00842499550152586));
#12772=CARTESIAN_POINT('',(-0.00860239117023493,-0.00503867123621361,0.00840555480782111));
#12773=CARTESIAN_POINT('',(-0.0133136853982397,0.00143517829917588,0.00840190970413829));
#12774=CARTESIAN_POINT('',(-0.0248898182732416,0.0173423493133162,0.00839396988154495));
#12775=CARTESIAN_POINT('',(-0.0364580932063801,0.0332549617558372,0.00844975757238542));
#12776=CARTESIAN_POINT('',(-0.0433183229481061,0.0426914747863177,0.0084828408434987));
#12777=CARTESIAN_POINT('',(0.00213282472577497,0.00276091965955677,0.00842202345361681));
#12778=CARTESIAN_POINT('',(-0.00236337526263278,0.00939104430754245,0.00855251609720447));
#12779=CARTESIAN_POINT('',(-0.0134709864570864,0.0256386162478936,0.0088367572409349));
#12780=CARTESIAN_POINT('',(-0.0283312420811297,0.0391594647170998,0.00683958956317404));
#12781=CARTESIAN_POINT('',(-0.037143685439446,0.0471776115313764,0.00565522722899914));
#12782=CARTESIAN_POINT('',(0.00748245144792828,0.00664765098215506,0.00562017185100978));
#12783=CARTESIAN_POINT('',(0.00294734080988116,0.0132495053883854,0.00575187952915838));
#12784=CARTESIAN_POINT('',(-0.00824502617810001,0.029435498640244,0.00603876728041992));
#12785=CARTESIAN_POINT('',(-0.0225097609387146,0.0433890183430456,0.00402300370571223));
#12786=CARTESIAN_POINT('',(-0.0309690479307858,0.0516637482764351,0.00282761361449956));
#12787=CARTESIAN_POINT('',(0.007446488996225,0.00662152273158129,5.05170620428085E-21));
#12788=CARTESIAN_POINT('',(0.00261846281930215,0.0130105615417048,4.61980456495894E-20));
#12789=CARTESIAN_POINT('',(-0.00921193743628252,0.0287329964903672,1.35823654133782E-19));
#12790=CARTESIAN_POINT('',(-0.0189936497791349,0.0459436226336745,-4.93914060874997E-19));
#12791=CARTESIAN_POINT('',(-0.0247944104221256,0.0561498850214938,-8.67361737988403E-19));
#12792=CARTESIAN_POINT('',(0.00532471293475298,0.00831720399650742,1.81956964065213E-20));
#12793=CARTESIAN_POINT('',(0.00107258063144323,0.0140455727665965,5.27357028520684E-20));
#12794=CARTESIAN_POINT('',(-0.0100766253257548,0.0291838325385955,1.07879523244899E-19));
#12795=CARTESIAN_POINT('',(-0.0201811571892466,0.0450808479979069,-4.93914060874997E-19));
#12796=CARTESIAN_POINT('',(-0.0264516028242861,0.0549458642642368,-8.67361737988403E-19));
#12797=CARTESIAN_POINT('',(0.00521019330043433,0.0082340006118833,0.00519109545620559));
#12798=CARTESIAN_POINT('',(0.00117288240900337,0.0141184462736285,0.00529314653051627));
#12799=CARTESIAN_POINT('',(-0.00963335680984573,0.0295058859667292,0.00545607313915939));
#12800=CARTESIAN_POINT('',(-0.0234807411132769,0.042683559952376,0.00367802825461263));
#12801=CARTESIAN_POINT('',(-0.0320738428655594,0.0508610677715971,0.00257464870810509));
#12802=CARTESIAN_POINT('',(5.41387806966571E-05,0.00448790772657963,0.00775963742408499));
#12803=CARTESIAN_POINT('',(-0.00396498915580302,0.0103855640783672,0.00786145031300129));
#12804=CARTESIAN_POINT('',(-0.0147421989185482,0.0257940949058923,0.00802399665383442));
#12805=CARTESIAN_POINT('',(-0.0289063864523215,0.0387415978716861,0.00625010169445906));
#12806=CARTESIAN_POINT('',(-0.0376960829068328,0.0467762712789574,0.00514929741621018));
#12807=CARTESIAN_POINT('',(-0.01014345062446,-0.00292107465940358,0.0077056259036382));
#12808=CARTESIAN_POINT('',(-0.0143410340629759,0.00284692618081262,0.00770491134745506));
#12809=CARTESIAN_POINT('',(-0.025403151651862,0.0180484593560848,0.0077037705440251));
#12810=CARTESIAN_POINT('',(-0.0364580932063801,0.0332549617558372,0.00771622031953928));
#12811=CARTESIAN_POINT('',(-0.0433183229481061,0.0426914747863177,0.00772394612431526));
#12812=CARTESIAN_POINT('',(-28.2363964386389,86.6520879760623,0.00805962921482779));
#12813=CARTESIAN_POINT('',(-0.0325937732377765,-0.0210465493860286,0.00842499550152578));
#12814=CARTESIAN_POINT('',(-0.0325935637244625,-0.0210464438791087,0.00842499550152578));
#12815=CARTESIAN_POINT('',(-0.0325935637256052,-0.0210464438795785,0.00771043773157704));
#12816=CARTESIAN_POINT('',(0.00306556229351128,-0.00943483060292487,0.00840600233227015));
#12817=CARTESIAN_POINT('',(-0.00485789915196854,-0.0120161988166615,0.0084021909432058));
#12818=CARTESIAN_POINT('',(-0.0238742893836661,-0.0182115094926691,0.00839304356964046));
#12819=CARTESIAN_POINT('',(-0.0428935184603123,-0.0243973587857812,0.00844975757238542));
#12820=CARTESIAN_POINT('',(-0.0539881032445648,-0.0280057820908725,0.00848284084349871));
#12821=CARTESIAN_POINT('',(-0.044475468161898,-0.0249117925397814,0.00845499797750094));
#12822=CARTESIAN_POINT('',(-0.044475468161898,-0.0249117925397814,0.00845499797750094));
#12823=CARTESIAN_POINT('',(-0.044475468161898,-0.0249117925397814,0.00820914668183794));
#12824=CARTESIAN_POINT('',(-0.044475468161898,-0.0249117925397814,0.00796329538617495));
#12825=CARTESIAN_POINT('',(-0.044475468161898,-0.0249117925397814,0.00771744409051195));
#12826=CARTESIAN_POINT('',(-0.0444754681618979,-0.0249117925397814,0.00771744409051195));
#12827=CARTESIAN_POINT('',(0.00306556229351128,-0.00943483060292487,0.00770600233227015));
#12828=CARTESIAN_POINT('',(-0.00485789915196854,-0.0120161988166615,0.00770511227373465));
#12829=CARTESIAN_POINT('',(-0.0238742893836661,-0.0182115094926691,0.00770297612395257));
#12830=CARTESIAN_POINT('',(-0.0428935184603123,-0.0243973587857812,0.00771622031953928));
#12831=CARTESIAN_POINT('',(-0.0539881032445648,-0.0280057820908725,0.00772394612431527));
#12832=CARTESIAN_POINT('',(-0.0570791979297951,-0.0184923708662893,0.00848304216977102));
#12833=CARTESIAN_POINT('',(-0.0539880547586038,-0.0280059313153165,0.00848304216977102));
#12834=CARTESIAN_POINT('',(-0.044475468161898,-0.0249117925397814,0.00848304216977102));
#12835=CARTESIAN_POINT('',(-0.0570791979297951,-0.0184923708662893,0.00698582629800149));
#12836=CARTESIAN_POINT('',(-0.0539880547586038,-0.0280059313153018,0.00698582629799915));
#12837=CARTESIAN_POINT('',(-0.0444754681618949,-0.0249117925397805,0.00698582629800149));
#12838=CARTESIAN_POINT('',(-0.0570791979297951,-0.0184923708662893,0.00548861042622547));
#12839=CARTESIAN_POINT('',(-0.0539880547585817,-0.0280059313153055,0.00548861042622444));
#12840=CARTESIAN_POINT('',(-0.0444754681618957,-0.0249117925397807,0.00548861042622547));
#12841=CARTESIAN_POINT('',(-0.0570791979297951,-0.0184923708662893,0.00399139455445854));
#12842=CARTESIAN_POINT('',(-0.0539880547586038,-0.0280059313153165,0.00399139455445854));
#12843=CARTESIAN_POINT('',(-0.044475468161898,-0.0249117925397814,0.00399139455445854));
#12844=CARTESIAN_POINT('',(-0.0444754681618979,-0.0249117925397814,0.00771744409051195));
#12845=CARTESIAN_POINT('',(-0.0451259184102049,-0.0251233631062497,0.00771787197623897));
#12846=CARTESIAN_POINT('',(-0.0464440643666735,-0.025407680360051,0.00769365722010108));
#12847=CARTESIAN_POINT('',(-0.049179355115186,-0.025436149931121,0.00749387560343358));
#12848=CARTESIAN_POINT('',(-0.0524229317786739,-0.0244397522637669,0.00685246183990164));
#12849=CARTESIAN_POINT('',(-0.0554432149051098,-0.0219500774263621,0.00549308223233194));
#12850=CARTESIAN_POINT('',(-0.0566832491162256,-0.0197109760113763,0.00449272891183598));
#12851=CARTESIAN_POINT('',(-0.0570791979297951,-0.0184923708662891,0.00401802487628842));
#12852=CARTESIAN_POINT('',(-0.0570791979297951,-0.0184923708662891,0.00401802487628842));
#12853=CARTESIAN_POINT('',(-0.0570791979297951,-0.0184923708662893,0.00477691959547193));
#12854=CARTESIAN_POINT('',(-0.0566829423351765,-0.0197119201863606,0.0052519914315963));
#12855=CARTESIAN_POINT('',(-0.0554494911270484,-0.0219396145630634,0.00624656382931247));
#12856=CARTESIAN_POINT('',(-0.0524339078145088,-0.0244359557354491,0.00759871861010077));
#12857=CARTESIAN_POINT('',(-0.0485324840363773,-0.0256332757629615,0.00836417573417256));
#12858=CARTESIAN_POINT('',(-0.0457781411966166,-0.0253355102224108,0.00845866753632304));
#12859=CARTESIAN_POINT('',(-0.044475468161898,-0.0249117925397814,0.00845499797750094));
#12860=CARTESIAN_POINT('',(-0.0570791979297951,-0.0184923708662893,0.00477691959547193));
#12861=CARTESIAN_POINT('',(-0.0570791979297951,-0.0184923708662893,0.00401802487628798));
#12862=CARTESIAN_POINT('',(-0.0570791979297951,-0.0184923708662893,0.00427098978268263));
#12863=CARTESIAN_POINT('',(-0.0570791979297951,-0.0184923708662893,0.00452395468907728));
#12864=CARTESIAN_POINT('',(-0.0570791979297951,-0.0184923708662893,0.00477691959547193));
#12865=CARTESIAN_POINT('',(-0.0575258557347121,-0.0171176994933453,0.00424142042174936));
#12866=CARTESIAN_POINT('',(-0.0572093601488485,-0.0180917727475464,0.00386197306215763));
#12867=CARTESIAN_POINT('',(-0.0575258557347121,-0.0171176994933453,0.00424142042174936));
#12868=CARTESIAN_POINT('',(0.00213377604880631,-0.00973839521923004,0.00840555480782111));
#12869=CARTESIAN_POINT('',(-0.00547909071929427,-0.012218572769496,0.00840190970413829));
#12870=CARTESIAN_POINT('',(-0.0241849311556319,-0.0183125431979672,0.00839396988154495));
#12871=CARTESIAN_POINT('',(-0.0428935184603123,-0.0243973587857812,0.00844975757238542));
#12872=CARTESIAN_POINT('',(-0.0539881032445648,-0.0280057820908725,0.00848284084349871));
#12873=CARTESIAN_POINT('',(-0.00196671154690131,0.00288160794847064,0.00842202345361681));
#12874=CARTESIAN_POINT('',(-0.00966173700374363,0.000654288841981049,0.00855251609720447));
#12875=CARTESIAN_POINT('',(-0.0285465367975845,-0.00488890131807897,0.0088367572409349));
#12876=CARTESIAN_POINT('',(-0.0459976993686477,-0.0148436723077838,0.00683958956317404));
#12877=CARTESIAN_POINT('',(-0.056346604904663,-0.0207470603591877,0.00565522722899914));
#12878=CARTESIAN_POINT('',(-0.00401008712763918,0.00917047133357353,0.00562017185100978));
#12879=CARTESIAN_POINT('',(-0.0116902500388436,0.00689741001505365,0.00575187952915838));
#12880=CARTESIAN_POINT('',(-0.0305426760003003,0.0012545834440299,0.00603876728041992));
#12881=CARTESIAN_POINT('',(-0.0482213073001837,-0.00800011078376322,0.00402300370571223));
#12882=CARTESIAN_POINT('',(-0.0587051065647612,-0.0134883386275029,0.00282761361449957));
#12883=CARTESIAN_POINT('',(-0.0039963506934073,0.00912819493607859,5.05170620428085E-21));
#12884=CARTESIAN_POINT('',(-0.0115646298245942,0.0065107907497218,4.61980456495894E-20));
#12885=CARTESIAN_POINT('',(-0.0301733487637796,0.000117911088359416,1.35823654133782E-19));
#12886=CARTESIAN_POINT('',(-0.0495643422549203,-0.00386667421371941,-4.93914060874997E-19));
#12887=CARTESIAN_POINT('',(-0.0610636082248594,-0.00622961689581811,-8.67361737988404E-19));
#12888=CARTESIAN_POINT('',(-0.0062698563916881,-0.00779030813431714,0.00832606434131611));
#12889=CARTESIAN_POINT('',(-0.0106569564251746,-0.00999957116987983,0.00837802317737589));
#12890=CARTESIAN_POINT('',(-0.0194315990816346,-0.0144183201208102,0.00839869422924245));
#12891=CARTESIAN_POINT('',(-0.028206326399097,-0.0188371117060084,0.0083712348507878));
#12892=CARTESIAN_POINT('',(-0.0325935637244426,-0.0210464438792308,0.00842499550152586));
#12893=CARTESIAN_POINT('',(-0.0207830727204634,-0.0150988974342074,-0.0165));
#12894=CARTESIAN_POINT('',(-0.0325935637244625,-0.0210464438791087,0.00771043773157645));
#12895=CARTESIAN_POINT('',(-0.0282063495387861,-0.0188371233585988,0.00766557089883647));
#12896=CARTESIAN_POINT('',(-0.0194316099439184,-0.0144183255909228,0.00770183431660618));
#12897=CARTESIAN_POINT('',(-0.0106570297842922,-0.00999960811218464,0.00767754188684187));
#12898=CARTESIAN_POINT('',(-0.0062698563916881,-0.00779030813431714,0.00762323509488148));
#12899=CARTESIAN_POINT('',(-0.00626470427122771,0.00763426031460194,1.81956964065213E-20));
#12900=CARTESIAN_POINT('',(-0.013026687861816,0.00536040547939431,5.27357028520684E-20));
#12901=CARTESIAN_POINT('',(-0.030869322577905,-0.000565139962905277,1.07879523244899E-19));
#12902=CARTESIAN_POINT('',(-0.04911075478615,-0.00526267289902265,-4.93914060874997E-19));
#12903=CARTESIAN_POINT('',(-0.0604306170531322,-0.00817776340422026,-8.67361737988404E-19));
#12904=CARTESIAN_POINT('',(-0.0062209616632972,0.00749963441030106,0.00519109545620559));
#12905=CARTESIAN_POINT('',(-0.0130649997317119,0.00547831729065145,0.00529314653051627));
#12906=CARTESIAN_POINT('',(-0.0310386360848395,-4.4046569991472E-05,0.00545607313915939));
#12907=CARTESIAN_POINT('',(-0.0478504258759032,-0.00914156643751546,0.00367802825461263));
#12908=CARTESIAN_POINT('',(-0.0582831124502764,-0.0147871029664377,0.00257464870810509));
#12909=CARTESIAN_POINT('',(-0.00425152408460493,0.00143832879686557,0.00775963742408499));
#12910=CARTESIAN_POINT('',(-0.0111025074237875,-0.000561612977280636,0.00786145031300129));
#12911=CARTESIAN_POINT('',(-0.0290872320424719,-0.0060498506655636,0.00802399665383442));
#12912=CARTESIAN_POINT('',(-0.0457780137672906,-0.015519795066435,0.00625010169445906));
#12913=CARTESIAN_POINT('',(-0.0561356078474206,-0.0213964425286551,0.00514929741621018));
#12914=CARTESIAN_POINT('',(-0.000356391535150904,-0.0105496565257045,0.0077056259036382));
#12915=CARTESIAN_POINT('',(-0.00713921093804268,-0.0127593853244019,0.00770491134745506));
#12916=CARTESIAN_POINT('',(-0.0250151104508021,-0.0185825522496217,0.0077037705440251));
#12917=CARTESIAN_POINT('',(-0.0428935184603123,-0.0243973587857812,0.00771622031953928));
#12918=CARTESIAN_POINT('',(-0.0539881032445648,-0.0280057820908725,0.00772394612431527));
#12919=CARTESIAN_POINT('',(73.7764783872639,-53.5060267614818,0.00805962927827942));
#12920=CARTESIAN_POINT('',(0.0139980651194762,0.0361851553521039,0.00842499550152578));
#12921=CARTESIAN_POINT('',(0.0139979576349917,0.0361849468462514,0.00842499550152578));
#12922=CARTESIAN_POINT('',(0.01399795763564,0.0361849468473033,0.00771043773157704));
#12923=CARTESIAN_POINT('',(-0.00802574627904261,0.00583104599070524,0.00840600233227015));
#12924=CARTESIAN_POINT('',(-0.0031328214821457,0.0125767105291185,0.0084021909432058));
#12925=CARTESIAN_POINT('',(0.00861024913823595,0.0287663758814717,0.00839304356964046));
#12926=CARTESIAN_POINT('',(0.0203611776937578,0.0449500554454665,0.00844975757238542));
#12927=CARTESIAN_POINT('',(0.0272159073269907,0.054390564538676,0.00848284084349871));
#12928=CARTESIAN_POINT('',(0.0213386253127042,0.0462960877993933,0.00845499797750094));
#12929=CARTESIAN_POINT('',(0.0213386253127042,0.0462960877993933,0.00845499797750094));
#12930=CARTESIAN_POINT('',(0.0213386253127042,0.0462960877993933,0.00820914668183794));
#12931=CARTESIAN_POINT('',(0.0213386253127042,0.0462960877993933,0.00796329538617495));
#12932=CARTESIAN_POINT('',(0.0213386253127042,0.0462960877993933,0.00771744409051195));
#12933=CARTESIAN_POINT('',(0.0213386253127042,0.0462960877993932,0.00771744409051195));
#12934=CARTESIAN_POINT('',(-0.00802574627904261,0.00583104599070524,0.00770600233227015));
#12935=CARTESIAN_POINT('',(-0.0031328214821457,0.0125767105291185,0.00770511227373465));
#12936=CARTESIAN_POINT('',(0.00861024913823596,0.0287663758814717,0.00770297612395257));
#12937=CARTESIAN_POINT('',(0.0203611776937578,0.0449500554454665,0.00771622031953928));
#12938=CARTESIAN_POINT('',(0.0272159073269907,0.054390564538676,0.00772394612431527));
#12939=CARTESIAN_POINT('',(0.0353084982753677,0.0485109530529289,0.00848304216977102));
#12940=CARTESIAN_POINT('',(0.0272157803890967,0.0543906567644544,0.00848304216977102));
#12941=CARTESIAN_POINT('',(0.0213386253127042,0.0462960877993933,0.00848304216977102));
#12942=CARTESIAN_POINT('',(0.0353084982753541,0.0485109530529387,0.0069858262979976));
#12943=CARTESIAN_POINT('',(0.0272157803891114,0.0543906567644838,0.00698582629800375));
#12944=CARTESIAN_POINT('',(0.0213386253127042,0.0462960877993933,0.0069858262979976));
#12945=CARTESIAN_POINT('',(0.0353084982753677,0.0485109530529289,0.0054886104262391));
#12946=CARTESIAN_POINT('',(0.0272157803890967,0.0543906567644544,0.00548861042623958));
#12947=CARTESIAN_POINT('',(0.0213386253127042,0.0462960877993933,0.0054886104262391));
#12948=CARTESIAN_POINT('',(0.0353084982753677,0.0485109530529289,0.00399139455445853));
#12949=CARTESIAN_POINT('',(0.0272157803890967,0.0543906567644544,0.00399139455445853));
#12950=CARTESIAN_POINT('',(0.0213386253127042,0.0462960877993933,0.00399139455445853));
#12951=CARTESIAN_POINT('',(0.0213386253127042,0.0462960877993932,0.00771744409051195));
#12952=CARTESIAN_POINT('',(0.0217404925587907,0.0468495770464804,0.00771787197623897));
#12953=CARTESIAN_POINT('',(0.0226397775498836,0.0478543812901809,0.00769365722010108));
#12954=CARTESIAN_POINT('',(0.0248359402559728,0.0494851772197067,0.00749387560343357));
#12955=CARTESIAN_POINT('',(0.028045716753582,0.05058560110114,0.00685246183990163));
#12956=CARTESIAN_POINT('',(0.0319525712831226,0.0503466897266786,0.00549308223233194));
#12957=CARTESIAN_POINT('',(0.0342718908236376,0.0492640924514581,0.00449272891183598));
#12958=CARTESIAN_POINT('',(0.0353084982753679,0.0485109530529287,0.00401802487628842));
#12959=CARTESIAN_POINT('',(0.0353084982753678,0.0485109530529287,0.00401802487628842));
#12960=CARTESIAN_POINT('',(0.0353084982753677,0.0485109530529288,0.00477691959547193));
#12961=CARTESIAN_POINT('',(0.0342710876604239,0.0492646759836897,0.0052519914315963));
#12962=CARTESIAN_POINT('',(0.0319637987700751,0.0503419141631558,0.00624656382931246));
#12963=CARTESIAN_POINT('',(0.0280568280964583,0.0505889811972035,0.00759871861010077));
#12964=CARTESIAN_POINT('',(0.0241967429032452,0.0492644340874378,0.00836417573417257));
#12965=CARTESIAN_POINT('',(0.0221434549309205,0.0474045746038243,0.00845866753632304));
#12966=CARTESIAN_POINT('',(0.0213386253127042,0.0462960877993933,0.00845499797750094));
#12967=CARTESIAN_POINT('',(0.0353084982753677,0.0485109530529288,0.00477691959547193));
#12968=CARTESIAN_POINT('',(0.0353084982753677,0.0485109530529288,0.00401802487628798));
#12969=CARTESIAN_POINT('',(0.0353084982753677,0.0485109530529288,0.00427098978268263));
#12970=CARTESIAN_POINT('',(0.0353084982753677,0.0485109530529288,0.00452395468907728));
#12971=CARTESIAN_POINT('',(0.0353084982753677,0.0485109530529288,0.00477691959547193));
#12972=CARTESIAN_POINT('',(0.0364778635899809,0.047661359421088,0.00424142042174936));
#12973=CARTESIAN_POINT('',(0.0356492673889007,0.0482633697997164,0.00386197306215763));
#12974=CARTESIAN_POINT('',(0.0364778635899809,0.047661359421088,0.00424142042174936));
#12975=CARTESIAN_POINT('',(-0.00745034617653349,0.0066243251371136,0.00840555480782111));
#12976=CARTESIAN_POINT('',(-0.00274921937234104,0.013105561738303,0.00840190970413829));
#12977=CARTESIAN_POINT('',(0.00880217748896037,0.02903070451837,0.00839396988154495));
#12978=CARTESIAN_POINT('',(0.0203611776937578,0.0449500554454665,0.00844975757238542));
#12979=CARTESIAN_POINT('',(0.0272159073269907,0.054390564538676,0.00848284084349871));
#12980=CARTESIAN_POINT('',(0.00328486971947641,-0.00117526575865677,0.00842202345361682));
#12981=CARTESIAN_POINT('',(0.00820109076326587,0.0051496957299364,0.00855251609720447));
#12982=CARTESIAN_POINT('',(0.0202210093051156,0.0207344375837925,0.0088367572409349));
#12983=CARTESIAN_POINT('',(0.0284880288190082,0.0390455524842038,0.00683958956317404));
#12984=CARTESIAN_POINT('',(0.0333905448356508,0.0499044277936173,0.00565522722899914));
#12985=CARTESIAN_POINT('',(0.00863449644162972,-0.00506199708125508,0.00562017185100978));
#12986=CARTESIAN_POINT('',(0.0135118068357798,0.00129123464909342,0.00575187952915838));
#12987=CARTESIAN_POINT('',(0.0254469695841019,0.0169375551914422,0.00603876728041992));
#12988=CARTESIAN_POINT('',(0.0343095099614233,0.034815998858258,0.00402300370571223));
#12989=CARTESIAN_POINT('',(0.039565182344311,0.0454182910485586,0.00282761361449957));
#12990=CARTESIAN_POINT('',(0.00859853398992644,-0.0050358688306813,5.05170620428085E-21));
#12991=CARTESIAN_POINT('',(0.0131829288452008,0.00153017849577402,4.61980456495894E-20));
#12992=CARTESIAN_POINT('',(0.0244800583259194,0.0176400573413189,1.35823654133782E-19));
#12993=CARTESIAN_POINT('',(0.0378256211210029,0.0322613945676292,-4.93914060874997E-19));
#12994=CARTESIAN_POINT('',(0.0457398198529712,0.0409321543034999,-8.67361737988404E-19));
#12995=CARTESIAN_POINT('',(0.000493392141000357,0.00998782079310592,0.00832606434131611));
#12996=CARTESIAN_POINT('',(0.00274405839337521,0.0143538248339357,0.00837802317737589));
#12997=CARTESIAN_POINT('',(0.00724561795507896,0.0230862733767185,0.00839869422924246));
#12998=CARTESIAN_POINT('',(0.0117472209491786,0.0318188061738372,0.0083712348507878));
#12999=CARTESIAN_POINT('',(0.0139979576349038,0.0361849468463386,0.00842499550152586));
#13000=CARTESIAN_POINT('',(0.00793894978848149,0.0244312482630085,-0.0165));
#13001=CARTESIAN_POINT('',(0.0139979576349917,0.0361849468462514,0.00771043773157645));
#13002=CARTESIAN_POINT('',(0.0117472328203595,0.0318188292021488,0.00766557089883647));
#13003=CARTESIAN_POINT('',(0.00724562352759958,0.0230862841868228,0.00770183431660618));
#13004=CARTESIAN_POINT('',(0.00274409602800602,0.0143538978402955,0.00767754188684187));
#13005=CARTESIAN_POINT('',(0.000493392141000351,0.00998782079310592,0.00762323509488148));
#13006=CARTESIAN_POINT('',(0.00955555784524125,-0.00249394555339388,1.81956964065213E-20));
#13007=CARTESIAN_POINT('',(0.0136895791477227,0.00332023588182222,5.27357028520684E-20));
#13008=CARTESIAN_POINT('',(0.0246416256346906,0.0186017403937424,1.07879523244899E-19));
#13009=CARTESIAN_POINT('',(0.0366381137108914,0.0331241692033967,-4.93914060874997E-19));
#13010=CARTESIAN_POINT('',(0.0440826274508107,0.0421361750607568,-8.67361737988404E-19));
#13011=CARTESIAN_POINT('',(0.0094410382109226,-0.00241074216876976,0.00519109545620559));
#13012=CARTESIAN_POINT('',(0.0137898809252828,0.00324736237479024,0.00529314653051627));
#13013=CARTESIAN_POINT('',(0.0250848941505996,0.0182796869656087,0.00545607313915939));
#13014=CARTESIAN_POINT('',(0.033338529786861,0.0355214572489277,0.00367802825461263));
#13015=CARTESIAN_POINT('',(0.0384603874095373,0.0462209715533966,0.00257464870810509));
#13016=CARTESIAN_POINT('',(0.00428498369118493,0.00133535071653391,0.00775963742408499));
#13017=CARTESIAN_POINT('',(0.00865200936047646,0.00698024457005152,0.00786145031300129));
#13018=CARTESIAN_POINT('',(0.0199760520418971,0.0219914780264456,0.00802399665383442));
#13019=CARTESIAN_POINT('',(0.0279128844478164,0.0394634193296176,0.00625010169445906));
#13020=CARTESIAN_POINT('',(0.032838147368264,0.0503057680460363,0.00514929741621018));
#13021=CARTESIAN_POINT('',(-0.00591260571397173,0.00874433310251712,0.0077056259036382));
#13022=CARTESIAN_POINT('',(-0.00172403554669644,0.0145188824676061,0.00770491134745506));
#13023=CARTESIAN_POINT('',(0.00931509930858329,0.0297371135762531,0.0077037705440251));
#13024=CARTESIAN_POINT('',(0.0203611776937578,0.0449500554454665,0.00771622031953928));
#13025=CARTESIAN_POINT('',(0.0272159073269907,0.054390564538676,0.00772394612431527));
#13026=CARTESIAN_POINT('',(0.,0.,0.00833));
#13027=CARTESIAN_POINT('',(0.,1.22464679914735E-19,0.00833));
#13028=CARTESIAN_POINT('',(0.002,1.22464679914735E-19,0.00833));
#13029=CARTESIAN_POINT('',(0.,1.22464679914735E-19,-0.01667));
#13030=CARTESIAN_POINT('',(0.,1.22464679914735E-19,0.002));
#13031=CARTESIAN_POINT('',(0.002,1.22464679914735E-19,0.002));
#13032=CARTESIAN_POINT('',(0.,1.22464679914735E-19,0.002));
#13033=CARTESIAN_POINT('',(0.0126627606577997,0.00874268543039094,-0.0970389644856691));
#13034=CARTESIAN_POINT('',(0.03,0.,0.003));
#13035=CARTESIAN_POINT('',(0.03,0.,0.));
#13036=CARTESIAN_POINT('',(0.03,0.03,0.));
#13037=CARTESIAN_POINT('',(0.03,-0.03,0.));
#13038=CARTESIAN_POINT('',(0.03,0.03,0.003));
#13039=CARTESIAN_POINT('',(0.03,0.03,0.003));
#13040=CARTESIAN_POINT('',(0.03,0.,0.003));
#13041=CARTESIAN_POINT('',(0.03,-0.03,0.003));
#13042=CARTESIAN_POINT('',(0.03,-0.03,0.003));
#13043=CARTESIAN_POINT('',(8.67361737988404E-18,0.03,0.003));
#13044=CARTESIAN_POINT('',(8.67361737988404E-18,0.03,0.));
#13045=CARTESIAN_POINT('',(-0.03,0.03,0.));
#13046=CARTESIAN_POINT('',(-0.03,0.03,0.003));
#13047=CARTESIAN_POINT('',(-0.03,0.03,0.003));
#13048=CARTESIAN_POINT('',(8.67361737988404E-18,0.03,0.003));
#13049=CARTESIAN_POINT('',(-0.03,0.,0.003));
#13050=CARTESIAN_POINT('',(-0.03,0.,0.));
#13051=CARTESIAN_POINT('',(-0.03,-0.03,0.));
#13052=CARTESIAN_POINT('',(-0.03,-0.03,0.003));
#13053=CARTESIAN_POINT('',(-0.03,-0.03,0.003));
#13054=CARTESIAN_POINT('',(-0.03,0.,0.003));
#13055=CARTESIAN_POINT('',(-0.011,0.008,0.003));
#13056=CARTESIAN_POINT('',(-0.011,0.008,0.003));
#13057=CARTESIAN_POINT('',(-0.0095,0.008,0.003));
#13058=CARTESIAN_POINT('',(-0.011,0.008,0.));
#13059=CARTESIAN_POINT('',(-0.0095,0.008,0.));
#13060=CARTESIAN_POINT('',(0.011,0.008,0.003));
#13061=CARTESIAN_POINT('',(0.011,0.008,0.003));
#13062=CARTESIAN_POINT('',(0.0125,0.008,0.003));
#13063=CARTESIAN_POINT('',(0.011,0.008,0.));
#13064=CARTESIAN_POINT('',(0.0125,0.008,0.));
#13065=CARTESIAN_POINT('',(0.011,-0.008,0.003));
#13066=CARTESIAN_POINT('',(0.011,-0.008,0.003));
#13067=CARTESIAN_POINT('',(0.0125,-0.008,0.003));
#13068=CARTESIAN_POINT('',(0.011,-0.008,0.));
#13069=CARTESIAN_POINT('',(0.0125,-0.008,0.));
#13070=CARTESIAN_POINT('',(-6.93889390390723E-18,-0.03,0.003));
#13071=CARTESIAN_POINT('',(-6.93889390390723E-18,-0.03,0.));
#13072=CARTESIAN_POINT('',(-6.93889390390723E-18,-0.03,0.003));
#13073=CARTESIAN_POINT('',(-0.011,-0.008,0.003));
#13074=CARTESIAN_POINT('',(-0.011,-0.008,0.003));
#13075=CARTESIAN_POINT('',(-0.0095,-0.008,0.003));
#13076=CARTESIAN_POINT('',(-0.011,-0.008,0.));
#13077=CARTESIAN_POINT('',(-0.0095,-0.008,0.));
#13078=CARTESIAN_POINT('',(0.,0.,0.003));
#13079=CARTESIAN_POINT('',(0.,0.,0.));
#13080=CARTESIAN_POINT('',(0.00611164933070541,0.00874268542975187,0.00632118551433086));
#13081=CARTESIAN_POINT('',(-0.0151229686135858,0.00873125,-0.00635));
#13082=CARTESIAN_POINT('',(-0.00873125,0.0151229686135858,-0.00635));
#13083=CARTESIAN_POINT('',(-0.00873125,0.0171422686135858,-0.00635));
#13084=CARTESIAN_POINT('',(-0.00873125,0.0151229686135858,0.));
#13085=CARTESIAN_POINT('',(-0.00873125,0.0151229686135858,0.));
#13086=CARTESIAN_POINT('',(-0.01075055,0.0151229686135858,0.));
#13087=CARTESIAN_POINT('',(0.,0.,0.));
#13088=CARTESIAN_POINT('',(0.0238125,-0.00505513434194079,0.));
#13089=CARTESIAN_POINT('',(0.0245814786245404,-0.00582411296648115,0.));
#13090=CARTESIAN_POINT('',(0.0249,-0.00505513434194079,0.));
#13091=CARTESIAN_POINT('',(0.0249,0.,0.));
#13092=CARTESIAN_POINT('',(0.0249,0.0050551343419408,-3.39716680712124E-18));
#13093=CARTESIAN_POINT('',(0.0238125,0.0050551343419408,0.));
#13094=CARTESIAN_POINT('',(0.0245814786245404,0.00582411296648116,0.));
#13095=CARTESIAN_POINT('',(0.0152027957955107,0.0152027957955107,0.));
#13096=CARTESIAN_POINT('',(0.0152027957955107,0.0152027957955107,0.));
#13097=CARTESIAN_POINT('',(0.,0.,0.));
#13098=CARTESIAN_POINT('',(0.0152027957955107,-0.0152027957955107,0.));
#13099=CARTESIAN_POINT('',(0.0152027957955107,-0.0152027957955107,0.));
#13100=CARTESIAN_POINT('',(-2.32114327220059E-34,0.,-1.48690583655155E-18));
#13101=CARTESIAN_POINT('',(-0.009525,0.,-1.92592994438724E-34));
#13102=CARTESIAN_POINT('',(0.,0.0174625,0.));
#13103=CARTESIAN_POINT('',(-0.0020193,0.0174625,0.));
#13104=CARTESIAN_POINT('',(0.00873125,0.0151229686135858,0.));
#13105=CARTESIAN_POINT('',(0.00671195,0.0151229686135858,0.));
#13106=CARTESIAN_POINT('',(0.0151229686135858,0.00873125,0.));
#13107=CARTESIAN_POINT('',(0.0131036686135858,0.00873125,0.));
#13108=CARTESIAN_POINT('',(0.0151229686135858,-0.00873125,0.));
#13109=CARTESIAN_POINT('',(0.0131036686135858,-0.00873125,0.));
#13110=CARTESIAN_POINT('',(0.00873125,-0.0151229686135858,0.));
#13111=CARTESIAN_POINT('',(0.00671195,-0.0151229686135858,0.));
#13112=CARTESIAN_POINT('',(-1.7347234759768E-18,-0.0174625,0.));
#13113=CARTESIAN_POINT('',(-0.0020193,-0.0174625,0.));
#13114=CARTESIAN_POINT('',(-0.00873125,-0.0151229686135858,0.));
#13115=CARTESIAN_POINT('',(-0.01075055,-0.0151229686135858,0.));
#13116=CARTESIAN_POINT('',(-0.0151229686135858,-0.00873125,0.));
#13117=CARTESIAN_POINT('',(-0.0171422686135858,-0.00873125,0.));
#13118=CARTESIAN_POINT('',(-0.0174625,1.7347234759768E-18,0.));
#13119=CARTESIAN_POINT('',(-0.0194818,1.7347234759768E-18,0.));
#13120=CARTESIAN_POINT('',(-0.0151229686135858,0.00873125,0.));
#13121=CARTESIAN_POINT('',(-0.0171422686135858,0.00873125,0.));
#13122=CARTESIAN_POINT('',(-0.0151229686135858,0.00873125,-0.00635));
#13123=CARTESIAN_POINT('',(-0.0151229686135858,0.00873125,-0.00635));
#13124=CARTESIAN_POINT('',(-0.0151229686135858,0.01075055,-0.00635));
#13125=CARTESIAN_POINT('',(-0.0151229686135858,0.00873125,0.));
#13126=CARTESIAN_POINT('',(-0.0151229686135858,0.00873125,-0.00635));
#13127=CARTESIAN_POINT('',(-0.0174625,0.,-0.00635));
#13128=CARTESIAN_POINT('',(-0.0174625,0.0020193,-0.00635));
#13129=CARTESIAN_POINT('',(-0.0174625,1.7347234759768E-18,0.));
#13130=CARTESIAN_POINT('',(-0.0151229686135858,0.00873125,-0.00635));
#13131=CARTESIAN_POINT('',(-0.0151229686135858,-0.00873125,-0.00635));
#13132=CARTESIAN_POINT('',(-0.0151229686135858,-0.00671195,-0.00635));
#13133=CARTESIAN_POINT('',(-0.0151229686135858,-0.00873125,0.));
#13134=CARTESIAN_POINT('',(-0.0151229686135858,0.00873125,-0.00635));
#13135=CARTESIAN_POINT('',(-0.0087312499999998,-0.0151229686135859,-0.00635));
#13136=CARTESIAN_POINT('',(-0.0087312499999998,-0.0131036686135859,-0.00635));
#13137=CARTESIAN_POINT('',(-0.00873125,-0.0151229686135858,0.));
#13138=CARTESIAN_POINT('',(-0.0151229686135858,0.00873125,-0.00635));
#13139=CARTESIAN_POINT('',(0.,-0.0174625,-0.00635));
#13140=CARTESIAN_POINT('',(0.,-0.0154432,-0.00635));
#13141=CARTESIAN_POINT('',(-1.7347234759768E-18,-0.0174625,0.));
#13142=CARTESIAN_POINT('',(-0.0151229686135858,0.00873125,-0.00635));
#13143=CARTESIAN_POINT('',(0.00873125,-0.0151229686135858,-0.00635));
#13144=CARTESIAN_POINT('',(0.00873125,-0.0131036686135858,-0.00635));
#13145=CARTESIAN_POINT('',(0.00873125,-0.0151229686135858,0.));
#13146=CARTESIAN_POINT('',(-0.0151229686135858,0.00873125,-0.00635));
#13147=CARTESIAN_POINT('',(0.0151229686135858,-0.00873125,-0.00635));
#13148=CARTESIAN_POINT('',(0.0151229686135858,-0.00671195,-0.00635));
#13149=CARTESIAN_POINT('',(0.0151229686135858,-0.00873125,0.));
#13150=CARTESIAN_POINT('',(-0.0151229686135858,0.00873125,-0.00635));
#13151=CARTESIAN_POINT('',(0.0151229686135858,0.00873125,-0.00635));
#13152=CARTESIAN_POINT('',(0.0151229686135858,0.01075055,-0.00635));
#13153=CARTESIAN_POINT('',(0.0151229686135858,0.00873125,0.));
#13154=CARTESIAN_POINT('',(-0.0151229686135858,0.00873125,-0.00635));
#13155=CARTESIAN_POINT('',(0.00873124999999981,0.0151229686135859,-0.00635));
#13156=CARTESIAN_POINT('',(0.00873124999999981,0.0171422686135859,-0.00635));
#13157=CARTESIAN_POINT('',(0.00873125,0.0151229686135858,0.));
#13158=CARTESIAN_POINT('',(-0.0151229686135858,0.00873125,-0.00635));
#13159=CARTESIAN_POINT('',(0.,0.0174625,-0.00635));
#13160=CARTESIAN_POINT('',(0.,0.0194818,-0.00635));
#13161=CARTESIAN_POINT('',(0.,0.0174625,0.));
#13162=CARTESIAN_POINT('',(0.,0.,0.02783205));
#13163=CARTESIAN_POINT('',(0.,0.,0.02783205));
#13164=CARTESIAN_POINT('',(0.,0.0020193,0.02783205));
#13165=CARTESIAN_POINT('',(0.,1.55530143491714E-19,0.03735705));
#13166=CARTESIAN_POINT('',(0.,1.55530143491714E-19,0.03735705));
#13167=CARTESIAN_POINT('',(-0.0020193,1.55530143491714E-19,0.03735705));
#13168=CARTESIAN_POINT('',(0.,0.,0.03735705));
#13169=CARTESIAN_POINT('',(4.58075417875126E-18,0.,0.03735705));
#13170=CARTESIAN_POINT('',(-0.003,0.,0.03735705));
#13171=CARTESIAN_POINT('',(0.015490000008,-1.25047070642635E-18,-0.0671125));
#13172=CARTESIAN_POINT('',(0.00468821524862297,7.47330060092536E-18,-0.0671125));
#13173=CARTESIAN_POINT('',(0.00468821524862296,-0.0182558547136956,-0.0671125));
#13174=CARTESIAN_POINT('',(0.00468821524862296,-0.0195028553483649,-0.0671125));
#13175=CARTESIAN_POINT('',(0.00478791732595436,-0.0167860323653229,-0.0671125));
#13176=CARTESIAN_POINT('',(0.0059401565731485,-0.0158680656136235,-0.0671125));
#13177=CARTESIAN_POINT('',(0.00191465084475707,-0.0108152184582436,-0.0671125));
#13178=CARTESIAN_POINT('',(0.00796206161811409,-0.0184059770821994,-0.0671125));
#13179=CARTESIAN_POINT('',(-2.53999999999384E-05,-1.38777878078145E-17,-0.0671125));
#13180=CARTESIAN_POINT('',(0.015490000008,-1.25047070642635E-18,-0.0671125));
#13181=CARTESIAN_POINT('',(0.00191465084475706,0.0108152184582436,-0.0671125));
#13182=CARTESIAN_POINT('',(0.00796206161811407,0.0184059770821994,-0.0671125));
#13183=CARTESIAN_POINT('',(0.0059401565731485,0.0158680656136235,-0.0671125));
#13184=CARTESIAN_POINT('',(0.00478791732595436,0.0167860323653229,-0.0671125));
#13185=CARTESIAN_POINT('',(0.00468821524862299,0.0182558547136956,-0.0671125));
#13186=CARTESIAN_POINT('',(0.00468821524862297,7.47330060092536E-18,-0.0671125));
#13187=CARTESIAN_POINT('',(0.00468821524862299,0.0195028553483649,-0.0671125));
#13188=CARTESIAN_POINT('',(-2.53999999999384E-05,-1.38777878078145E-17,-0.0671125));
#13189=CARTESIAN_POINT('',(0.00144973848710359,-0.00615551618266145,-0.0741931095187125));
#13190=CARTESIAN_POINT('',(0.00157333098598407,-1.37880579519046E-18,-0.0671125));
#13191=CARTESIAN_POINT('',(0.00157333098598407,-0.0167606323653229,-0.0671125));
#13192=CARTESIAN_POINT('',(0.00157333098598407,-0.0167860323653229,-0.0671125));
#13193=CARTESIAN_POINT('',(0.00144585724623752,-0.0167606323653229,-0.0744154656590091));
#13194=CARTESIAN_POINT('',(0.00148276363674755,-0.0167606323653229,-0.0723010999627596));
#13195=CARTESIAN_POINT('',(0.00148276363609752,-1.39802240772316E-17,-0.0723011));
#13196=CARTESIAN_POINT('',(0.00148276363674755,-0.0167860323653229,-0.0723010999627596));
#13197=CARTESIAN_POINT('',(0.00161291732595436,-0.0167860323653229,-0.064844600102));
#13198=CARTESIAN_POINT('',(-2.53999999999384E-05,-1.38777878078145E-17,-0.0670871));
#13199=CARTESIAN_POINT('',(0.,0.,-0.0670871));
#13200=CARTESIAN_POINT('',(0.00274353325950583,0.0214814947227593,-0.0670871000097274));
#13201=CARTESIAN_POINT('',(0.00276893712880793,0.0214782349707254,-0.0670871));
#13202=CARTESIAN_POINT('',(0.00276893712880793,-0.022501,-0.0670871));
#13203=CARTESIAN_POINT('',(0.00276893712880793,0.0216436208502158,-0.0670871));
#13204=CARTESIAN_POINT('',(0.00291348748428763,0.0215053969857321,-0.0670871));
#13205=CARTESIAN_POINT('',(0.00274353325967562,0.0216108282277397,-0.0670871));
#13206=CARTESIAN_POINT('',(0.00274353325967562,0.,-0.0670871));
#13207=CARTESIAN_POINT('',(-2.53999999999384E-05,-1.38777878078145E-17,-0.0670871));
#13208=CARTESIAN_POINT('',(0.00274353325967562,0.,-0.0670871));
#13209=CARTESIAN_POINT('',(0.00274353325967562,-0.0216109559920415,-0.0670871));
#13210=CARTESIAN_POINT('',(0.00274353325967562,-0.0214814947229944,-0.0670871));
#13211=CARTESIAN_POINT('',(0.00291348748428771,-0.0215055247635991,-0.0670871));
#13212=CARTESIAN_POINT('',(0.00276893712880793,-0.0216437486535025,-0.0670871));
#13213=CARTESIAN_POINT('',(0.00276893712880793,-0.022501,-0.0670871));
#13214=CARTESIAN_POINT('',(0.00276893712863814,-0.0214782349704905,-0.0670871000097275));
#13215=CARTESIAN_POINT('',(0.,0.,-0.0670871));
#13216=CARTESIAN_POINT('',(-2.53999999999384E-05,-1.38777878078145E-17,-0.0670871));
#13217=CARTESIAN_POINT('',(0.015490000008,-1.25047070642635E-18,-0.0670871));
#13218=CARTESIAN_POINT('',(0.019525756283003,-0.000921002857105211,-0.0670871));
#13219=CARTESIAN_POINT('',(0.0191525872078775,-0.00192899714289481,-0.0670871));
#13220=CARTESIAN_POINT('',(-2.53999999999382E-05,-0.00192899714289481,-0.0670871));
#13221=CARTESIAN_POINT('',(0.0195772561594149,-0.00192900806758916,-0.0670870998795705));
#13222=CARTESIAN_POINT('',(0.0195772561077642,-0.00192902053554497,-0.0670871));
#13223=CARTESIAN_POINT('',(0.0194450236284099,-0.00192784757560605,-0.0670871));
#13224=CARTESIAN_POINT('',(0.0193429887100864,-0.00177522835246609,-0.0670871));
#13225=CARTESIAN_POINT('',(0.0193950457129968,-0.00165170885824336,-0.0670871));
#13226=CARTESIAN_POINT('',(0.0193948645940458,-0.00165163244148031,-0.0670871));
#13227=CARTESIAN_POINT('',(0.0154646000080001,-1.4826276754244E-17,-0.0670871));
#13228=CARTESIAN_POINT('',(0.019626924730663,-0.000921002857105211,-0.0670871));
#13229=CARTESIAN_POINT('',(-2.53999999999385E-05,-0.00092100285710521,-0.0670871));
#13230=CARTESIAN_POINT('',(0.0154646000080001,-1.4826276754244E-17,-0.0725871));
#13231=CARTESIAN_POINT('',(0.0194753878072969,-0.00160002199632821,-0.063937503149246));
#13232=CARTESIAN_POINT('',(0.0194485958873727,-0.00161724635970543,-0.0649873696764625));
#13233=CARTESIAN_POINT('',(0.0194218152108169,-0.00163447521113349,-0.0660372364169705));
#13234=CARTESIAN_POINT('',(0.0193950456901222,-0.00165170876418109,-0.0670871033647538));
#13235=CARTESIAN_POINT('',(0.0194753048161167,-0.00159998886847967,-0.0639375007873115));
#13236=CARTESIAN_POINT('',(0.0154646000080001,-1.4826276754244E-17,-0.0639375));
#13237=CARTESIAN_POINT('',(0.0194753986150759,0.00160002647995918,-0.063937501687742));
#13238=CARTESIAN_POINT('',(0.0193948526601115,0.00165162731352633,-0.0670871023790078));
#13239=CARTESIAN_POINT('',(0.0194217509208544,0.00163444676002533,-0.0660372369940699));
#13240=CARTESIAN_POINT('',(0.0194486584704602,0.00161727011206432,-0.0649873717832065));
#13241=CARTESIAN_POINT('',(0.0194755753753783,0.00160009720746302,-0.0639375067509678));
#13242=CARTESIAN_POINT('',(0.0193947680386189,0.00165159175556086,-0.0670871007928374));
#13243=CARTESIAN_POINT('',(0.0154646000080001,-1.4826276754244E-17,-0.0670871));
#13244=CARTESIAN_POINT('',(0.019626924730663,0.000921002857105185,-0.0670871));
#13245=CARTESIAN_POINT('',(-20.6124998496781,0.00596632489834771,0.221959210154738));
#13246=CARTESIAN_POINT('',(0.0195519207315979,0.00082843008640813,-0.0723905904812874));
#13247=CARTESIAN_POINT('',(0.0154646000080001,-1.4826276754244E-17,-0.0723905904812874));
#13248=CARTESIAN_POINT('',(0.0195519207315979,-0.000828430086408156,-0.0723905904812874));
#13249=CARTESIAN_POINT('',(-20.6125030065818,-0.00596632571516956,0.221959254787018));
#13250=CARTESIAN_POINT('',(0.0196449029421322,0.00168506400388943,-0.0645601258321314));
#13251=CARTESIAN_POINT('',(0.0196611214311463,0.00167424143777221,-0.0639375));
#13252=CARTESIAN_POINT('',(0.0196609573260921,0.00187403620784133,-0.0639374998649089));
#13253=CARTESIAN_POINT('',(0.0195790363252597,0.00192899713840691,-0.0670870997428887));
#13254=CARTESIAN_POINT('',(0.0196063433262658,0.00191067164986229,-0.0660372332073029));
#13255=CARTESIAN_POINT('',(0.019633650327272,0.00189234616131768,-0.0649873666717171));
#13256=CARTESIAN_POINT('',(0.0196609573282782,0.00187402067277307,-0.0639375001361313));
#13257=CARTESIAN_POINT('',(0.0195790363013162,0.0019288978618225,-0.0670871014751452));
#13258=CARTESIAN_POINT('',(0.0195790789742446,0.00172898820940245,-0.0670871));
#13259=CARTESIAN_POINT('',(0.0195951146212459,-0.00171848063001559,-0.0664742822272949));
#13260=CARTESIAN_POINT('',(0.0196609895731897,-0.0016740109303434,-0.0639375));
#13261=CARTESIAN_POINT('',(0.0196609573018408,-0.00187391854317577,-0.0639375008946163));
#13262=CARTESIAN_POINT('',(0.019660957331819,-0.00187402067039689,-0.0639375));
#13263=CARTESIAN_POINT('',(0.0196336503274034,-0.00189234616122953,-0.0649873666666667));
#13264=CARTESIAN_POINT('',(0.0196063433229878,-0.00191067165206216,-0.0660372333333333));
#13265=CARTESIAN_POINT('',(0.0195790363185722,-0.0019289971428948,-0.0670871));
#13266=CARTESIAN_POINT('',(-2.53999999999384E-05,-1.38777878078145E-17,-0.0743331));
#13267=CARTESIAN_POINT('',(0.00164732540977217,-0.0121386293578163,-0.0743331));
#13268=CARTESIAN_POINT('',(0.00147737115316012,-0.0120331573308494,-0.0743331));
#13269=CARTESIAN_POINT('',(0.00164732540977217,-0.0119386293578163,-0.0743331));
#13270=CARTESIAN_POINT('',(0.00147737115316012,0.,-0.0743331));
#13271=CARTESIAN_POINT('',(0.00147737115316012,0.0120331573308493,-0.0743331));
#13272=CARTESIAN_POINT('',(0.00164732540977217,0.0121386293578162,-0.0743331));
#13273=CARTESIAN_POINT('',(0.00164732540977217,0.0119386293578162,-0.0743331));
#13274=CARTESIAN_POINT('',(-2.53999999999463E-05,0.0119386293578162,-0.0743331));
#13275=CARTESIAN_POINT('',(0.00876583799446579,0.0119386293578162,-0.0743331));
#13276=CARTESIAN_POINT('',(0.00876583799446578,0.00893603236532289,-0.0743331));
#13277=CARTESIAN_POINT('',(0.0117684349869591,0.00893603236532288,-0.0743331));
#13278=CARTESIAN_POINT('',(0.0117684349869591,-0.00893603236532292,-0.0743331));
#13279=CARTESIAN_POINT('',(0.0117684349869591,-0.00893603236532292,-0.0743331));
#13280=CARTESIAN_POINT('',(0.00876583799446578,-0.00893603236532292,-0.0743331));
#13281=CARTESIAN_POINT('',(0.00876583799446578,-0.0119386293578163,-0.0743331));
#13282=CARTESIAN_POINT('',(0.00478791732595436,-0.0119386293578163,-0.0743331));
#13283=CARTESIAN_POINT('',(0.00687871691569056,-0.0151203327178597,-0.070801099936));
#13284=CARTESIAN_POINT('',(0.00687871691569056,-0.0151203327178597,-0.070801099936));
#13285=CARTESIAN_POINT('',(0.00687871691569056,-0.0151203327178597,-0.070801099936));
#13286=CARTESIAN_POINT('',(0.00682835943710141,-0.0151604515483516,-0.0671125));
#13287=CARTESIAN_POINT('',(0.00280285370870998,-0.0101076043929717,-0.0671125));
#13288=CARTESIAN_POINT('',(0.00903891165641525,-0.0179351544668944,-0.0671125));
#13289=CARTESIAN_POINT('',(-60.4714377649109,75.8590527635507,1.31056658750888));
#13290=CARTESIAN_POINT('',(0.00905555405464815,-0.0178026853676717,-0.0725871));
#13291=CARTESIAN_POINT('',(0.00902908363092684,-0.017794471253226,-0.0716942299146584));
#13292=CARTESIAN_POINT('',(0.00901216108432481,-0.0177982489912401,-0.070801099936));
#13293=CARTESIAN_POINT('',(0.00687871691569058,-0.0151203327178597,-0.070801099936));
#13294=CARTESIAN_POINT('',(-2.53999999999384E-05,-1.38777878078145E-17,-0.0725871));
#13295=CARTESIAN_POINT('',(-2.53999999999384E-05,-1.38777878078145E-17,-0.0671125));
#13296=CARTESIAN_POINT('',(0.0121432745200625,-0.0159923445570706,-0.0671125003423098));
#13297=CARTESIAN_POINT('',(0.0121107573215679,-0.0158969792572394,-0.0725871001151911));
#13298=CARTESIAN_POINT('',(0.0121215974087678,-0.0159287690321024,-0.0707622335536669));
#13299=CARTESIAN_POINT('',(0.0121324375430194,-0.0159605588685875,-0.0689373669934956));
#13300=CARTESIAN_POINT('',(0.0121432777242285,-0.0159923487667665,-0.067112500434678));
#13301=CARTESIAN_POINT('',(0.0121107543171131,-0.0158969753223984,-0.0725871000287978));
#13302=CARTESIAN_POINT('',(-2.53999999999384E-05,-1.38777878078145E-17,-0.0725871));
#13303=CARTESIAN_POINT('',(0.00478791732595436,-0.0167860323653229,-0.0745871));
#13304=CARTESIAN_POINT('',(0.00278257449732607,-0.0213248882978905,-0.0745871));
#13305=CARTESIAN_POINT('',(0.00280575704034635,-0.021523582539703,-0.0745871861678336));
#13306=CARTESIAN_POINT('',(0.00261262027271399,-0.021430319526333,-0.0745871));
#13307=CARTESIAN_POINT('',(0.00261262027271399,0.,-0.0745871));
#13308=CARTESIAN_POINT('',(0.00261262027271399,-0.0199278201935577,-0.0745871));
#13309=CARTESIAN_POINT('',(0.00308262019573926,-0.0200985212252134,-0.0745871));
#13310=CARTESIAN_POINT('',(0.00327728867543007,-0.0196378908277785,-0.0745871));
#13311=CARTESIAN_POINT('',(0.00256701839087858,-0.0193378903180608,-0.0745871));
#13312=CARTESIAN_POINT('',(0.00353702589630365,-0.019747597372385,-0.0745871));
#13313=CARTESIAN_POINT('',(0.00478791732595436,-0.0167860323653229,-0.0745871));
#13314=CARTESIAN_POINT('',(0.00232593133021081,-0.0147186132939707,-0.0745871));
#13315=CARTESIAN_POINT('',(0.00194293437849383,-0.014397069183606,-0.0745871));
#13316=CARTESIAN_POINT('',(0.00147293756666835,-0.0145677876190623,-0.0745871));
#13317=CARTESIAN_POINT('',(0.00147293756666835,0.,-0.0745871));
#13318=CARTESIAN_POINT('',(0.00147293756666835,-0.0120331573308494,-0.0745871));
#13319=CARTESIAN_POINT('',(0.0016428918232804,-0.0121386293578163,-0.0745871));
#13320=CARTESIAN_POINT('',(0.0016428918232804,-0.0119386293578163,-0.0745871));
#13321=CARTESIAN_POINT('',(0.0052083272086118,-0.0119386293578163,-0.0745871));
#13322=CARTESIAN_POINT('',(0.00876583799446578,-0.0119386293578163,-0.0745871));
#13323=CARTESIAN_POINT('',(0.00876583799446578,-0.00893603236532292,-0.0745871));
#13324=CARTESIAN_POINT('',(0.0117684349869591,-0.00893603236532292,-0.0745871));
#13325=CARTESIAN_POINT('',(0.0117684349869591,-1.98041223490674E-17,-0.0745871));
#13326=CARTESIAN_POINT('',(0.0117684349869591,0.00893603236532288,-0.0745871));
#13327=CARTESIAN_POINT('',(0.00876583799446578,0.00893603236532289,-0.0745871));
#13328=CARTESIAN_POINT('',(0.00876583799446579,0.0119386293578162,-0.0745871));
#13329=CARTESIAN_POINT('',(0.0052083272086118,0.0119386293578162,-0.0745871));
#13330=CARTESIAN_POINT('',(0.0016428918232804,0.0119386293578162,-0.0745871));
#13331=CARTESIAN_POINT('',(0.0016428918232804,0.0121386293578162,-0.0745871));
#13332=CARTESIAN_POINT('',(0.00147293756666835,0.0120331573308493,-0.0745871));
#13333=CARTESIAN_POINT('',(0.00147293756666835,0.,-0.0745871));
#13334=CARTESIAN_POINT('',(0.00147293756666835,0.0145677854491161,-0.0745871));
#13335=CARTESIAN_POINT('',(0.00194293507531338,0.0143970605411892,-0.0745871));
#13336=CARTESIAN_POINT('',(0.00232592735471129,0.0147186087213029,-0.0745871));
#13337=CARTESIAN_POINT('',(0.00478791732595436,0.0167860323653229,-0.0745871));
#13338=CARTESIAN_POINT('',(0.00353702589630365,0.019747597372385,-0.0745871));
#13339=CARTESIAN_POINT('',(0.00256701839087858,0.0193378903180607,-0.0745871));
#13340=CARTESIAN_POINT('',(0.00327728867543008,0.0196378908277785,-0.0745871));
#13341=CARTESIAN_POINT('',(0.00308262019573927,0.0200985212252134,-0.0745871));
#13342=CARTESIAN_POINT('',(0.00261262027271399,0.0199278201935577,-0.0745871));
#13343=CARTESIAN_POINT('',(0.00261262027271399,0.,-0.0745871));
#13344=CARTESIAN_POINT('',(0.00261262027271399,0.0214304291613313,-0.0745871));
#13345=CARTESIAN_POINT('',(0.002782574497326,0.0213249979193235,-0.0745871));
#13346=CARTESIAN_POINT('',(0.00280925067653172,0.0215231462612687,-0.0745871));
#13347=CARTESIAN_POINT('',(-2.53999999999384E-05,-1.38777878078145E-17,-0.0745871));
#13348=CARTESIAN_POINT('',(0.0153251874389537,0.0153505874389537,-0.0745871));
#13349=CARTESIAN_POINT('',(0.0261248622845924,0.00455091259331508,-0.0745871));
#13350=CARTESIAN_POINT('',(0.0245063007035525,0.00616947417435499,-0.0745871));
#13351=CARTESIAN_POINT('',(0.0233834279910769,0.00504651326547215,-0.0745871));
#13352=CARTESIAN_POINT('',(0.0249711698118466,0.00504705567151765,-0.0745871));
#13353=CARTESIAN_POINT('',(0.0249711698118466,-0.0167860323653229,-0.0745871));
#13354=CARTESIAN_POINT('',(0.0249711698118467,-0.00504705567151769,-0.0745871));
#13355=CARTESIAN_POINT('',(0.023383427991077,-0.00504651326547219,-0.0745871));
#13356=CARTESIAN_POINT('',(0.0245063007035525,-0.00616947417435507,-0.0745871));
#13357=CARTESIAN_POINT('',(0.0153251874389537,-0.0153505874389537,-0.0745871));
#13358=CARTESIAN_POINT('',(0.0153251874389537,-0.0153505874389537,-0.0745871));
#13359=CARTESIAN_POINT('',(-2.53999999999384E-05,-1.38777878078145E-17,-0.0745871));
#13360=CARTESIAN_POINT('',(0.0233746,-0.0167860323653229,-0.0725871));
#13361=CARTESIAN_POINT('',(0.0228857389092234,0.00537313233823849,-0.100593933133363));
#13362=CARTESIAN_POINT('',(0.0233746,0.00488427124746188,-0.0725871));
#13363=CARTESIAN_POINT('',(0.0234248444993515,0.00483402674811035,-0.0697085945599957));
#13364=CARTESIAN_POINT('',(0.0233746,-0.0167860323653229,-0.0725871));
#13365=CARTESIAN_POINT('',(0.0233746,0.002025,-0.0725871));
#13366=CARTESIAN_POINT('',(0.0233689404713711,0.00203065952862887,-0.0729113341779963));
#13367=CARTESIAN_POINT('',(0.0234719769234034,0.00192713640262493,-0.0669948190906567));
#13368=CARTESIAN_POINT('',(0.0235896650415804,-0.00528402237968215,-0.0602660320197419));
#13369=CARTESIAN_POINT('',(0.0233746,0.00488427124746188,-0.100610999337524));
#13370=CARTESIAN_POINT('',(0.0233746,0.00488427124746188,-0.0725871));
#13371=CARTESIAN_POINT('',(0.0203404212474619,0.00791845,-0.0725871));
#13372=CARTESIAN_POINT('',(0.00513841052170447,0.0231204607257574,-0.0867742160341847));
#13373=CARTESIAN_POINT('',(0.00361291732595436,-0.0167860323653229,-0.0725871));
#13374=CARTESIAN_POINT('',(0.00495189436023575,2.78217184816857,-0.149297043083087));
#13375=CARTESIAN_POINT('',(0.00358174257887544,0.0144004211816827,-0.070801099936));
#13376=CARTESIAN_POINT('',(0.00351735782749834,0.0145075250551897,-0.0671125));
#13377=CARTESIAN_POINT('',(0.00351735782749834,-9.72653888433454E-20,-0.0671125));
#13378=CARTESIAN_POINT('',(0.00351735782749834,0.00192944050154398,-0.0671125));
#13379=CARTESIAN_POINT('',(0.00360718948424763,0.00201927215829327,-0.0722589521683943));
#13380=CARTESIAN_POINT('',(0.00361291732595436,0.002025,-0.0725871));
#13381=CARTESIAN_POINT('',(0.00361291732595436,-0.0167860323653229,-0.0725871));
#13382=CARTESIAN_POINT('',(0.00361291732595436,0.0125717708641818,-0.0725871));
#13383=CARTESIAN_POINT('',(0.00676769253304088,7.87753710620492,-0.253324041302333));
#13384=CARTESIAN_POINT('',(0.00358174257887544,0.0126130286141355,-0.070801099936));
#13385=CARTESIAN_POINT('',(0.00358174257887544,-0.0167860323653229,-0.070801099936));
#13386=CARTESIAN_POINT('',(0.00478791732595436,0.002025,-0.0725871));
#13387=CARTESIAN_POINT('',(0.015490000008,0.00192944050154398,-0.0671125));
#13388=CARTESIAN_POINT('',(0.0191521031229664,0.00192944050154398,-0.0671125));
#13389=CARTESIAN_POINT('',(0.015490000008,-0.00340219411471108,0.238336642594481));
#13390=CARTESIAN_POINT('',(0.0191525872078775,0.0019289971428948,-0.0670871));
#13391=CARTESIAN_POINT('',(-2.5399999999938E-05,0.00192899714289481,-0.0670871));
#13392=CARTESIAN_POINT('',(3.74071313081781E-19,0.00187402067039689,-0.0639375));
#13393=CARTESIAN_POINT('',(0.0244,0.00187402067039689,-0.0639375));
#13394=CARTESIAN_POINT('',(0.0254660509349185,0.00185541268211109,-0.0628714490650814));
#13395=CARTESIAN_POINT('',(0.0244254,0.00187357731174771,-0.0639121));
#13396=CARTESIAN_POINT('',(0.00478791732595436,0.00187357731174771,-0.0639121));
#13397=CARTESIAN_POINT('',(0.024957411237769,0.00187357731174771,-0.0639121));
#13398=CARTESIAN_POINT('',(0.0247998931720268,0.00203109537748996,-0.0729363039425253));
#13399=CARTESIAN_POINT('',(0.0249035811664498,0.00192740738306686,-0.0669960227204554));
#13400=CARTESIAN_POINT('',(-0.0233035764807696,0.00192740738306687,-0.0669960227204554));
#13401=CARTESIAN_POINT('',(0.00478791732595436,0.002025,-0.0725871));
#13402=CARTESIAN_POINT('',(-2.53999999999384E-05,-1.38777878078145E-17,-0.0725871));
#13403=CARTESIAN_POINT('',(-2.53999999999384E-05,-1.38777878078145E-17,-0.0671125));
#13404=CARTESIAN_POINT('',(0.00903891165641523,0.0179351544668944,-0.0671125));
#13405=CARTESIAN_POINT('',(0.012143272309961,0.0159923416559839,-0.0671125000286144));
#13406=CARTESIAN_POINT('',(-60.4714304825541,-75.8590437094594,1.31056642310062));
#13407=CARTESIAN_POINT('',(0.00905555405464814,0.0178026853676717,-0.0725871));
#13408=CARTESIAN_POINT('',(-2.53999999999384E-05,-1.38777878078145E-17,-0.0725871));
#13409=CARTESIAN_POINT('',(0.0121107565542985,0.0158969782541189,-0.0725870998431086));
#13410=CARTESIAN_POINT('',(0.0121432752877005,0.0159923455687496,-0.0671125001144577));
#13411=CARTESIAN_POINT('',(0.0121324367331482,0.0159605578036493,-0.0689373667200898));
#13412=CARTESIAN_POINT('',(0.0121215982343503,0.0159287701118108,-0.0707622333273293));
#13413=CARTESIAN_POINT('',(0.0121107597914287,0.0158969824931413,-0.0725870999361751));
#13414=CARTESIAN_POINT('',(-0.00948282566515842,-0.0054168070765744,-0.070801099936));
#13415=CARTESIAN_POINT('',(0.00280285370870997,0.0101076043929716,-0.0671125));
#13416=CARTESIAN_POINT('',(0.00682835943710142,0.0151604515483516,-0.0671125));
#13417=CARTESIAN_POINT('',(0.00687871691569057,0.0151203327178597,-0.070801099936));
#13418=CARTESIAN_POINT('',(0.00687871691569055,0.0151203327178597,-0.070801099936));
#13419=CARTESIAN_POINT('',(-0.00948282566515841,-0.00541680707657438,-0.070801099936));
#13420=CARTESIAN_POINT('',(0.00901216108432481,0.0177982489912401,-0.070801099936));
#13421=CARTESIAN_POINT('',(0.00902908363092684,0.0177944712532261,-0.0716942299146584));
#13422=CARTESIAN_POINT('',(0.00478791732595436,-0.002025,-0.0725871));
#13423=CARTESIAN_POINT('',(0.015490000008,0.00340219411471108,0.238336642594481));
#13424=CARTESIAN_POINT('',(0.0191521031229664,-0.00192944050154398,-0.0671125));
#13425=CARTESIAN_POINT('',(0.015490000008,-0.00192944050154398,-0.0671125));
#13426=CARTESIAN_POINT('',(0.00351735782749834,-0.00192944050154398,-0.0671125));
#13427=CARTESIAN_POINT('',(0.00361741196799072,-0.00202949464203636,-0.0728445978698071));
#13428=CARTESIAN_POINT('',(0.00361291732595436,-0.002025,-0.0725871));
#13429=CARTESIAN_POINT('',(0.00478791732595436,-0.002025,-0.0725871));
#13430=CARTESIAN_POINT('',(0.0233746,-0.002025,-0.0725871));
#13431=CARTESIAN_POINT('',(0.0233689404713711,-0.00203065952862887,-0.0729113341779963));
#13432=CARTESIAN_POINT('',(0.0234721926169331,-0.00192740738306686,-0.0669960227204554));
#13433=CARTESIAN_POINT('',(0.00478791732595436,-0.00192740738306686,-0.0669960227204554));
#13434=CARTESIAN_POINT('',(0.0249035811664498,-0.00192740738306686,-0.0669960227204554));
#13435=CARTESIAN_POINT('',(0.0247998931720268,-0.00203109537748996,-0.0729363039425253));
#13436=CARTESIAN_POINT('',(0.024957411237769,-0.00187357731174771,-0.0639121));
#13437=CARTESIAN_POINT('',(0.0154646000080001,-0.00187357731174771,-0.0639121));
#13438=CARTESIAN_POINT('',(0.0244254,-0.00187357731174771,-0.0639121));
#13439=CARTESIAN_POINT('',(0.0253663506022297,-0.00185715295789155,-0.0629711493977703));
#13440=CARTESIAN_POINT('',(0.0244,-0.00187402067039689,-0.0639375));
#13441=CARTESIAN_POINT('',(1.44569971528028E-19,-0.00187402067039689,-0.0639375));
#13442=CARTESIAN_POINT('',(0.00478791732595436,0.000824999999999986,-0.0725871));
#13443=CARTESIAN_POINT('',(0.015490000008,0.00245238703172624,0.0206458406059922));
#13444=CARTESIAN_POINT('',(0.0195256300806713,0.000920559498456008,-0.0671125));
#13445=CARTESIAN_POINT('',(0.0195257562830006,0.000921002857105185,-0.0670871));
#13446=CARTESIAN_POINT('',(0.015490000008,0.000920559498456008,-0.0671125));
#13447=CARTESIAN_POINT('',(0.0128599301263621,0.000920559498456007,-0.0671125));
#13448=CARTESIAN_POINT('',(16.4459500404116,0.00445962590026716,0.135640479683776));
#13449=CARTESIAN_POINT('',(0.012928409163446,0.000824999999999987,-0.0725871));
#13450=CARTESIAN_POINT('',(0.00478791732595436,0.000824999999999986,-0.0725871));
#13451=CARTESIAN_POINT('',(0.019348403808178,0.000824999999999989,-0.0725871));
#13452=CARTESIAN_POINT('',(0.0195519207315979,0.00082843008640813,-0.0723905904812874));
#13453=CARTESIAN_POINT('',(0.0195504154890947,0.000826589150179034,-0.072496057647217));
#13454=CARTESIAN_POINT('',(0.0194538384212968,0.000824999999999975,-0.0725871000000008));
#13455=CARTESIAN_POINT('',(0.0193484038081782,0.000824999999999973,-0.0725871000000009));
#13456=CARTESIAN_POINT('',(-2.53999999999386E-05,0.000921002857105181,-0.0670871));
#13457=CARTESIAN_POINT('',(0.0154646000080001,-1.4826276754244E-17,-0.0725871));
#13458=CARTESIAN_POINT('',(0.0154646000080001,-1.4826276754244E-17,-0.0671125));
#13459=CARTESIAN_POINT('',(0.0128599301263621,-0.000920559498456034,-0.0671125));
#13460=CARTESIAN_POINT('',(16.4459573271585,-0.00445962749771566,0.13564057080217));
#13461=CARTESIAN_POINT('',(0.012928409163446,-0.000825000000000014,-0.0725871));
#13462=CARTESIAN_POINT('',(0.0154646000080001,-1.4826276754244E-17,-0.0725871));
#13463=CARTESIAN_POINT('',(-2.53999999999384E-05,-1.38777878078145E-17,-0.0670871));
#13464=CARTESIAN_POINT('',(0.015490000008,-1.25047070642635E-18,-0.0670871));
#13465=CARTESIAN_POINT('',(0.00478791732595436,-0.0167860323653229,-0.0725871));
#13466=CARTESIAN_POINT('',(0.00478791732595436,-0.0167860323653229,-0.0725871));
#13467=CARTESIAN_POINT('',(0.00902332307484635,-0.0156896915687383,-0.0725871));
#13468=CARTESIAN_POINT('',(0.0090287302822545,-0.0156844725094587,-0.0729621));
#13469=CARTESIAN_POINT('',(0.00903413748966315,-0.0156792534501796,-0.0733371));
#13470=CARTESIAN_POINT('',(0.00478791732595436,-0.0167860323653229,-0.0733371));
#13471=CARTESIAN_POINT('',(0.00628048165046373,-0.012659581471044,-0.0733371));
#13472=CARTESIAN_POINT('',(0.00627478746771191,-0.0126644858318084,-0.0729621));
#13473=CARTESIAN_POINT('',(0.00626909328495965,-0.0126693901925724,-0.0725871));
#13474=CARTESIAN_POINT('',(0.00478791732595436,-0.0167860323653229,-0.0725871));
#13475=CARTESIAN_POINT('',(0.00361291732595436,-0.0125717708641818,-0.0725871));
#13476=CARTESIAN_POINT('',(0.00676769248230734,-7.87753698975753,-0.253324038613209));
#13477=CARTESIAN_POINT('',(0.00358174257887544,-0.0126130286141355,-0.070801099936));
#13478=CARTESIAN_POINT('',(0.00478791732595436,-0.0167860323653229,-0.070801099936));
#13479=CARTESIAN_POINT('',(0.00478791732595436,-0.0167860323653229,-0.070801099936));
#13480=CARTESIAN_POINT('',(0.00495119243973642,-2.78077629629074,-0.149256829709302));
#13481=CARTESIAN_POINT('',(0.00351690833292574,-0.0145082782205983,-0.0671122248819518));
#13482=CARTESIAN_POINT('',(0.00358174257887544,-0.0144004211816827,-0.070801099936));
#13483=CARTESIAN_POINT('',(0.00478791732595436,-0.0167860323653229,-0.0671125));
#13484=CARTESIAN_POINT('',(0.00478791732595436,-0.0167860323653229,-0.070801099936));
#13485=CARTESIAN_POINT('',(0.00478791732595436,-0.0167860323653229,-0.0173905364618433));
#13486=CARTESIAN_POINT('',(0.00478791732595436,-0.0167860323653229,-0.0723011));
#13487=CARTESIAN_POINT('',(0.00478791732595436,-0.0182592323653229,-0.0723011));
#13488=CARTESIAN_POINT('',(0.00478791732595436,-0.0167860323653229,-0.0728244281848229));
#13489=CARTESIAN_POINT('',(0.00475260000000006,-0.0182588089697295,-0.070801099936));
#13490=CARTESIAN_POINT('',(0.00478791732595436,-0.0167860323653229,-0.070801099936));
#13491=CARTESIAN_POINT('',(0.00594015657314852,-0.0158680656136235,-0.070801099936));
#13492=CARTESIAN_POINT('',(0.0059401565731485,-0.0158680656136235,-0.0755611571316251));
#13493=CARTESIAN_POINT('',(0.00478791732595436,0.0167860323653229,-0.0173905364618433));
#13494=CARTESIAN_POINT('',(0.00478791732595436,0.0167860323653229,-0.0723011));
#13495=CARTESIAN_POINT('',(0.00478791732595436,0.0153128323653229,-0.0723011));
#13496=CARTESIAN_POINT('',(0.0059401565731485,0.0158680656136235,-0.0755611571316251));
#13497=CARTESIAN_POINT('',(0.0059401565731485,0.0158680656136235,-0.070801099936));
#13498=CARTESIAN_POINT('',(0.00478791732595436,0.0167860323653229,-0.070801099936));
#13499=CARTESIAN_POINT('',(0.00475260000000009,0.0182588089697295,-0.070801099936));
#13500=CARTESIAN_POINT('',(0.00478791732595436,0.0167860323653229,-0.0728244281848215));
#13501=CARTESIAN_POINT('',(0.0154646000080001,-1.4826276754244E-17,-0.0639121));
#13502=CARTESIAN_POINT('',(0.0244254,-0.00571269837220808,-0.0639121));
#13503=CARTESIAN_POINT('',(0.0249574721643465,-0.00167354684613893,-0.0639121));
#13504=CARTESIAN_POINT('',(0.0251575026299553,-0.00167348591956142,-0.0639121));
#13505=CARTESIAN_POINT('',(0.0251575026299553,-1.54197958627652E-17,-0.0639121));
#13506=CARTESIAN_POINT('',(0.0251575026299553,0.00167348591956142,-0.0639121));
#13507=CARTESIAN_POINT('',(0.0249574721643465,0.00167354684613892,-0.0639121));
#13508=CARTESIAN_POINT('',(0.00478791732595436,-0.0167860323653229,-0.0723011));
#13509=CARTESIAN_POINT('',(0.00127595475539603,-0.0167606323653229,-0.0723011));
#13510=CARTESIAN_POINT('',(0.00151283984509425,-0.0167606323653229,-0.0723011));
#13511=CARTESIAN_POINT('',(0.00151283984509425,0.,-0.0723011));
#13512=CARTESIAN_POINT('',(0.00151283984509425,-0.0145823539156252,-0.0723011));
#13513=CARTESIAN_POINT('',(0.00198283665691974,-0.0144116354801689,-0.0723011));
#13514=CARTESIAN_POINT('',(0.00236455457826788,-0.0147346813457882,-0.0723011));
#13515=CARTESIAN_POINT('',(0.00478791732595436,-0.0167860323653229,-0.0723011));
#13516=CARTESIAN_POINT('',(0.00355255153714239,-0.0197108394303843,-0.0723011));
#13517=CARTESIAN_POINT('',(0.00355255153714231,-0.0197108394303843,-0.0723011));
#13518=CARTESIAN_POINT('',(0.00331719095385598,-0.0196114289714517,-0.0723011));
#13519=CARTESIAN_POINT('',(0.00312252247416517,-0.0200720593688866,-0.0723011));
#13520=CARTESIAN_POINT('',(0.00265252255113989,-0.0199013583372309,-0.0723011));
#13521=CARTESIAN_POINT('',(0.00265252255113989,0.,-0.0723011));
#13522=CARTESIAN_POINT('',(0.00265252255113989,-0.0192808505035444,-0.0723011));
#13523=CARTESIAN_POINT('',(0.00481331732595436,-0.0167860323653229,-0.0723011));
#13524=CARTESIAN_POINT('',(0.00151283984509425,-0.0167860323653229,-0.0723011));
#13525=CARTESIAN_POINT('',(0.00127595475539603,-0.0167860323653229,-0.0723011));
#13526=CARTESIAN_POINT('',(0.00478791732595436,-0.0167860323653229,-0.0725871));
#13527=CARTESIAN_POINT('',(0.00478791732595436,0.0167860323653229,-0.0725871));
#13528=CARTESIAN_POINT('',(0.00902332307484586,0.0156896915687378,-0.0725871));
#13529=CARTESIAN_POINT('',(0.01016,0.0118872,-0.0725871));
#13530=CARTESIAN_POINT('',(0.01016,0.01585595,-0.0725871));
#13531=CARTESIAN_POINT('',(0.00478791732595436,0.01585595,-0.0725871));
#13532=CARTESIAN_POINT('',(0.0122320982300818,0.0158559496815034,-0.0725871));
#13533=CARTESIAN_POINT('',(0.0122321206542019,0.0160559363842348,-0.0725871));
#13534=CARTESIAN_POINT('',(0.00478791732595436,-0.0167860323653229,-0.0725871));
#13535=CARTESIAN_POINT('',(0.0122320952782946,-0.0160559163252026,-0.0725871));
#13536=CARTESIAN_POINT('',(0.0122320963648351,-0.01585595,-0.0725871));
#13537=CARTESIAN_POINT('',(0.00478791732595436,-0.01585595,-0.0725871));
#13538=CARTESIAN_POINT('',(0.01016,-0.01585595,-0.0725871));
#13539=CARTESIAN_POINT('',(0.01016,-0.0118872,-0.0725871));
#13540=CARTESIAN_POINT('',(0.00478791732595436,-0.0167860323653229,-0.070801099936));
#13541=CARTESIAN_POINT('',(0.00478791732595436,0.0167860323653229,-0.070801099936));
#13542=CARTESIAN_POINT('',(0.00478791732595436,0.0167860323653229,-0.070801099936));
#13543=CARTESIAN_POINT('',(0.00478791732595436,-0.0167860323653229,-0.070801099936));
#13544=CARTESIAN_POINT('',(0.00358174257887544,-0.0167860323653229,-0.070801099936));
#13545=CARTESIAN_POINT('',(-2.53999999999384E-05,-1.38777878078145E-17,-0.0634746));
#13546=CARTESIAN_POINT('',(0.00294019539177662,0.0217030037425629,-0.0671125000011732));
#13547=CARTESIAN_POINT('',(0.00289754428731445,0.0216446929771677,-0.0695384758118399));
#13548=CARTESIAN_POINT('',(0.00285390187350403,0.0215847838731169,-0.0720300102901268));
#13549=CARTESIAN_POINT('',(0.00280926829424686,0.0215232774899331,-0.0745871034640305));
#13550=CARTESIAN_POINT('',(0.00294021764390722,0.0217030426723755,-0.0671125004432221));
#13551=CARTESIAN_POINT('',(-2.53999999999384E-05,-1.38777878078145E-17,-0.0671125));
#13552=CARTESIAN_POINT('',(0.0146072422820442,0.0163004118759011,-0.0671125000000039));
#13553=CARTESIAN_POINT('',(0.0145456850883432,0.016246143615556,-0.070224800000005));
#13554=CARTESIAN_POINT('',(0.0144841292714145,0.0161918768889861,-0.0733371));
#13555=CARTESIAN_POINT('',(-2.53999999999384E-05,-1.38777878078145E-17,-0.0733371));
#13556=CARTESIAN_POINT('',(0.0153483327423453,0.0153737327423451,-0.0733371));
#13557=CARTESIAN_POINT('',(0.0155309491861041,0.015556349186104,-0.0634746));
#13558=CARTESIAN_POINT('',(0.0155309491861041,0.015556349186104,-0.0634746));
#13559=CARTESIAN_POINT('',(0.0232974434811718,0.00776914990555945,-0.0640337033180321));
#13560=CARTESIAN_POINT('',(0.0227905241859943,0.00793154129869616,-0.0733371));
#13561=CARTESIAN_POINT('',(0.0228313898487602,0.00791845,-0.0725871));
#13562=CARTESIAN_POINT('',(0.0204794697144002,0.0101918026658863,-0.0747086823774487));
#13563=CARTESIAN_POINT('',(0.0245685636509946,0.00623930765297814,-0.0710200581300223));
#13564=CARTESIAN_POINT('',(0.0247006095643667,0.00638740898527225,-0.0634551528194381));
#13565=CARTESIAN_POINT('',(0.0261480075879838,0.00457405789670657,-0.0733371));
#13566=CARTESIAN_POINT('',(0.0253746,-1.54330892427316E-17,-0.0514746));
#13567=CARTESIAN_POINT('',(0.0252465910797661,-0.00684611440316862,-0.0588082261285957));
#13568=CARTESIAN_POINT('',(0.0251069859731199,0.00172400257639682,-0.0668061973318146));
#13569=CARTESIAN_POINT('',(0.0250513886206559,0.00513702825875114,-0.0699913675212535));
#13570=CARTESIAN_POINT('',(0.0253750434612047,0.00145594508831198,-0.0514491941245957));
#13571=CARTESIAN_POINT('',(0.0253750434612047,-0.00145594508831198,-0.0514491941245957));
#13572=CARTESIAN_POINT('',(0.0251069859731199,-0.00172400257639683,-0.0668061973318146));
#13573=CARTESIAN_POINT('',(0.025095218364422,-0.00244639580063824,-0.0674803631826028));
#13574=CARTESIAN_POINT('',(0.0250513886206558,-0.00513702825875119,-0.0699913675212535));
#13575=CARTESIAN_POINT('',(0.0253727219613057,-0.00549743241398362,-0.0515821927647414));
#13576=CARTESIAN_POINT('',(0.0253727219613057,0.00549743241398358,-0.0515821927647414));
#13577=CARTESIAN_POINT('',(0.0155309491861041,-0.015556349186104,-0.0634746));
#13578=CARTESIAN_POINT('',(0.0247006095643667,-0.00638740898527229,-0.0634551528194381));
#13579=CARTESIAN_POINT('',(0.0245685636509946,-0.00623930765297819,-0.0710200581300223));
#13580=CARTESIAN_POINT('',(0.009921371767255,-0.0203972002744927,-0.084232761965353));
#13581=CARTESIAN_POINT('',(0.0228313898487602,-0.00791845,-0.0725871));
#13582=CARTESIAN_POINT('',(0.0232974434811718,-0.00776914990555945,-0.0640337033180321));
#13583=CARTESIAN_POINT('',(0.0227916569777544,-0.0079307810541232,-0.0733372930066113));
#13584=CARTESIAN_POINT('',(0.00936197522266093,-0.0213600902620294,-0.0733371));
#13585=CARTESIAN_POINT('',(0.0153483327423453,-0.0153737327423451,-0.0733371));
#13586=CARTESIAN_POINT('',(0.0155309491861041,-0.015556349186104,-0.0634746));
#13587=CARTESIAN_POINT('',(-2.53999999999384E-05,-1.38777878078145E-17,-0.0634746));
#13588=CARTESIAN_POINT('',(0.0145456850883432,-0.016246143615556,-0.070224800000005));
#13589=CARTESIAN_POINT('',(0.0144841294459004,-0.0161918770834405,-0.0733371));
#13590=CARTESIAN_POINT('',(0.0146072409052071,-0.0163004103421842,-0.067112500000005));
#13591=CARTESIAN_POINT('',(-2.53999999999384E-05,-1.38777878078145E-17,-0.0671125));
#13592=CARTESIAN_POINT('',(0.00294022195810745,-0.0217030738895765,-0.0671124996188906));
#13593=CARTESIAN_POINT('',(0.00280876771303648,-0.0215232312387596,-0.0745872306563922));
#13594=CARTESIAN_POINT('',(0.00285258282808898,-0.0215831977922736,-0.0720956537928912));
#13595=CARTESIAN_POINT('',(0.0028963978383088,-0.0216431635497496,-0.0696040769083878));
#13596=CARTESIAN_POINT('',(0.00294021273978895,-0.0217031285117133,-0.0671125000028265));
#13597=CARTESIAN_POINT('',(-2.53999999999384E-05,-1.38777878078145E-17,-0.0733371));
#13598=CARTESIAN_POINT('',(0.00478791732595436,0.0167860323653229,-0.070801099936));
#13599=CARTESIAN_POINT('',(0.00478791732595436,0.0167860323653229,-0.0671125));
#13600=CARTESIAN_POINT('',(0.00478791732595436,-0.000825000000000013,-0.0725871));
#13601=CARTESIAN_POINT('',(0.015490000008,-0.000920559498456034,-0.0671125));
#13602=CARTESIAN_POINT('',(0.0195256300806713,-0.000920559498456034,-0.0671125));
#13603=CARTESIAN_POINT('',(0.015490000008,-0.00245238703172623,0.0206458406059904));
#13604=CARTESIAN_POINT('',(0.0195519207315979,-0.000828430086408155,-0.0723905904812874));
#13605=CARTESIAN_POINT('',(0.0195504154890947,-0.000826589150179059,-0.072496057647217));
#13606=CARTESIAN_POINT('',(0.0194538384212968,-0.000825000000000002,-0.0725871000000008));
#13607=CARTESIAN_POINT('',(0.0193484038081782,-0.000825,-0.0725871000000009));
#13608=CARTESIAN_POINT('',(0.019348403808178,-0.000825000000000015,-0.0725871));
#13609=CARTESIAN_POINT('',(0.00478791732595436,-0.000825000000000014,-0.0725871));
#13610=CARTESIAN_POINT('',(0.0081303781040467,-0.0201284931434152,-0.0725871));
#13611=CARTESIAN_POINT('',(0.0116788730376241,-0.0163849537329569,-0.0804883752345847));
#13612=CARTESIAN_POINT('',(0.0234236947649057,-0.00490460696492736,-0.0697744628022806));
#13613=CARTESIAN_POINT('',(0.0203404212474619,-0.00791845,-0.0725871));
#13614=CARTESIAN_POINT('',(0.0233718802278899,-0.00488314468096732,-0.0727429156398346));
#13615=CARTESIAN_POINT('',(0.0233746,-0.0048842712474619,-0.0725871));
#13616=CARTESIAN_POINT('',(0.0081303781040467,-0.0201284931434152,-0.0725871));
#13617=CARTESIAN_POINT('',(0.00361291732595436,-0.0167860323653229,-0.0725871));
#13618=CARTESIAN_POINT('',(0.00351735782749834,-9.72653888433454E-20,-0.0671125));
#13619=CARTESIAN_POINT('',(0.00361291732595436,-0.0167860323653229,-0.0725871));
#13620=CARTESIAN_POINT('',(0.0233746,-0.0167860323653229,-0.0725871));
#13621=CARTESIAN_POINT('',(0.0233746,-0.0167860323653229,-0.0725871));
#13622=CARTESIAN_POINT('',(0.0232974032005725,-0.0126574285190183,-0.0770097016772181));
#13623=CARTESIAN_POINT('',(0.00478791732595436,-0.0167860323653229,-0.0725871));
#13624=CARTESIAN_POINT('',(0.00478791732595436,-0.00791845,-0.0725871));
#13625=CARTESIAN_POINT('',(0.01016,-0.00791845,-0.0725871));
#13626=CARTESIAN_POINT('',(0.01016,-0.0118872,-0.0725871));
#13627=CARTESIAN_POINT('',(0.00478791732595436,-0.0167860323653229,-0.0725871));
#13628=CARTESIAN_POINT('',(0.00478791732595436,0.00791845,-0.0725871));
#13629=CARTESIAN_POINT('',(0.01016,0.00791845,-0.0725871));
#13630=CARTESIAN_POINT('',(0.01016,0.0118872,-0.0725871));
#13631=CARTESIAN_POINT('',(0.00626909328495965,0.0126693901925724,-0.0725871));
#13632=CARTESIAN_POINT('',(0.00478791732595436,0.0167860323653229,-0.0725871));
#13633=CARTESIAN_POINT('',(0.00478791732595436,0.0167860323653229,-0.0725871));
#13634=CARTESIAN_POINT('',(0.00627478746771191,0.0126644858318084,-0.0729621));
#13635=CARTESIAN_POINT('',(0.00628048165046373,0.012659581471044,-0.0733371));
#13636=CARTESIAN_POINT('',(0.00478791732595436,0.0167860323653229,-0.0733371));
#13637=CARTESIAN_POINT('',(0.00903413748966315,0.0156792534501796,-0.0733371));
#13638=CARTESIAN_POINT('',(0.0090287302822545,0.0156844725094587,-0.0729621));
#13639=CARTESIAN_POINT('',(0.00478791732595436,-0.0167860323653229,-0.0725871));
#13640=CARTESIAN_POINT('',(0.0154646000080001,-1.4826276754244E-17,-0.0725871));
#13641=CARTESIAN_POINT('',(0.00478791732595436,0.01585595,-0.0725871));
#13642=CARTESIAN_POINT('',(0.0144120213706387,0.0158971840998801,-0.0702247999999938));
#13643=CARTESIAN_POINT('',(0.0143505309532019,0.015842857653816,-0.0733371));
#13644=CARTESIAN_POINT('',(0.0144735117880867,0.0159515094984562,-0.0671124999999938));
#13645=CARTESIAN_POINT('',(0.015490000008,0.015951509498456,-0.0671125));
#13646=CARTESIAN_POINT('',(0.0122643609339279,0.015951509498456,-0.0671125));
#13647=CARTESIAN_POINT('',(0.0122643609339279,0.015951509498456,-0.0671125));
#13648=CARTESIAN_POINT('',(0.0122536201945501,0.0159196563308527,-0.0689373667498122));
#13649=CARTESIAN_POINT('',(0.0122428653753434,0.0158878031646959,-0.0707622334167528));
#13650=CARTESIAN_POINT('',(0.0122320963648351,0.01585595,-0.0725871));
#13651=CARTESIAN_POINT('',(0.01016,0.01585595,-0.0725871));
#13652=CARTESIAN_POINT('',(0.01016,0.0158428587013038,-0.0733371));
#13653=CARTESIAN_POINT('',(0.00478791732595436,0.0158428587013038,-0.0733371));
#13654=CARTESIAN_POINT('',(0.00478791732595436,0.00791845,-0.0725871));
#13655=CARTESIAN_POINT('',(0.00478791732595436,0.00791845,-0.0725871));
#13656=CARTESIAN_POINT('',(0.00478791732595436,0.00793154129869617,-0.0733371));
#13657=CARTESIAN_POINT('',(0.01016,0.00793154129869616,-0.0733371));
#13658=CARTESIAN_POINT('',(0.01016,0.00791845,-0.0725871));
#13659=CARTESIAN_POINT('',(0.01016,0.0118872,-0.0725871));
#13660=CARTESIAN_POINT('',(0.01016,0.0118872,-0.0733371));
#13661=CARTESIAN_POINT('',(0.01016,0.0118872,-0.0725871));
#13662=CARTESIAN_POINT('',(0.01016,0.0118872,-0.0733371));
#13663=CARTESIAN_POINT('',(0.00478791732595436,-0.0167860323653229,-0.0733371));
#13664=CARTESIAN_POINT('',(0.0143505978081259,0.0160428858132278,-0.0733371));
#13665=CARTESIAN_POINT('',(0.00478791732595436,-0.01585595,-0.0725871));
#13666=CARTESIAN_POINT('',(0.0122320963648351,-0.01585595,-0.0725871));
#13667=CARTESIAN_POINT('',(0.0122428653753434,-0.0158878031646959,-0.0707622334167528));
#13668=CARTESIAN_POINT('',(0.0122536201945501,-0.0159196563308527,-0.0689373667498122));
#13669=CARTESIAN_POINT('',(0.0122643609339279,-0.015951509498456,-0.0671125));
#13670=CARTESIAN_POINT('',(0.0122643627992303,-0.0159515091810483,-0.0671125));
#13671=CARTESIAN_POINT('',(0.015490000008,-0.015951509498456,-0.0671125));
#13672=CARTESIAN_POINT('',(0.0144735117880867,-0.0159515094984562,-0.0671124999999938));
#13673=CARTESIAN_POINT('',(0.0144120213706389,-0.0158971840998801,-0.0702247999999938));
#13674=CARTESIAN_POINT('',(0.0143505309531909,-0.0158428587013038,-0.0733371));
#13675=CARTESIAN_POINT('',(0.00478791732595436,-0.0158428587013038,-0.0733371));
#13676=CARTESIAN_POINT('',(0.01016,-0.0158428587013038,-0.0733371));
#13677=CARTESIAN_POINT('',(0.01016,-0.01585595,-0.0725871));
#13678=CARTESIAN_POINT('',(0.00478791732595436,-0.00791845,-0.0725871));
#13679=CARTESIAN_POINT('',(0.01016,-0.00791845,-0.0725871));
#13680=CARTESIAN_POINT('',(0.01016,-0.00793154129869616,-0.0733371));
#13681=CARTESIAN_POINT('',(0.00478791732595436,-0.00793154129869616,-0.0733371));
#13682=CARTESIAN_POINT('',(0.00478791732595436,-0.00791845,-0.0725871));
#13683=CARTESIAN_POINT('',(0.01016,-0.0118872,-0.0725871));
#13684=CARTESIAN_POINT('',(0.01016,-0.0118872,-0.0733371));
#13685=CARTESIAN_POINT('',(0.01016,-0.0118872,-0.0725871));
#13686=CARTESIAN_POINT('',(0.01016,-0.0118872,-0.0733371));
#13687=CARTESIAN_POINT('',(0.00478791732595436,-0.0167860323653229,-0.0733371));
#13688=CARTESIAN_POINT('',(0.0143506011005863,-0.0160428922023061,-0.0733371));
#13689=CARTESIAN_POINT('',(-0.0233035764807696,-0.002025,-0.0670871));
#13690=CARTESIAN_POINT('',(0.0234636554770131,-0.00513649558488155,-0.0699908704089877));
#13691=CARTESIAN_POINT('',(0.0249069544985971,-0.00172406451188832,-0.0668062551324582));
#13692=CARTESIAN_POINT('',(-0.0233035764807696,0.00791845,-0.0725871));
#13693=CARTESIAN_POINT('',(0.0249069544985971,0.00172406451188832,-0.0668062551324582));
#13694=CARTESIAN_POINT('',(0.023463655477013,0.00513649558488151,-0.0699908704089877));
#13695=CARTESIAN_POINT('',(0.00478791732595436,-0.0167860323653229,-0.070801099936));
#13696=CARTESIAN_POINT('',(0.00475260000000006,-0.0167860323653229,-0.070801099936));
#13697=CARTESIAN_POINT('',(0.00475260000000006,-0.0194208835020449,-0.070801099936));
#13698=CARTESIAN_POINT('',(-2.53999999999384E-05,-1.38777878078145E-17,-0.070801099936));
#13699=CARTESIAN_POINT('',(0.00792050617874593,-0.0183538163605984,-0.070801099936));
#13700=CARTESIAN_POINT('',(0.0059401565731485,-0.0158680656136235,-0.070801099936));
#13701=CARTESIAN_POINT('',(0.00475260000000006,-0.0167860323653229,-0.070801099936));
#13702=CARTESIAN_POINT('',(-0.0105733861617021,39.419267519903,0.807224090755621));
#13703=CARTESIAN_POINT('',(-2.53999999999384E-05,-1.38777878078145E-17,-0.070801099936));
#13704=CARTESIAN_POINT('',(0.00794128389843001,-0.0183798967213989,-0.068956799968));
#13705=CARTESIAN_POINT('',(0.0059401565731485,-0.0158680656136235,-0.0755611571316251));
#13706=CARTESIAN_POINT('',(0.00478791732595436,-0.0167860323653229,-0.070801099936));
#13707=CARTESIAN_POINT('',(0.00475260000000006,-0.0167860323653229,-0.070801099936));
#13708=CARTESIAN_POINT('',(0.00475260000000009,0.0194208835020449,-0.070801099936));
#13709=CARTESIAN_POINT('',(0.0059401565731485,0.0158680656136235,-0.070801099936));
#13710=CARTESIAN_POINT('',(0.00792050617874591,0.0183538163605984,-0.070801099936));
#13711=CARTESIAN_POINT('',(-2.53999999999384E-05,-1.38777878078145E-17,-0.070801099936));
#13712=CARTESIAN_POINT('',(0.00475260000000006,-0.0167860323653229,-0.070801099936));
#13713=CARTESIAN_POINT('',(-0.0105733900573311,-39.419278858281,0.807224342659596));
#13714=CARTESIAN_POINT('',(0.0059401565731485,0.0158680656136235,-0.0755611571316251));
#13715=CARTESIAN_POINT('',(0.00794128389842999,0.0183798967213989,-0.068956799968));
#13716=CARTESIAN_POINT('',(-2.53999999999384E-05,-1.38777878078145E-17,-0.070801099936));
#13717=CARTESIAN_POINT('',(0.00478791732595436,-0.0167860323653229,-0.0723011));
#13718=CARTESIAN_POINT('',(0.00151283984509425,0.,-0.0723011));
#13719=CARTESIAN_POINT('',(0.00151283984509425,0.0145823643374334,-0.0723011));
#13720=CARTESIAN_POINT('',(0.00151283984509425,0.0167606323653229,-0.0723011));
#13721=CARTESIAN_POINT('',(0.00127595475539603,0.0167606323653229,-0.0723011));
#13722=CARTESIAN_POINT('',(0.00148276363649828,0.0167606323653229,-0.0723010999770408));
#13723=CARTESIAN_POINT('',(0.00148276363609752,-0.0167860323653229,-0.0723011));
#13724=CARTESIAN_POINT('',(0.00148276363609752,0.0167860323653229,-0.0723011));
#13725=CARTESIAN_POINT('',(0.00127595475539603,0.0167860323653229,-0.0723011));
#13726=CARTESIAN_POINT('',(0.00151283984509425,0.0167860323653229,-0.0723011));
#13727=CARTESIAN_POINT('',(0.00481331732595436,0.0167860323653229,-0.0723011));
#13728=CARTESIAN_POINT('',(0.00265252255113989,0.0192808505035444,-0.0723011));
#13729=CARTESIAN_POINT('',(0.00265252255113989,0.,-0.0723011));
#13730=CARTESIAN_POINT('',(0.00265252255113989,0.0199013583372309,-0.0723011));
#13731=CARTESIAN_POINT('',(0.00312252247416518,0.0200720593688866,-0.0723011));
#13732=CARTESIAN_POINT('',(0.00331719095385598,0.0196114289714517,-0.0723011));
#13733=CARTESIAN_POINT('',(-0.00848071082761381,0.0146282885740232,-0.0723011));
#13734=CARTESIAN_POINT('',(0.0035525515371424,0.0197108394303843,-0.0723011));
#13735=CARTESIAN_POINT('',(0.00478791732595436,0.0167860323653229,-0.0723011));
#13736=CARTESIAN_POINT('',(0.00236455906498946,0.0147346932390475,-0.0723010999660074));
#13737=CARTESIAN_POINT('',(0.00198283735373929,0.0144116394295065,-0.0723011));
#13738=CARTESIAN_POINT('',(0.023785463745245,-0.00549743241398362,-0.0515544870695223));
#13739=CARTESIAN_POINT('',(0.0235784622129187,0.00526526163382433,-0.0634135969139993));
#13740=CARTESIAN_POINT('',(0.00284803403827315,0.021415201651959,-0.0708369254107707));
#13741=CARTESIAN_POINT('',(0.0027034697033065,0.0215534062526061,-0.0708377262950416));
#13742=CARTESIAN_POINT('',(0.00276849377015875,0.0216430098987109,-0.0671125));
#13743=CARTESIAN_POINT('',(0.00291304412563845,0.0215047860342272,-0.0671125));
#13744=CARTESIAN_POINT('',(0.00267808732322025,0.0215206432421948,-0.070836495188417));
#13745=CARTESIAN_POINT('',(0.0154646000080001,-1.4826276754244E-17,-0.0723871));
#13746=CARTESIAN_POINT('',(0.00284803413610527,-0.021415210870693,-0.0708369198059767));
#13747=CARTESIAN_POINT('',(0.0026780873628463,-0.0215206523806676,-0.0708364929182419));
#13748=CARTESIAN_POINT('',(0.00291304412563853,-0.0215049130081018,-0.0671125));
#13749=CARTESIAN_POINT('',(0.00276849377015875,-0.0216431368980053,-0.0671125));
#13750=CARTESIAN_POINT('',(0.00270346972484668,-0.0215534153661401,-0.0708377250610056));
#13751=CARTESIAN_POINT('',(0.00478791732595436,-0.0167860323653229,-0.0723011));
#13752=CARTESIAN_POINT('',(0.00232924899941983,-0.0147199839557277,-0.0743905902140032));
#13753=CARTESIAN_POINT('',(0.00234101836031558,-0.0147248837887868,-0.0736940934950501));
#13754=CARTESIAN_POINT('',(0.00235278688574956,-0.0147297829198135,-0.0729975967570406));
#13755=CARTESIAN_POINT('',(0.00236455457826789,-0.0147346813457882,-0.0723011));
#13756=CARTESIAN_POINT('',(0.00232925535515484,-0.0147199892965353,-0.0743905903589733));
#13757=CARTESIAN_POINT('',(0.00232759328441957,-0.0147193012463246,-0.0744888451781585));
#13758=CARTESIAN_POINT('',(0.00355255153714239,-0.0197108394303843,-0.0723011));
#13759=CARTESIAN_POINT('',(0.00195285936125162,-0.0144006922910559,-0.0740184981186204));
#13760=CARTESIAN_POINT('',(0.00148298671704195,-0.0145714560538064,-0.0740113845606748));
#13761=CARTESIAN_POINT('',(0.00325656027949794,-0.0199831699799346,-0.0646220792754144));
#13762=CARTESIAN_POINT('',(0.00278666901737442,-0.0198123968880034,-0.064615854096522));
#13763=CARTESIAN_POINT('',(0.00331702988920063,-0.0196115357841436,-0.0723103273879252));
#13764=CARTESIAN_POINT('',(0.00258254403171732,-0.0193011323760601,-0.0723011));
#13765=CARTESIAN_POINT('',(0.00144973848710359,-0.00615551618266145,-0.0741931095187125));
#13766=CARTESIAN_POINT('',(0.00157333098598407,-1.37880579519046E-18,-0.0671125));
#13767=CARTESIAN_POINT('',(0.00157333098598407,0.0167860323653229,-0.0671125));
#13768=CARTESIAN_POINT('',(0.00157333098598407,0.0167606323653229,-0.0671125));
#13769=CARTESIAN_POINT('',(0.00161291732595436,0.0167860323653229,-0.064844600102));
#13770=CARTESIAN_POINT('',(0.00144585724623752,0.0167606323653229,-0.0744154656590091));
#13771=CARTESIAN_POINT('',(0.0052083272086118,-0.0119386293578163,-0.0745891));
#13772=CARTESIAN_POINT('',(0.00164726448319466,-0.0119386293578163,-0.0743365904812875));
#13773=CARTESIAN_POINT('',(0.00876583799446578,-0.0119386293578163,-0.0745891));
#13774=CARTESIAN_POINT('',(0.00876583799446578,-0.00893603236532292,-0.0745891));
#13775=CARTESIAN_POINT('',(0.0117684349869591,-0.00893603236532292,-0.0745891));
#13776=CARTESIAN_POINT('',(0.0117684349869591,-1.98041223490674E-17,-0.0745891));
#13777=CARTESIAN_POINT('',(0.0117684349869591,0.00893603236532288,-0.0745891));
#13778=CARTESIAN_POINT('',(0.00876583799446578,0.00893603236532289,-0.0745891));
#13779=CARTESIAN_POINT('',(0.00876583799446579,0.0119386293578162,-0.0745891));
#13780=CARTESIAN_POINT('',(0.0052083272086118,0.0119386293578162,-0.0745891));
#13781=CARTESIAN_POINT('',(0.00164283089930077,0.0119386293578162,-0.0745905903324555));
#13782=CARTESIAN_POINT('',(0.00164970802613487,0.0121386293578162,-0.0741966));
#13783=CARTESIAN_POINT('',(0.00147980553529338,0.0120331573308493,-0.0741936343409909));
#13784=CARTESIAN_POINT('',(0.00164970802613487,-0.0121386293578163,-0.0741966));
#13785=CARTESIAN_POINT('',(0.00147980553529338,-0.0120331573308494,-0.0741936343409909));
#13786=CARTESIAN_POINT('',(0.00478791732595436,0.0167860323653229,-0.0723011));
#13787=CARTESIAN_POINT('',(0.00355255153714239,0.0197108394303843,-0.0723011));
#13788=CARTESIAN_POINT('',(0.00236455915527796,0.0147346852157086,-0.0723011));
#13789=CARTESIAN_POINT('',(0.00235168267531192,0.0147293243569339,-0.0730630999990362));
#13790=CARTESIAN_POINT('',(0.00233880520806419,0.0147239626624473,-0.0738250999755096));
#13791=CARTESIAN_POINT('',(0.00232592675024965,0.014718600136146,-0.0745870999293877));
#13792=CARTESIAN_POINT('',(0.00258254403171732,0.01930113237606,-0.0723011));
#13793=CARTESIAN_POINT('',(0.00331702988920063,0.0196115357841436,-0.0723103273879252));
#13794=CARTESIAN_POINT('',(0.00325656027949795,0.0199831699799346,-0.0646220792754144));
#13795=CARTESIAN_POINT('',(0.00278666901737442,0.0198123968880035,-0.064615854096522));
#13796=CARTESIAN_POINT('',(0.00195286007049538,0.0144006867851536,-0.0740184974068376));
#13797=CARTESIAN_POINT('',(0.00148298671254118,0.0145714570533739,-0.0740113848185237));
#13798=CARTESIAN_POINT('',(0.0122384333074471,0.0160746416305875,-0.0715155342116182));
#13799=CARTESIAN_POINT('',(0.012264359860553,0.0161514758542441,-0.0671125));
#13800=CARTESIAN_POINT('',(0.0122580250716762,-0.016132667607731,-0.0681912392854686));
#13801=CARTESIAN_POINT('',(0.0122643852386123,-0.01615149607445,-0.0671125));
#13802=CARTESIAN_POINT('',(0.0251750739221735,0.00145594508831198,-0.0514457036433083));
#13803=CARTESIAN_POINT('',(0.0251750739221735,-0.00145594508831198,-0.0514457036433083));
#13804=CARTESIAN_POINT('',(0.0143747194553429,-0.0160641996523362,-0.07211635298518));
#13805=CARTESIAN_POINT('',(0.0144735808082536,-0.0161515390815095,-0.0671125));
#13806=CARTESIAN_POINT('',(0.0143747170798981,0.0160641958888904,-0.0721163518729735));
#13807=CARTESIAN_POINT('',(0.0144735820796143,0.0161515459815563,-0.0671125));
#13808=CARTESIAN_POINT('',(0.0154174609671153,0.0154123946926182,-0.0635));
#13809=CARTESIAN_POINT('',(0.0154137092403937,0.0154086429658966,-0.0635));
#13810=CARTESIAN_POINT('',(0.0154137091276412,0.015408642853144,-0.0635));
#13811=CARTESIAN_POINT('',(0.0155588823233526,0.0155538160488555,-0.0635));
#13812=CARTESIAN_POINT('',(0.015559037582819,0.0155538471102098,-0.0634949687195294));
#13813=CARTESIAN_POINT('',(0.0155525489978157,0.0155525489978156,-0.0637052353896657));
#13814=CARTESIAN_POINT('',(0.0154137092230519,0.0154086429485546,-0.0634999999999927));
#13815=CARTESIAN_POINT('',(0.0154896675998104,0.0154846013288916,-0.0635000001449549));
#13816=CARTESIAN_POINT('',(0.0155558622418805,0.015553211848527,-0.0635978676359119));
#13817=CARTESIAN_POINT('',(0.0155525489978159,0.0155525489978156,-0.0637052353896616));
#13818=CARTESIAN_POINT('',(0.0162306,-0.0062992,-0.0720074043620566));
#13819=CARTESIAN_POINT('',(0.0162306,-0.0062992,-0.0639375));
#13820=CARTESIAN_POINT('',(0.0190119,-0.0062992,-0.0639375));
#13821=CARTESIAN_POINT('',(0.0162306,-0.0062992,-0.0640391));
#13822=CARTESIAN_POINT('',(0.0162306,-0.0035179,-0.0640391));
#13823=CARTESIAN_POINT('',(0.,0.,-0.0640391));
#13824=CARTESIAN_POINT('',(0.0162306,-0.0062992,-0.0640391));
#13825=CARTESIAN_POINT('',(0.0162306,-0.0074295,-0.0640391));
#13826=CARTESIAN_POINT('',(0.0162306,-0.0062992,-0.0593391));
#13827=CARTESIAN_POINT('',(0.0162306,-0.0062992,-0.0593391));
#13828=CARTESIAN_POINT('',(0.0162306,-0.0074295,-0.0593391));
#13829=CARTESIAN_POINT('',(0.0162306,-0.0062992,-0.0593391));
#13830=CARTESIAN_POINT('',(0.0162306,0.0062992,-0.0720074043620566));
#13831=CARTESIAN_POINT('',(0.0162306,0.0062992,-0.0639375));
#13832=CARTESIAN_POINT('',(0.0190119,0.0062992,-0.0639375));
#13833=CARTESIAN_POINT('',(0.0162306,0.0062992,-0.0640391));
#13834=CARTESIAN_POINT('',(0.0162306,0.0090805,-0.0640391));
#13835=CARTESIAN_POINT('',(0.,0.,-0.0640391));
#13836=CARTESIAN_POINT('',(0.0162306,0.0062992,-0.0640391));
#13837=CARTESIAN_POINT('',(0.0162306,0.0051689,-0.0640391));
#13838=CARTESIAN_POINT('',(0.0162306,0.0062992,-0.0593391));
#13839=CARTESIAN_POINT('',(0.0162306,0.0062992,-0.0593391));
#13840=CARTESIAN_POINT('',(0.0162306,0.0051689,-0.0593391));
#13841=CARTESIAN_POINT('',(0.0162306,-0.0062992,-0.0593391));
#13842=CARTESIAN_POINT('',(7.43452918275774E-19,0.,0.0047625));
#13843=CARTESIAN_POINT('',(7.04426518366286E-19,0.,0.0045125));
#13844=CARTESIAN_POINT('',(0.008,0.,0.0045125));
#13845=CARTESIAN_POINT('',(7.43452918275774E-19,0.,0.0047625));
#13846=CARTESIAN_POINT('',(0.00825,0.,0.0047625));
#13847=CARTESIAN_POINT('',(7.04426518366282E-19,0.,0.0045125));
#13848=CARTESIAN_POINT('',(7.43452918275774E-19,0.,0.0047625));
#13849=CARTESIAN_POINT('',(0.009275,0.,0.0047625));
#13850=CARTESIAN_POINT('',(7.04426518366282E-19,0.,0.0045125));
#13851=CARTESIAN_POINT('',(0.009525,0.,0.0045125));
#13852=CARTESIAN_POINT('',(4.58075417875126E-18,0.,0.03735705));
#13853=CARTESIAN_POINT('',(0.00396447370236054,-0.00024512830799824,0.0363850052200211));
#13854=CARTESIAN_POINT('',(0.00389755651693807,-0.000286320910352574,0.0364492527207297));
#13855=CARTESIAN_POINT('',(0.00376252591836291,-0.000366785716524559,0.0365774252974575));
#13856=CARTESIAN_POINT('',(0.00355275116151658,-0.000451638458859635,0.0367759089458832));
#13857=CARTESIAN_POINT('',(0.00336835720970815,-0.000466128321112197,0.0369568138338829));
#13858=CARTESIAN_POINT('',(0.0032317656669197,-0.000543112323416375,0.0370805743638897));
#13859=CARTESIAN_POINT('',(0.00314325138465081,-0.000669510733362164,0.0371445193709924));
#13860=CARTESIAN_POINT('',(0.00317448596939452,-0.000820815483942737,0.0370787588099879));
#13861=CARTESIAN_POINT('',(0.00326861061509819,-0.000945403960110727,0.036954671538305));
#13862=CARTESIAN_POINT('',(0.00342936706513532,-0.00103251894883628,0.0367758233870939));
#13863=CARTESIAN_POINT('',(0.00358696769345178,-0.00119591504475612,0.0365767106316422));
#13864=CARTESIAN_POINT('',(0.00367730101986405,-0.00132407540442193,0.0364488925884978));
#13865=CARTESIAN_POINT('',(0.00372142961177921,-0.00138856087868632,0.0363850052281922));
#13866=CARTESIAN_POINT('',(0.00396447371679151,-0.00024512829911488,0.0363850052200211));
#13867=CARTESIAN_POINT('',(0.00372142961753338,-0.00138856088669909,0.03638500522));
#13868=CARTESIAN_POINT('',(4.46156119675941E-18,0.,0.03638500522));
#13869=CARTESIAN_POINT('',(0.00396447371679661,0.000245128299374255,0.03638500522));
#13870=CARTESIAN_POINT('',(0.00372142960785307,0.00138856087294901,0.0363850052200211));
#13871=CARTESIAN_POINT('',(0.0036770522578733,0.00132371188681691,0.0364492527207297));
#13872=CARTESIAN_POINT('',(0.00358642365305034,0.00119528173626141,0.0365774252974575));
#13873=CARTESIAN_POINT('',(0.00342929759637843,0.00103244181853097,0.0367759089458832));
#13874=CARTESIAN_POINT('',(0.0032667388972183,0.000944204893726221,0.0369568138338829));
#13875=CARTESIAN_POINT('',(0.00317326852841926,0.000818319722523763,0.0370805743638897));
#13876=CARTESIAN_POINT('',(0.00314381757286751,0.000666847027230198,0.0371445193709924));
#13877=CARTESIAN_POINT('',(0.00323389297221407,0.000541327509764122,0.0370787588099879));
#13878=CARTESIAN_POINT('',(0.00337055481331137,0.000465794215710476,0.036954671538305));
#13879=CARTESIAN_POINT('',(0.00355284599610535,0.000451596252308542,0.0367758233870939));
#13880=CARTESIAN_POINT('',(0.00376328051377159,0.00036642844159251,0.0365767106316422));
#13881=CARTESIAN_POINT('',(0.00389793162825512,0.000286090001112768,0.0364488925884978));
#13882=CARTESIAN_POINT('',(0.00396447370828083,0.000245128304353851,0.0363850052281922));
#13883=CARTESIAN_POINT('',(0.00372142961742323,0.00138856088693396,0.0363850052200211));
#13884=CARTESIAN_POINT('',(4.46156119675941E-18,0.,0.03638500522));
#13885=CARTESIAN_POINT('',(0.00352202429431266,0.0018364325755651,0.03638500522));
#13886=CARTESIAN_POINT('',(0.00283491652602117,0.00278215526428385,0.0363850052200211));
#13887=CARTESIAN_POINT('',(0.00282075225845118,0.00270486287321078,0.0364492527207297));
#13888=CARTESIAN_POINT('',(0.00279019615648934,0.00255067411805413,0.0365774252974575));
#13889=CARTESIAN_POINT('',(0.00271288732263585,0.00233800352605813,0.0367759089458832));
#13890=CARTESIAN_POINT('',(0.00260027175200824,0.00219127650460725,0.0369568138338829));
#13891=CARTESIAN_POINT('',(0.0025660844331156,0.00203825685423832,0.0370805743638897));
#13892=CARTESIAN_POINT('',(0.00260078914204938,0.00188790087869953,0.0371445193709924));
#13893=CARTESIAN_POINT('',(0.00273413050114241,0.00180987005922679,0.0370787588099879));
#13894=CARTESIAN_POINT('',(0.00288969946377376,0.00179645234002775,0.036954671538305));
#13895=CARTESIAN_POINT('',(0.00306200557775614,0.00185762635880609,0.036775823387094));
#13896=CARTESIAN_POINT('',(0.00328888794493009,0.00186541312149193,0.0365767106316422));
#13897=CARTESIAN_POINT('',(0.00344457444652373,0.00184678784640902,0.0364488925884978));
#13898=CARTESIAN_POINT('',(0.00352202428450772,0.00183643257665051,0.0363850052281922));
#13899=CARTESIAN_POINT('',(0.00283491652907576,0.00278215528095229,0.0363850052200211));
#13900=CARTESIAN_POINT('',(4.46156119675941E-18,0.,0.03638500522));
#13901=CARTESIAN_POINT('',(0.00247058487475583,0.00311020097597455,0.03638500522));
#13902=CARTESIAN_POINT('',(0.00145822062243211,0.00369468973533693,0.0363850052200211));
#13903=CARTESIAN_POINT('',(0.00147671856781307,0.00361831849591874,0.0364492527207297));
#13904=CARTESIAN_POINT('',(0.00151151839633502,0.00346503177268836,0.0365774252974575));
#13905=CARTESIAN_POINT('',(0.00152739418500191,0.00323930318383458,0.0367759089458832));
#13906=CARTESIAN_POINT('',(0.00148419399814868,0.00305945650071956,0.0369568138338829));
#13907=CARTESIAN_POINT('',(0.00151520102718102,0.00290576085887281,0.0370805743638897));
#13908=CARTESIAN_POINT('',(0.00160806064114334,0.00278251951720056,0.0371445193709924));
#13909=CARTESIAN_POINT('',(0.00176161202762745,0.0027654696332958,0.0370787588099879));
#13910=CARTESIAN_POINT('',(0.00190918882485424,0.00281648753449706,0.036954671538305));
#13911=CARTESIAN_POINT('',(0.00204171657756553,0.00294245599186037,0.0367758233870939));
#13912=CARTESIAN_POINT('',(0.00224581677180123,0.00304185092593919,0.0365767106316422));
#13913=CARTESIAN_POINT('',(0.00239561905001194,0.00308815929552025,0.0364488925884978));
#13914=CARTESIAN_POINT('',(0.00247058486535709,0.00311020097297808,0.0363850052281922));
#13915=CARTESIAN_POINT('',(0.00145822061844294,0.00369468975180671,0.0363850052200211));
#13916=CARTESIAN_POINT('',(4.46156119675941E-18,0.,0.03638500522));
#13917=CARTESIAN_POINT('',(0.00099195888579473,0.00384618737234916,0.03638500522));
#13918=CARTESIAN_POINT('',(-0.000170614874293941,0.00396837878594774,0.0363850052200211));
#13919=CARTESIAN_POINT('',(-0.000122653178766945,0.00390613397929076,0.0364492527207297));
#13920=CARTESIAN_POINT('',(-2.85146262591598E-05,0.00378025395499936,0.0365774252974575));
#13921=CARTESIAN_POINT('',(7.78007168406021E-05,0.00358049789298044,0.0367759089458832));
#13922=CARTESIAN_POINT('',(0.000111485618530037,0.00339862867356767,0.0369568138338829));
#13923=CARTESIAN_POINT('',(0.000202325598477683,0.00327083241299949,0.0370805743638897));
#13924=CARTESIAN_POINT('',(0.000337283846611366,0.0031960152527814,0.0371445193709924));
#13925=CARTESIAN_POINT('',(0.000484494830792875,0.00324289438426511,0.0370787588099879));
#13926=CARTESIAN_POINT('',(0.000598562093681454,0.00334952644726588,0.036954671538305));
#13927=CARTESIAN_POINT('',(0.000668396232701033,0.00351850825254853,0.0367758233870939));
#13928=CARTESIAN_POINT('',(0.000814423476223074,0.00369232507094345,0.0365767106316422));
#13929=CARTESIAN_POINT('',(0.000932439356237258,0.0037955599473896,0.0364488925884978));
#13930=CARTESIAN_POINT('',(0.00099195887842733,0.00384618736578894,0.0363850052281922));
#13931=CARTESIAN_POINT('',(-0.000170614884637083,0.00396837879937109,0.0363850052200211));
#13932=CARTESIAN_POINT('',(4.46156119675941E-18,0.,0.03638500522));
#13933=CARTESIAN_POINT('',(-0.000658185806183837,0.00391713303052926,0.03638500522));
#13934=CARTESIAN_POINT('',(-0.00176994950926709,0.00355589909287869,0.0363850052200211));
#13935=CARTESIAN_POINT('',(-0.00170081707646901,0.00351854341153025,0.0364492527207297));
#13936=CARTESIAN_POINT('',(-0.0015636172109259,0.00344183588596193,0.0365774252974575));
#13937=CARTESIAN_POINT('',(-0.00138524520205978,0.00330259198862783,0.0367759089458832));
#13938=CARTESIAN_POINT('',(-0.00128049963734751,0.0031501470731838,0.0369568138338829));
#13939=CARTESIAN_POINT('',(-0.00114553376427285,0.003070347328339,0.0370805743638897));
#13940=CARTESIAN_POINT('',(-0.000991812389127384,0.0030568909162693,0.0371445193709924));
#13941=CARTESIAN_POINT('',(-0.000876395923783224,0.00315959323542432,0.0370787588099879));
#13942=CARTESIAN_POINT('',(-0.000815561461254795,0.00330340180780987,0.036954671538305));
#13943=CARTESIAN_POINT('',(-0.000820495892986635,0.00348617847172702,0.0367758233870939));
#13944=CARTESIAN_POINT('',(-0.000757791037199086,0.00370436266746137,0.0365767106316422));
#13945=CARTESIAN_POINT('',(-0.000691967573176474,0.00384667380277565,0.0364488925884978));
#13946=CARTESIAN_POINT('',(-0.000658185810246013,0.00391713302153961,0.0363850052281922));
#13947=CARTESIAN_POINT('',(-0.00176994952417579,0.0035558991009346,0.0363850052200211));
#13948=CARTESIAN_POINT('',(4.46156119675941E-18,0.,0.03638500522));
#13949=CARTESIAN_POINT('',(-0.00219452419284289,0.00331077080169445,0.03638500522));
#13950=CARTESIAN_POINT('',(-0.00306324379460147,0.00252857214232181,0.0363850052200211));
#13951=CARTESIAN_POINT('',(-0.00298489425021152,0.00252256472295275,0.0364492527207297));
#13952=CARTESIAN_POINT('',(-0.00282835617480712,0.00250829312414428,0.0365774252974575));
#13953=CARTESIAN_POINT('',(-0.00260876964096644,0.00245363792633515,0.0367759089458832));
#13954=CARTESIAN_POINT('',(-0.00245107487295365,0.0023569764256587,0.0369568138338829));
#13955=CARTESIAN_POINT('',(-0.00229531993233306,0.00233897129737886,0.0370805743638897));
#13956=CARTESIAN_POINT('',(-0.00214941525245327,0.00238920236935208,0.0371445193709924));
#13957=CARTESIAN_POINT('',(-0.00208574986133015,0.00252996971217526,0.0370787588099879));
#13958=CARTESIAN_POINT('',(-0.0020886670303968,0.00268608898532028,0.036954671538305));
#13959=CARTESIAN_POINT('',(-0.00216751682480572,0.00285105676220677,0.0367758233870939));
#13960=CARTESIAN_POINT('',(-0.00219897659597406,0.00307588230569685,0.0365767106316422));
#13961=CARTESIAN_POINT('',(-0.00219672702285994,0.00323266281172738,0.0364488925884978));
#13962=CARTESIAN_POINT('',(-0.00219452419289745,0.00331077079182976,0.0363850052281922));
#13963=CARTESIAN_POINT('',(-0.00306324381149788,0.00252857214361734,0.0363850052200211));
#13964=CARTESIAN_POINT('',(4.46156119675941E-18,0.,0.03638500522));
#13965=CARTESIAN_POINT('',(-0.003351409409933,0.00213194622383817,0.03638500522));
#13966=CARTESIAN_POINT('',(-0.00382687539915302,0.00106403209700074,0.0363850052200211));
#13967=CARTESIAN_POINT('',(-0.0037528560911795,0.00109041167699566,0.0364492527207297));
#13968=CARTESIAN_POINT('',(-0.00360404666125501,0.0011410436940344,0.0365774252974575));
#13969=CARTESIAN_POINT('',(-0.00338121410902185,0.00118042757597833,0.0367759089458832));
#13970=CARTESIAN_POINT('',(-0.00319783699570996,0.00115626314167858,0.0369568138338829));
#13971=CARTESIAN_POINT('',(-0.00304822443176595,0.00120316588021474,0.0370805743638897));
#13972=CARTESIAN_POINT('',(-0.00293536469180544,0.00130839902755173,0.0371445193709923));
#13973=CARTESIAN_POINT('',(-0.00293445869941045,0.0014628914416378,0.0370787588099879));
#13974=CARTESIAN_POINT('',(-0.0030006230950389,0.00160432697491647,0.036954671538305));
#13975=CARTESIAN_POINT('',(-0.00313975440634372,0.00172296143746341,0.036775823387094));
#13976=CARTESIAN_POINT('',(-0.00325993912422988,0.00191555394976388,0.0365767106316422));
#13977=CARTESIAN_POINT('',(-0.00332165241365242,0.00205969505271175,0.0364488925884978));
#13978=CARTESIAN_POINT('',(-0.00335140940597051,0.00213194621480413,0.0363850052281922));
#13979=CARTESIAN_POINT('',(-0.00382687541511559,0.00106403209131187,0.0363850052200211));
#13980=CARTESIAN_POINT('',(4.46156119675941E-18,0.,0.03638500522));
#13981=CARTESIAN_POINT('',(-0.00392880549344702,0.000584488775756863,0.03638500522));
#13982=CARTESIAN_POINT('',(-0.00392880548111944,-0.000584488764319908,0.0363850052200211));
#13983=CARTESIAN_POINT('',(-0.00387191502035526,-0.000530283453993081,0.0364492527207297));
#13984=CARTESIAN_POINT('',(-0.00375656473823585,-0.000423502556830544,0.0365774252974575));
#13985=CARTESIAN_POINT('',(-0.00356901594026151,-0.000296889426113004,0.0367759089458832));
#13986=CARTESIAN_POINT('',(-0.00339166405047091,-0.000244378543818632,0.0369568138338829));
#13987=CARTESIAN_POINT('',(-0.00327406323469686,-0.000140677848057372,0.0370805743638897));
#13988=CARTESIAN_POINT('',(-0.00321376290899336,1.36160745572064E-06,0.0371445193709924));
#13989=CARTESIAN_POINT('',(-0.00327577296964231,0.000142865950889674,0.0370787588099879));
#13990=CARTESIAN_POINT('',(-0.00339374416674376,0.000245162255696598,0.036954671538305));
#13991=CARTESIAN_POINT('',(-0.00356909992725157,0.000296950427569372,0.0367758233870939));
#13992=CARTESIAN_POINT('',(-0.00375722856228916,0.000424008913655418,0.0365767106316422));
#13993=CARTESIAN_POINT('',(-0.00387223392585956,0.000530587307340151,0.0364488925884978));
#13994=CARTESIAN_POINT('',(-0.00392880548615264,0.00058448876911555,0.0363850052281922));
#13995=CARTESIAN_POINT('',(-0.00392880549338811,-0.000584488776009511,0.0363850052200211));
#13996=CARTESIAN_POINT('',(4.46156119675941E-18,0.,0.03638500522));
#13997=CARTESIAN_POINT('',(-0.00382687541506666,-0.00106403209156664,0.03638500522));
#13998=CARTESIAN_POINT('',(-0.00335140940332302,-0.00213194620837592,0.0363850052200211));
#13999=CARTESIAN_POINT('',(-0.00332148466726792,-0.00205928775831248,0.0364492527207297));
#14000=CARTESIAN_POINT('',(-0.00325953864465645,-0.00191482136821952,0.0365774252974575));
#14001=CARTESIAN_POINT('',(-0.00313970249193802,-0.00172287154927361,0.0367759089458832));
#14002=CARTESIAN_POINT('',(-0.00299904157860483,-0.0016027649589802,0.0369568138338829));
#14003=CARTESIAN_POINT('',(-0.00293378676041795,-0.00146019709838216,0.0370805743638897));
#14004=CARTESIAN_POINT('',(-0.00293647232309693,-0.00130591124693911,0.0371445193709923));
#14005=CARTESIAN_POINT('',(-0.00305067633395992,-0.00120186236066367,0.0370787588099879));
#14006=CARTESIAN_POINT('',(-0.0032000560408208,-0.00115639324476239,0.0369546715383049));
#14007=CARTESIAN_POINT('',(-0.00338131564648274,-0.00118040600896135,0.0367758233870939));
#14008=CARTESIAN_POINT('',(-0.00360485904857875,-0.00114085111562412,0.0365767106316422));
#14009=CARTESIAN_POINT('',(-0.00375327101414474,-0.00109026380370493,0.0364488925884978));
#14010=CARTESIAN_POINT('',(-0.00382687540570163,-0.00106403209466688,0.0363850052281922));
#14011=CARTESIAN_POINT('',(-0.00335140940977641,-0.00213194622404502,0.0363850052200211));
#14012=CARTESIAN_POINT('',(4.46156119675941E-18,0.,0.03638500522));
#14013=CARTESIAN_POINT('',(-0.00306324381134955,-0.00252857214383017,0.03638500522));
#14014=CARTESIAN_POINT('',(-0.00219452419309343,-0.00331077078488046,0.0363850052200211));
#14015=CARTESIAN_POINT('',(-0.00219673944046905,-0.00323222250117768,0.0364492527207297));
#14016=CARTESIAN_POINT('',(-0.00219890870743701,-0.00307505016943736,0.0365774252974575));
#14017=CARTESIAN_POINT('',(-0.00216750595945678,-0.00285095352976821,0.0367759089458832));
#14018=CARTESIAN_POINT('',(-0.00208785757236062,-0.00268401875207161,0.0369568138338829));
#14019=CARTESIAN_POINT('',(-0.00208623190264682,-0.00252723500492263,0.0370805743638897));
#14020=CARTESIAN_POINT('',(-0.0021514389955234,-0.00238738018290712,0.0371445193709924));
#14021=CARTESIAN_POINT('',(-0.00229809004561129,-0.00233877775148157,0.0370787588099879));
#14022=CARTESIAN_POINT('',(-0.00245304915384336,-0.00235799784769914,0.036954671538305));
#14023=CARTESIAN_POINT('',(-0.00260887117214868,-0.00245365952289074,0.036775823387094));
#14024=CARTESIAN_POINT('',(-0.00282917665625267,-0.00250844762270525,0.0365767106316422));
#14025=CARTESIAN_POINT('',(-0.00298533344668757,-0.00252259839835372,0.0364488925884978));
#14026=CARTESIAN_POINT('',(-0.0030632438015332,-0.00252857214285329,0.0363850052281922));
#14027=CARTESIAN_POINT('',(-0.00219452419261571,-0.00331077080181972,0.0363850052200211));
#14028=CARTESIAN_POINT('',(4.46156119675941E-18,0.,0.03638500522));
#14029=CARTESIAN_POINT('',(-0.00176994952395372,-0.00355589910106871,0.03638500522));
#14030=CARTESIAN_POINT('',(-0.000658185813251599,-0.00391713301527082,0.0363850052200211));
#14031=CARTESIAN_POINT('',(-0.000692158007661776,-0.00384627660976966,0.0364492527207297));
#14032=CARTESIAN_POINT('',(-0.00075806747824321,-0.00370357486040569,0.0365774252974575));
#14033=CARTESIAN_POINT('',(-0.000820527955411988,-0.00348607974486612,0.0367759089458832));
#14034=CARTESIAN_POINT('',(-0.000815664024264651,-0.00330118131938494,0.0369568138338829));
#14035=CARTESIAN_POINT('',(-0.000877948596086206,-0.00315729101990264,0.0370805743638897));
#14036=CARTESIAN_POINT('',(-0.000994402320414235,-0.00305604939658232,0.0371445193709924));
#14037=CARTESIAN_POINT('',(-0.00114814311088391,-0.00307129722193941,0.0370787588099879));
#14038=CARTESIAN_POINT('',(-0.00128188778291454,-0.00315188320103078,0.036954671538305));
#14039=CARTESIAN_POINT('',(-0.00138532917129961,-0.00330265301451533,0.0367758233870939));
#14040=CARTESIAN_POINT('',(-0.00156430391779752,-0.0034423107472894,0.0365767106316422));
#14041=CARTESIAN_POINT('',(-0.00170120460539518,-0.00351875281284015,0.0364488925884978));
#14042=CARTESIAN_POINT('',(-0.00176994951538337,-0.0035558990961836,0.0363850052281922));
#14043=CARTESIAN_POINT('',(-0.000658185805925351,-0.0039171330305513,0.0363850052200211));
#14044=CARTESIAN_POINT('',(4.46156119675941E-18,0.,0.03638500522));
#14045=CARTESIAN_POINT('',(-0.000170614884379666,-0.00396837879940328,0.03638500522));
#14046=CARTESIAN_POINT('',(0.000991958873131841,-0.00384618736128459,0.0363850052200211));
#14047=CARTESIAN_POINT('',(0.000932103832728305,-0.00379527455020645,0.0364492527207297));
#14048=CARTESIAN_POINT('',(0.000813850504765659,-0.00369171781208853,0.0365774252974575));
#14049=CARTESIAN_POINT('',(0.000668326786385993,-0.00351843110203644,0.0367759089458832));
#14050=CARTESIAN_POINT('',(0.000597565243701703,-0.0033475396462858,0.0369568138338829));
#14051=CARTESIAN_POINT('',(0.000482139998650321,-0.00324142273445306,0.0370805743638897));
#14052=CARTESIAN_POINT('',(0.000334575549756021,-0.00319629990625125,0.0371445193709923));
#14053=CARTESIAN_POINT('',(0.000200328198268022,-0.00327276150086463,0.0370787588099879));
#14054=CARTESIAN_POINT('',(0.000110923631265148,-0.00340077931494422,0.036954671538305));
#14055=CARTESIAN_POINT('',(7.77488285875805E-05,-0.00358058779626951,0.0367758233870939));
#14056=CARTESIAN_POINT('',(-2.89488207002158E-05,-0.00378096707125583,0.0365767106316422));
#14057=CARTESIAN_POINT('',(-0.0001229220328713,-0.00390648289912076,0.0364488925884978));
#14058=CARTESIAN_POINT('',(-0.000170614878537206,-0.00396837879145464,0.0363850052281922));
#14059=CARTESIAN_POINT('',(0.000991958886039832,-0.00384618737226415,0.0363850052200211));
#14060=CARTESIAN_POINT('',(4.46156119675941E-18,0.,0.03638500522));
#14061=CARTESIAN_POINT('',(0.0014582206186912,-0.00369468975173141,0.03638500522));
#14062=CARTESIAN_POINT('',(0.00247058485868734,-0.00311020097101703,0.0363850052200211));
#14063=CARTESIAN_POINT('',(0.0023951964525422,-0.00308803504192567,0.0364492527207297));
#14064=CARTESIAN_POINT('',(0.00224504634190085,-0.00304152921585782,0.0365774252974575));
#14065=CARTESIAN_POINT('',(0.00204162175525962,-0.00294241375772158,0.0367759089458832));
#14066=CARTESIAN_POINT('',(0.00190747005232225,-0.00281507795690093,0.0369568138338829));
#14067=CARTESIAN_POINT('',(0.00175886220751587,-0.00276508301081545,0.0370805743638896));
#14068=CARTESIAN_POINT('',(0.00160570226785008,-0.00278388112465627,0.0371445193709924));
#14069=CARTESIAN_POINT('',(0.00151416094201489,-0.00290833558418544,0.0370787588099879));
#14070=CARTESIAN_POINT('',(0.00148455534188954,-0.00306164979019363,0.0369546715383051));
#14071=CARTESIAN_POINT('',(0.00152738334968605,-0.00323940641942972,0.0367758233870939));
#14072=CARTESIAN_POINT('',(0.00151141179048795,-0.00346585983959459,0.0365767106316422));
#14073=CARTESIAN_POINT('',(0.00147661487584764,-0.00361874660286041,0.0364488925884978));
#14074=CARTESIAN_POINT('',(0.00145822062079556,-0.00369468974209364,0.0363850052281922));
#14075=CARTESIAN_POINT('',(0.00247058487494516,-0.0031102009757972,0.0363850052200211));
#14076=CARTESIAN_POINT('',(4.46156119675941E-18,0.,0.03638500522));
#14077=CARTESIAN_POINT('',(0.00283491652927192,-0.00278215528078252,0.03638500522));
#14078=CARTESIAN_POINT('',(0.00352202427761696,-0.00183643257757182,0.0363850052200211));
#14079=CARTESIAN_POINT('',(0.00344413784603488,-0.00184684622097828,0.0364492527207297));
#14080=CARTESIAN_POINT('',(0.00328805327091562,-0.00186543258677982,0.0365774252974575));
#14081=CARTESIAN_POINT('',(0.00306190177509741,-0.00185762634370683,0.0367759089458832));
#14082=CARTESIAN_POINT('',(0.0028875559600748,-0.00179586371458747,0.0369568138338829));
#14083=CARTESIAN_POINT('',(0.00273146116194025,-0.00181063531461732,0.0370805743638898));
#14084=CARTESIAN_POINT('',(0.00259918847648555,-0.0018901040058423,0.0371445193709923));
#14085=CARTESIAN_POINT('',(0.00256618150316705,-0.00204103202360145,0.0370787588099879));
#14086=CARTESIAN_POINT('',(0.00260149394713937,-0.0021931332025035,0.0369546715383049));
#14087=CARTESIAN_POINT('',(0.00271291941378172,-0.00233810224358719,0.0367758233870939));
#14088=CARTESIAN_POINT('',(0.00279043557235568,-0.00255147395531936,0.0365767106316422));
#14089=CARTESIAN_POINT('',(0.0028208316579075,-0.00270529614368467,0.0364488925884978));
#14090=CARTESIAN_POINT('',(0.00283491652727431,-0.00278215527112206,0.0363850052281922));
#14091=CARTESIAN_POINT('',(0.00352202429441351,-0.00183643257532608,0.0363850052200211));
#14092=CARTESIAN_POINT('',(4.46156119675941E-18,0.,0.03638500522));
#14093=CARTESIAN_POINT('',(0.,0.,-0.0637));
#14094=CARTESIAN_POINT('',(0.,0.,-0.0637052353896616));
#14095=CARTESIAN_POINT('',(0.000776855400807386,0.021980902082152,-0.0637052353896616));
#14096=CARTESIAN_POINT('',(0.000776855400807383,-0.021980902082129,-0.0637052353896619));
#14097=CARTESIAN_POINT('',(0.000780437797859497,-0.0217807165770085,-0.0635));
#14098=CARTESIAN_POINT('',(0.000780437797859498,-0.0218881922731759,-0.0635));
#14099=CARTESIAN_POINT('',(0.000778730519793724,-0.0219836506030365,-0.0635978098948812));
#14100=CARTESIAN_POINT('',(0.000776855400807386,-0.021980902082152,-0.0637052353896616));
#14101=CARTESIAN_POINT('',(0.000780437797859497,-0.0217807165770085,-0.0635));
#14102=CARTESIAN_POINT('',(0.,0.,-0.0635));
#14103=CARTESIAN_POINT('',(0.000780437797859497,0.0217807165770085,-0.0635));
#14104=CARTESIAN_POINT('',(0.000776855400807386,0.021980902082152,-0.0637052353896616));
#14105=CARTESIAN_POINT('',(0.000778730510186577,0.0219836505889545,-0.0635978104452743));
#14106=CARTESIAN_POINT('',(0.000780437797859498,0.0218881913092534,-0.0635));
#14107=CARTESIAN_POINT('',(0.000780437797859497,0.0217807165770085,-0.0635));
#14108=CARTESIAN_POINT('',(0.017011691389396,-0.0138106608168943,-0.0637));
#14109=CARTESIAN_POINT('',(0.0168052032355819,-0.0140171489707084,-0.0637));
#14110=CARTESIAN_POINT('',(0.0169465115119594,-0.0141585864836721,-0.0637052353896616));
#14111=CARTESIAN_POINT('',(0.0168076717545372,-0.014014680451753,-0.0635));
#14112=CARTESIAN_POINT('',(0.017011691389396,-0.0138106608168943,-0.0635));
#14113=CARTESIAN_POINT('',(0.0154111761031452,-0.0154111761031451,-0.0635));
#14114=CARTESIAN_POINT('',(0.0154111761031452,-0.0154111761031451,-0.0637));
#14115=CARTESIAN_POINT('',(0.0155525489978158,-0.0155525489978156,-0.0637052353896616));
#14116=CARTESIAN_POINT('',(0.0171530642840666,-0.0139520337115649,-0.0637052353896616));
#14117=CARTESIAN_POINT('',(0.,0.,-0.0635));
#14118=CARTESIAN_POINT('',(0.,0.,-0.0746125));
#14119=CARTESIAN_POINT('',(-0.0154946932135416,0.0152051159699673,-0.0746125));
#14120=CARTESIAN_POINT('',(0.00058646838884461,0.0217010858639241,-0.0746125));
#14121=CARTESIAN_POINT('',(-0.000776498711677265,0.,-0.0952294442580976));
#14122=CARTESIAN_POINT('',(-0.0154946932135416,-0.0152051159699673,-0.0746125));
#14123=CARTESIAN_POINT('',(0.,0.,-0.0746125));
#14124=CARTESIAN_POINT('',(0.000586468388844676,-0.0217010857855272,-0.0746125));
#14125=CARTESIAN_POINT('',(0.0359847205900095,78.8398586373801,1.95335200878392));
#14126=CARTESIAN_POINT('',(0.0359847206383661,-78.8398586373801,1.95335200878307));
#14127=CARTESIAN_POINT('',(0.0162306,0.0062992,-0.0639375));
#14128=CARTESIAN_POINT('',(0.014179990334559,0.00834980966544099,-0.0639375));
#14129=CARTESIAN_POINT('',(0.0141603979575851,0.00836940204241492,-0.0671125));
#14130=CARTESIAN_POINT('',(0.0141799925503024,0.00834981188116049,-0.0639375));
#14131=CARTESIAN_POINT('',(0.0162306,0.0062992,-0.0639375));
#14132=CARTESIAN_POINT('',(0.0162305968978735,0.00339920000001659,-0.0639375));
#14133=CARTESIAN_POINT('',(0.0162306,0.0033992,-0.0639375));
#14134=CARTESIAN_POINT('',(0.0162306,0.00337149219476434,-0.0671125));
#14135=CARTESIAN_POINT('',(0.0162306,0.0062992,-0.0671125));
#14136=CARTESIAN_POINT('',(0.0162306,-0.0062992,-0.0639375));
#14137=CARTESIAN_POINT('',(0.0162306,-0.0033992,-0.0639375));
#14138=CARTESIAN_POINT('',(0.0162306,-0.00337149219476434,-0.0671125));
#14139=CARTESIAN_POINT('',(0.0162306,-0.00339920000000005,-0.0639374999999943));
#14140=CARTESIAN_POINT('',(0.0162306,-0.0062992,-0.0639375));
#14141=CARTESIAN_POINT('',(0.014179990334559,-0.00834980966544096,-0.0639374999999943));
#14142=CARTESIAN_POINT('',(0.014179990334559,-0.00834980966544099,-0.0639375));
#14143=CARTESIAN_POINT('',(0.0141603979575851,-0.00836940204241492,-0.0671125));
#14144=CARTESIAN_POINT('',(0.0162306,-0.0062992,-0.0671125));
#14145=CARTESIAN_POINT('',(0.,0.,-0.0050254));
#14146=CARTESIAN_POINT('',(0.,0.,-0.0050254));
#14147=CARTESIAN_POINT('',(0.0154149278298668,0.0154149278298668,-0.0050254));
#14148=CARTESIAN_POINT('',(0.0154149278298668,-0.0154149278298668,-0.0050254));
#14149=CARTESIAN_POINT('',(0.0154149278298668,-0.0154149278298668,-0.0050254));
#14150=CARTESIAN_POINT('',(0.0154149278298668,-0.0154149278298668,-0.005));
#14151=CARTESIAN_POINT('',(0.,0.,-0.005));
#14152=CARTESIAN_POINT('',(0.0154149278298668,0.0154149278298668,-0.005));
#14153=CARTESIAN_POINT('',(0.0154149278298668,0.0154149278298668,-0.0050254));
#14154=CARTESIAN_POINT('',(0.,0.,0.));
#14155=CARTESIAN_POINT('',(0.015556349186104,0.015556349186104,-0.000500000000000014));
#14156=CARTESIAN_POINT('',(0.015556349186104,0.015556349186104,-0.000500000000000014));
#14157=CARTESIAN_POINT('',(0.,0.,-0.000500000000000014));
#14158=CARTESIAN_POINT('',(0.015556349186104,-0.015556349186104,-0.000500000000000014));
#14159=CARTESIAN_POINT('',(0.0152027957955107,-0.0152027957955107,0.));
#14160=CARTESIAN_POINT('',(0.,0.,0.));
#14161=CARTESIAN_POINT('',(8.67361737988404E-19,0.,0.00555625));
#14162=CARTESIAN_POINT('',(-0.0043434,0.,0.00555625));
#14163=CARTESIAN_POINT('',(7.11256138350446E-19,0.,0.00455625));
#14164=CARTESIAN_POINT('',(0.0043434,0.,0.00455625));
#14165=CARTESIAN_POINT('',(6.72229738440956E-19,0.,0.00430625));
#14166=CARTESIAN_POINT('',(7.11256138350446E-19,0.,0.00455625));
#14167=CARTESIAN_POINT('',(-0.00775,0.,0.00455625));
#14168=CARTESIAN_POINT('',(6.72229738440956E-19,0.,0.00430625));
#14169=CARTESIAN_POINT('',(-0.008,0.,0.00430625));
#14170=CARTESIAN_POINT('',(0.,0.,0.));
#14171=CARTESIAN_POINT('',(0.,0.,0.));
#14172=CARTESIAN_POINT('',(0.,0.,-0.0639375));
#14173=CARTESIAN_POINT('',(0.,0.,-0.005));
#14174=CARTESIAN_POINT('',(0.015556349186104,0.015556349186104,-0.005));
#14175=CARTESIAN_POINT('',(0.015556349186104,-0.015556349186104,-0.005));
#14176=CARTESIAN_POINT('',(0.015556349186104,-0.015556349186104,-0.0639375));
#14177=CARTESIAN_POINT('',(0.015556349186104,0.015556349186104,-0.0639375));
#14178=CARTESIAN_POINT('',(0.,0.,-0.0639375));
#14179=CARTESIAN_POINT('',(0.,-0.00475876213138473,-0.0639375));
#14180=CARTESIAN_POINT('',(0.0200187278341185,-0.00475876213138473,-0.0639375));
#14181=CARTESIAN_POINT('',(0.0220288739380146,-0.00475876213138473,-0.0639375));
#14182=CARTESIAN_POINT('',(0.0220288739380146,0.,-0.0639375));
#14183=CARTESIAN_POINT('',(0.0220288739380146,-0.00579765975719642,-0.0639375));
#14184=CARTESIAN_POINT('',(0.,-0.00579765975719642,-0.0639375));
#14185=CARTESIAN_POINT('',(0.0224437221658815,-0.00579765975719642,-0.0639375));
#14186=CARTESIAN_POINT('',(0.0224437221658815,0.,-0.0639375));
#14187=CARTESIAN_POINT('',(0.0224437221658815,-0.00422601110319319,-0.0639375));
#14188=CARTESIAN_POINT('',(0.,-0.00422601110319319,-0.0639375));
#14189=CARTESIAN_POINT('',(0.0200187278341185,-0.00422601110319319,-0.0639375));
#14190=CARTESIAN_POINT('',(0.0200187278341185,0.,-0.0639375));
#14191=CARTESIAN_POINT('',(0.,0.00366307355246268,-0.0639375));
#14192=CARTESIAN_POINT('',(0.0200187278341185,0.00366307355246268,-0.0639375));
#14193=CARTESIAN_POINT('',(0.0224437221658815,0.00366307355246268,-0.0639375));
#14194=CARTESIAN_POINT('',(0.0224437221658815,0.,-0.0639375));
#14195=CARTESIAN_POINT('',(0.0224437221658815,0.00419582458065421,-0.0639375));
#14196=CARTESIAN_POINT('',(0.,0.00419582458065421,-0.0639375));
#14197=CARTESIAN_POINT('',(0.0213922611269204,0.00419582458065421,-0.0639375));
#14198=CARTESIAN_POINT('',(0.0213922611269204,0.,-0.0639375));
#14199=CARTESIAN_POINT('',(0.0213922611269204,0.00510641644004384,-0.0639375));
#14200=CARTESIAN_POINT('',(0.,0.00510641644004384,-0.0639375));
#14201=CARTESIAN_POINT('',(0.0224437221658815,0.00510641644004384,-0.0639375));
#14202=CARTESIAN_POINT('',(0.0224437221658815,0.,-0.0639375));
#14203=CARTESIAN_POINT('',(0.0224437221658815,0.00563916746823538,-0.0639375));
#14204=CARTESIAN_POINT('',(0.,0.00563916746823538,-0.0639375));
#14205=CARTESIAN_POINT('',(0.0200187278341185,0.00563916746823538,-0.0639375));
#14206=CARTESIAN_POINT('',(0.0200187278341185,0.,-0.0639375));
#14207=CARTESIAN_POINT('',(0.0200187278341185,0.00510641644004384,-0.0639375));
#14208=CARTESIAN_POINT('',(0.,0.00510641644004384,-0.0639375));
#14209=CARTESIAN_POINT('',(0.0209774128990536,0.00510641644004384,-0.0639375));
#14210=CARTESIAN_POINT('',(0.0209774128990536,0.,-0.0639375));
#14211=CARTESIAN_POINT('',(0.0209774128990536,0.00419582458065421,-0.0639375));
#14212=CARTESIAN_POINT('',(0.,0.00419582458065421,-0.0639375));
#14213=CARTESIAN_POINT('',(0.0200187278341185,0.00419582458065421,-0.0639375));
#14214=CARTESIAN_POINT('',(0.0200187278341185,0.,-0.0639375));
#14215=CARTESIAN_POINT('',(0.0244,0.,-0.0639375));
#14216=CARTESIAN_POINT('',(0.0244,0.0050551343419408,-0.0639375));
#14217=CARTESIAN_POINT('',(0.0244,0.,-0.0639375));
#14218=CARTESIAN_POINT('',(0.0244,-0.00505513434194079,-0.0639375));
#14219=CARTESIAN_POINT('',(0.0238125,-0.00505513434194079,-0.0639375));
#14220=CARTESIAN_POINT('',(0.0242279252339471,-0.00547055957588789,-0.0639375));
#14221=CARTESIAN_POINT('',(0.0148492424049175,-0.0148492424049175,-0.0639375));
#14222=CARTESIAN_POINT('',(0.0177643327394765,-0.0119341520703585,-0.0639375));
#14223=CARTESIAN_POINT('',(0.00291509033455901,0.00291509033455901,-0.0639375));
#14224=CARTESIAN_POINT('',(0.,-0.0033992,-0.0639375));
#14225=CARTESIAN_POINT('',(0.0179002548410001,-0.0033992,-0.0639375));
#14226=CARTESIAN_POINT('',(0.015490000008,-1.25047070642635E-18,-0.0639375));
#14227=CARTESIAN_POINT('',(0.017900254841,0.0033992,-0.0639375));
#14228=CARTESIAN_POINT('',(0.,0.0033992,-0.0639375));
#14229=CARTESIAN_POINT('',(0.014179990334559,0.00834980966544099,-0.0639375));
#14230=CARTESIAN_POINT('',(0.0177643327394765,0.0119341520703585,-0.0639375));
#14231=CARTESIAN_POINT('',(0.0148492424049175,0.0148492424049175,-0.0639375));
#14232=CARTESIAN_POINT('',(0.0242279252339471,0.00547055957588789,-0.0639375));
#14233=CARTESIAN_POINT('',(0.0238125,0.0050551343419408,-0.0639375));
#14234=CARTESIAN_POINT('',(0.0254,-0.00571269837220808,-0.0639375));
#14235=CARTESIAN_POINT('',(0.0254,0.0050551343419408,-0.0639375));
#14236=CARTESIAN_POINT('',(0.0254,0.0050551343419408,-0.0629375));
#14237=CARTESIAN_POINT('',(0.0254,0.0050551343419408,-0.0050254));
#14238=CARTESIAN_POINT('',(0.0254,0.0050551343419408,-0.0050254));
#14239=CARTESIAN_POINT('',(0.0254,-0.00505513434194079,-0.0050254));
#14240=CARTESIAN_POINT('',(0.0254,-0.00505513434194079,-0.0639375));
#14241=CARTESIAN_POINT('',(0.0254,-0.00505513434194079,-0.0629375));
#14242=CARTESIAN_POINT('',(0.0254,-0.00571269837220808,-0.0629375));
#14243=CARTESIAN_POINT('',(0.0238125,-0.00505513434194079,-0.0639375));
#14244=CARTESIAN_POINT('',(0.0238125,-0.00505513434194079,-0.005));
#14245=CARTESIAN_POINT('',(0.0249350320151337,-0.00617766635707446,-0.005));
#14246=CARTESIAN_POINT('',(0.0254,-0.00505513434194079,-0.005));
#14247=CARTESIAN_POINT('',(0.0254,-0.00505513434194079,-0.0639375));
#14248=CARTESIAN_POINT('',(0.0254,-0.00505513434194079,-0.000500000000000014));
#14249=CARTESIAN_POINT('',(0.0238125,-0.00505513434194079,-0.000500000000000014));
#14250=CARTESIAN_POINT('',(0.0249350320151337,-0.00617766635707443,-0.000500000000000014));
#14251=CARTESIAN_POINT('',(0.0249350320151337,-0.00617766635707444,-0.0639375));
#14252=CARTESIAN_POINT('',(0.0254,-0.00571269837220808,-0.0639375));
#14253=CARTESIAN_POINT('',(0.0254,0.0050551343419408,-0.005));
#14254=CARTESIAN_POINT('',(0.0254,0.0050551343419408,-0.005));
#14255=CARTESIAN_POINT('',(0.0254,0.0050551343419408,-0.0639375));
#14256=CARTESIAN_POINT('',(0.0254,0.0050551343419408,-0.000500000000000014));
#14257=CARTESIAN_POINT('',(0.0254,-0.00571269837220808,-0.000500000000000014));
#14258=CARTESIAN_POINT('',(0.0238125,0.0050551343419408,-0.0639375));
#14259=CARTESIAN_POINT('',(0.0238125,0.0050551343419408,-0.005));
#14260=CARTESIAN_POINT('',(0.0249350320151337,0.00617766635707445,-0.005));
#14261=CARTESIAN_POINT('',(0.0249350320151337,0.00617766635707445,-0.0639375));
#14262=CARTESIAN_POINT('',(0.0249350320151337,0.00617766635707445,-0.000500000000000014));
#14263=CARTESIAN_POINT('',(0.0238125,0.0050551343419408,-0.000500000000000014));
#14264=CARTESIAN_POINT('',(0.0254,-0.00571269837220808,-0.0639375));
#14265=CARTESIAN_POINT('',(0.0249350320151337,-0.00617766635707444,-0.005));
#14266=CARTESIAN_POINT('',(0.0254,-0.00571269837220808,-0.000500000000000014));
#14267=CARTESIAN_POINT('',(0.0254,0.00571269837220809,-0.0639375));
#14268=CARTESIAN_POINT('',(0.015556349186104,0.015556349186104,-0.005));
#14269=CARTESIAN_POINT('',(0.0254,0.00571269837220809,-0.000500000000000014));
#14270=CARTESIAN_POINT('',(-0.009525,0.,0.0047625));
#14271=CARTESIAN_POINT('',(-0.00775,0.,0.00455625));
#14272=CARTESIAN_POINT('',(-0.0043434,0.,0.00555625));
#14273=CARTESIAN_POINT('',(8.67361737988403E-19,0.,0.00555625));
#14274=CARTESIAN_POINT('',(0.0037214296174378,0.00138856088695526,0.00555625));
#14275=CARTESIAN_POINT('',(0.00352202429443908,0.00183643257532266,0.00555625));
#14276=CARTESIAN_POINT('',(0.00396447370238252,0.000245128307984707,0.00555625));
#14277=CARTESIAN_POINT('',(0.00389878935796974,0.000285562003204173,0.00555625));
#14278=CARTESIAN_POINT('',(0.00376668023469448,0.000364226648702019,0.00555624999999999));
#14279=CARTESIAN_POINT('',(0.00355461103196531,0.000452644181222227,0.00555625000000001));
#14280=CARTESIAN_POINT('',(0.00331574604747436,0.000468571910677772,0.00555624999999998));
#14281=CARTESIAN_POINT('',(0.00312009758191902,0.000648520741637178,0.00555625000000002));
#14282=CARTESIAN_POINT('',(0.00320104604245515,0.000905275686610489,0.00555625));
#14283=CARTESIAN_POINT('',(0.00341530428242358,0.00102168491814178,0.00555625000000002));
#14284=CARTESIAN_POINT('',(0.00358350614298743,0.00119013237334497,0.00555624999999999));
#14285=CARTESIAN_POINT('',(0.00367613923262694,0.00132237767527811,0.00555625));
#14286=CARTESIAN_POINT('',(0.00372142960786764,0.0013885608729703,0.00555625));
#14287=CARTESIAN_POINT('',(0.00396447371681349,0.000245128299101349,0.00555625));
#14288=CARTESIAN_POINT('',(8.67361737988403E-19,0.,0.00555625));
#14289=CARTESIAN_POINT('',(0.00396447371681348,-0.000245128299101353,0.00555625));
#14290=CARTESIAN_POINT('',(0.00372142960786764,-0.00138856087297031,0.00555625));
#14291=CARTESIAN_POINT('',(0.00367786983885184,-0.00132490662461777,0.00555625));
#14292=CARTESIAN_POINT('',(0.00358917794320913,-0.00119930927372549,0.00555625));
#14293=CARTESIAN_POINT('',(0.00343140573671632,-0.00103227952289786,0.00555625000000001));
#14294=CARTESIAN_POINT('',(0.00321967010635531,-0.000920573676062979,0.00555625));
#14295=CARTESIAN_POINT('',(0.00311412812278232,-0.000676604838829017,0.00555625));
#14296=CARTESIAN_POINT('',(0.00329250986561981,-0.000474972230221981,0.00555625));
#14297=CARTESIAN_POINT('',(0.00353559240756154,-0.000455773782804985,0.00555625));
#14298=CARTESIAN_POINT('',(0.00375776620571069,-0.000370303235377499,0.00555625));
#14299=CARTESIAN_POINT('',(0.0038961797541491,-0.000287168412419629,0.00555625));
#14300=CARTESIAN_POINT('',(0.00396447370238252,-0.000245128307984711,0.00555625));
#14301=CARTESIAN_POINT('',(0.0037214296174378,-0.00138856088695526,0.00555625));
#14302=CARTESIAN_POINT('',(8.67361737988403E-19,0.,0.00555625));
#14303=CARTESIAN_POINT('',(0.00352202429443908,-0.00183643257532266,0.00555625));
#14304=CARTESIAN_POINT('',(0.00283491652602582,-0.00278215526430924,0.00555625));
#14305=CARTESIAN_POINT('',(0.0028210132121979,-0.00270628686064448,0.00555625));
#14306=CARTESIAN_POINT('',(0.00279107417868493,-0.00255547372734315,0.00555624999999997));
#14307=CARTESIAN_POINT('',(0.0027148792162466,-0.00233871271954385,0.00555625000000002));
#14308=CARTESIAN_POINT('',(0.00256688395406276,-0.00215054371106314,0.00555624999999998));
#14309=CARTESIAN_POINT('',(0.00256969762025072,-0.00188473929589967,0.00555625));
#14310=CARTESIAN_POINT('',(0.00281466882150573,-0.00177309313346183,0.00555625));
#14311=CARTESIAN_POINT('',(0.00304454448558346,-0.00185442505612996,0.00555625000000001));
#14312=CARTESIAN_POINT('',(0.00328227435323233,-0.00186671005060392,0.00555624999999999));
#14313=CARTESIAN_POINT('',(0.00344253540049701,-0.00184706047276689,0.00555625));
#14314=CARTESIAN_POINT('',(0.00352202427764255,-0.0018364325775684,0.00555625));
#14315=CARTESIAN_POINT('',(0.00283491652908041,-0.00278215528097767,0.00555625));
#14316=CARTESIAN_POINT('',(8.67361737988403E-19,0.,0.00555625));
#14317=CARTESIAN_POINT('',(0.00247058487496993,-0.00311020097580448,0.00555625));
#14318=CARTESIAN_POINT('',(0.00145822062242603,-0.00369468973536202,0.00555625));
#14319=CARTESIAN_POINT('',(0.00147637777305447,-0.00361972551262148,0.00555625));
#14320=CARTESIAN_POINT('',(0.00151036833255322,-0.00346977355775319,0.00555624999999997));
#14321=CARTESIAN_POINT('',(0.00152892541538444,-0.00324076124044265,0.00555625000000001));
#14322=CARTESIAN_POINT('',(0.00147026024670412,-0.00300866520134422,0.00555625));
#14323=CARTESIAN_POINT('',(0.00158094305420777,-0.0027669852063903,0.00555625));
#14324=CARTESIAN_POINT('',(0.00185014596768979,-0.0027646301258807,0.00555624999999998));
#14325=CARTESIAN_POINT('',(0.00202706716322965,-0.0029324293903273,0.00555625000000001));
#14326=CARTESIAN_POINT('',(0.0022392474465537,-0.00304034573955251,0.00555624999999999));
#14327=CARTESIAN_POINT('',(0.00239364540164669,-0.00308757899735515,0.00555625));
#14328=CARTESIAN_POINT('',(0.0024705848587121,-0.00311020097102431,0.00555625));
#14329=CARTESIAN_POINT('',(0.00145822061843687,-0.0036946897518318,0.00555625));
#14330=CARTESIAN_POINT('',(8.67361737988403E-19,0.,0.00555625));
#14331=CARTESIAN_POINT('',(0.000991958886059491,-0.00384618737228088,0.00555625));
#14332=CARTESIAN_POINT('',(-0.0001706148743097,-0.00396837878596818,0.00555625));
#14333=CARTESIAN_POINT('',(-0.000123536795521082,-0.00390728073929229,0.00555625));
#14334=CARTESIAN_POINT('',(-3.14939195424901E-05,-0.00378411801812453,0.00555625000000001));
#14335=CARTESIAN_POINT('',(7.86065203509706E-05,-0.00358245270147733,0.00555624999999999));
#14336=CARTESIAN_POINT('',(0.000119415185795307,-0.0033465611454476,0.00555624999999998));
#14337=CARTESIAN_POINT('',(0.000318829071675533,-0.00317079423742461,0.00555625));
#14338=CARTESIAN_POINT('',(0.000565716068011845,-0.00327813745365857,0.00555625000000001));
#14339=CARTESIAN_POINT('',(0.000659091513026378,-0.00350339004265238,0.00555624999999999));
#14340=CARTESIAN_POINT('',(0.000809034313441517,-0.00368827802945855,0.00555625000000001));
#14341=CARTESIAN_POINT('',(0.000930872367265849,-0.0037942270635261,0.00555625));
#14342=CARTESIAN_POINT('',(0.000991958873151501,-0.00384618736130132,0.00555625));
#14343=CARTESIAN_POINT('',(-0.000170614884652842,-0.00396837879939154,0.00555625));
#14344=CARTESIAN_POINT('',(8.67361737988403E-19,0.,0.00555625));
#14345=CARTESIAN_POINT('',(-0.000658185805914194,-0.00391713303057457,0.00555625));
#14346=CARTESIAN_POINT('',(-0.00176994950928981,-0.00355589909289096,0.00555625));
#14347=CARTESIAN_POINT('',(-0.00170209072985448,-0.0035192316296083,0.00555625));
#14348=CARTESIAN_POINT('',(-0.00156791058683602,-0.00344415409552917,0.00555624999999999));
#14349=CARTESIAN_POINT('',(-0.001385304156169,-0.0033047055448655,0.00555625000000001));
#14350=CARTESIAN_POINT('',(-0.00125207784559041,-0.00310580626494953,0.00555624999999999));
#14351=CARTESIAN_POINT('',(-0.000998413353820587,-0.00302634413904686,0.00555625000000002));
#14352=CARTESIAN_POINT('',(-0.000816531279194485,-0.00322482503475505,0.00555625));
#14353=CARTESIAN_POINT('',(-0.000822847047437572,-0.00346858272930349,0.00555624999999998));
#14354=CARTESIAN_POINT('',(-0.000761068202310691,-0.00369847354111719,0.00555625000000002));
#14355=CARTESIAN_POINT('',(-0.000692856956125216,-0.00384481880094262,0.00555625));
#14356=CARTESIAN_POINT('',(-0.000658185813240441,-0.00391713301529409,0.00555625));
#14357=CARTESIAN_POINT('',(-0.0017699495241985,-0.00355589910094687,0.00555625));
#14358=CARTESIAN_POINT('',(8.67361737988403E-19,0.,0.00555625));
#14359=CARTESIAN_POINT('',(-0.00219452419261498,-0.00331077080184553,0.00555625));
#14360=CARTESIAN_POINT('',(-0.0030632437946272,-0.00252857214232378,0.00555625));
#14361=CARTESIAN_POINT('',(-0.0029863377139872,-0.00252267539994938,0.00555625));
#14362=CARTESIAN_POINT('',(-0.0028332212696451,-0.00250866464065914,0.00555625000000002));
#14363=CARTESIAN_POINT('',(-0.00260968315899418,-0.00245554477723907,0.00555625));
#14364=CARTESIAN_POINT('',(-0.00240707524270341,-0.00232802926587755,0.00555625));
#14365=CARTESIAN_POINT('',(-0.00214302104014055,-0.00235861164555454,0.00555625000000001));
#14366=CARTESIAN_POINT('',(-0.00205759295027429,-0.00261391107072667,0.00555624999999999));
#14367=CARTESIAN_POINT('',(-0.00216250787806882,-0.00283402595097319,0.00555624999999999));
#14368=CARTESIAN_POINT('',(-0.00219957511179583,-0.00306916937793937,0.00555625000000001));
#14369=CARTESIAN_POINT('',(-0.0021967850173944,-0.00323060643859392,0.00555625));
#14370=CARTESIAN_POINT('',(-0.00219452419309271,-0.00331077078490626,0.00555625));
#14371=CARTESIAN_POINT('',(-0.00306324381152362,-0.00252857214361931,0.00555625));
#14372=CARTESIAN_POINT('',(8.67361737988403E-19,0.,0.00555625));
#14373=CARTESIAN_POINT('',(-0.00335140940978624,-0.00213194622406888,0.00555625));
#14374=CARTESIAN_POINT('',(-0.00382687539917733,-0.00106403209699207,0.00555625));
#14375=CARTESIAN_POINT('',(-0.00375421977734511,-0.00108992567585268,0.00555625));
#14376=CARTESIAN_POINT('',(-0.00360864225592534,-0.00113940427891636,0.00555624999999999));
#14377=CARTESIAN_POINT('',(-0.00338282423540206,-0.00118179800970401,0.00555625));
#14378=CARTESIAN_POINT('',(-0.00314586746276092,-0.00114771485725342,0.00555624999999999));
#14379=CARTESIAN_POINT('',(-0.00291708091988526,-0.00128305377123171,0.00555625000000002));
#14380=CARTESIAN_POINT('',(-0.00294287810760655,-0.00155102813593305,0.00555624999999999));
#14381=CARTESIAN_POINT('',(-0.00312825145081465,-0.00170944033940213,0.00555625));
#14382=CARTESIAN_POINT('',(-0.00325775550193889,-0.00190917794678737,0.00555625000000001));
#14383=CARTESIAN_POINT('',(-0.00332086899199072,-0.0020577928738742,0.00555625));
#14384=CARTESIAN_POINT('',(-0.00335140940333285,-0.00213194620839978,0.00555625));
#14385=CARTESIAN_POINT('',(-0.00382687541513991,-0.0010640320913032,0.00555625));
#14386=CARTESIAN_POINT('',(8.67361737988403E-19,0.,0.00555625));
#14387=CARTESIAN_POINT('',(-0.00392880549340679,-0.000584488776027314,0.00555625));
#14388=CARTESIAN_POINT('',(-0.00392880548113812,0.000584488764337711,0.00555625));
#14389=CARTESIAN_POINT('',(-0.00387296313518408,0.000531282099262871,0.00555625));
#14390=CARTESIAN_POINT('',(-0.00376009621267038,0.000426869433813962,0.00555624999999999));
#14391=CARTESIAN_POINT('',(-0.00357104426951552,0.00029629237000672,0.00555625));
#14392=CARTESIAN_POINT('',(-0.00334071061919836,0.000231049876851964,0.00555625));
#14393=CARTESIAN_POINT('',(-0.00318675100773361,1.43557563146612E-05,0.00555624999999999));
#14394=CARTESIAN_POINT('',(-0.00331931290492534,-0.000219958345788356,0.00555624999999998));
#14395=CARTESIAN_POINT('',(-0.00355309192844238,-0.000289276963370488,0.00555625000000001));
#14396=CARTESIAN_POINT('',(-0.0037526403700171,-0.00041907230429868,0.00555625));
#14397=CARTESIAN_POINT('',(-0.00387074454872418,-0.000529168226800266,0.00555625));
#14398=CARTESIAN_POINT('',(-0.00392880548113812,-0.000584488764337712,0.00555625));
#14399=CARTESIAN_POINT('',(-0.00392880549340679,0.000584488776027314,0.00555625));
#14400=CARTESIAN_POINT('',(8.67361737988403E-19,0.,0.00555625));
#14401=CARTESIAN_POINT('',(-0.00382687541513991,0.0010640320913032,0.00555625));
#14402=CARTESIAN_POINT('',(-0.00335140940333285,0.00213194620839978,0.00555625));
#14403=CARTESIAN_POINT('',(-0.00332203598218422,0.00206062637286952,0.00555625));
#14404=CARTESIAN_POINT('',(-0.00326139537484302,0.0019193335434508,0.00555625));
#14405=CARTESIAN_POINT('',(-0.00314179830751104,0.00172315110721162,0.00555625));
#14406=CARTESIAN_POINT('',(-0.00295791456017323,0.00156986398822743,0.00555625000000001));
#14407=CARTESIAN_POINT('',(-0.00290540289562078,0.00130928304317628,0.00555624999999999));
#14408=CARTESIAN_POINT('',(-0.00312180834597148,0.00114914424060198,0.00555625000000001));
#14409=CARTESIAN_POINT('',(-0.00336357053281559,0.00118090502762661,0.00555625));
#14410=CARTESIAN_POINT('',(-0.00359865962645186,0.00114349474675561,0.00555625));
#14411=CARTESIAN_POINT('',(-0.00375133320837295,0.00109095441402985,0.00555625));
#14412=CARTESIAN_POINT('',(-0.00382687539917733,0.00106403209699207,0.00555625));
#14413=CARTESIAN_POINT('',(-0.00335140940978624,0.00213194622406888,0.00555625));
#14414=CARTESIAN_POINT('',(8.67361737988403E-19,0.,0.00555625));
#14415=CARTESIAN_POINT('',(-0.00306324381152362,0.00252857214361931,0.00555625));
#14416=CARTESIAN_POINT('',(-0.00219452419309271,0.00331077078490625,0.00555625));
#14417=CARTESIAN_POINT('',(-0.00219669862811526,0.00323366962640413,0.00555625));
#14418=CARTESIAN_POINT('',(-0.00219876964785847,0.00307992744682714,0.00555625));
#14419=CARTESIAN_POINT('',(-0.00216930687579632,0.00285206136364327,0.00555624999999999));
#14420=CARTESIAN_POINT('',(-0.00206366820188396,0.00263723435427175,0.00555625000000003));
#14421=CARTESIAN_POINT('',(-0.00212168422809843,0.00237782339740968,0.00555624999999998));
#14422=CARTESIAN_POINT('',(-0.00238451476326067,0.00231954934814455,0.00555625));
#14423=CARTESIAN_POINT('',(-0.00259245723498601,0.00244689781116171,0.00555625));
#14424=CARTESIAN_POINT('',(-0.00282243794067673,0.00250834116777221,0.00555625000000001));
#14425=CARTESIAN_POINT('',(-0.00298328227650173,0.00252244112566451,0.00555625));
#14426=CARTESIAN_POINT('',(-0.0030632437946272,0.00252857214232378,0.00555625));
#14427=CARTESIAN_POINT('',(-0.00219452419261498,0.00331077080184552,0.00555625));
#14428=CARTESIAN_POINT('',(8.67361737988403E-19,0.,0.00555625));
#14429=CARTESIAN_POINT('',(-0.0017699495241985,0.00355589910094687,0.00555625));
#14430=CARTESIAN_POINT('',(-0.000658185813240439,0.00391713301529409,0.00555625));
#14431=CARTESIAN_POINT('',(-0.000691532124864635,0.00384758202456715,0.00555625));
#14432=CARTESIAN_POINT('',(-0.000755956673564028,0.00370797391438462,0.00555625));
#14433=CARTESIAN_POINT('',(-0.000821722577722137,0.00348782430013691,0.00555625));
#14434=CARTESIAN_POINT('',(-0.000812594863651889,0.00324860294194052,0.00555625));
#14435=CARTESIAN_POINT('',(-0.000971107082641764,0.00303521648438354,0.00555625));
#14436=CARTESIAN_POINT('',(-0.00123491691534552,0.00308888330094864,0.00555625));
#14437=CARTESIAN_POINT('',(-0.00137308452949272,0.00328979973377817,0.00555625));
#14438=CARTESIAN_POINT('',(-0.00155819109391486,0.00343947261331687,0.00555624999999999));
#14439=CARTESIAN_POINT('',(-0.0016993947367547,0.00351777485101354,0.00555625));
#14440=CARTESIAN_POINT('',(-0.00176994950928981,0.00355589909289096,0.00555625));
#14441=CARTESIAN_POINT('',(-0.000658185805914192,0.00391713303057457,0.00555625));
#14442=CARTESIAN_POINT('',(8.67361737988403E-19,0.,0.00555625));
#14443=CARTESIAN_POINT('',(-0.000170614884652837,0.00396837879939154,0.00555625));
#14444=CARTESIAN_POINT('',(0.000991958873151503,0.00384618736130132,0.00555625));
#14445=CARTESIAN_POINT('',(0.000933206565147213,0.00379621253649716,0.00555625));
#14446=CARTESIAN_POINT('',(0.000817568077240407,0.0036948780062595,0.00555624999999999));
#14447=CARTESIAN_POINT('',(0.00066794501915546,0.00352051072924785,0.00555625));
#14448=CARTESIAN_POINT('',(0.000578983508698156,0.00329825856831656,0.00555625000000001));
#14449=CARTESIAN_POINT('',(0.000347383299634541,0.00316779306713137,0.00555625));
#14450=CARTESIAN_POINT('',(0.000128209286100827,0.00332412126939488,0.00555625));
#14451=CARTESIAN_POINT('',(8.37069652311897E-05,0.00356386539553208,0.00555625000000001));
#14452=CARTESIAN_POINT('',(-2.45188512934255E-05,0.00377588799739129,0.00555624999999999));
#14453=CARTESIAN_POINT('',(-0.00012166640850628,0.00390485334664109,0.00555625));
#14454=CARTESIAN_POINT('',(-0.000170614874309695,0.00396837878596818,0.00555625));
#14455=CARTESIAN_POINT('',(0.000991958886059495,0.00384618737228088,0.00555625));
#14456=CARTESIAN_POINT('',(8.67361737988403E-19,0.,0.00555625));
#14457=CARTESIAN_POINT('',(0.00145822061843687,0.0036946897518318,0.00555625));
#14458=CARTESIAN_POINT('',(0.0024705848587121,0.0031102009710243,0.00555625));
#14459=CARTESIAN_POINT('',(0.00239658536212962,0.0030884434133586,0.00555625));
#14460=CARTESIAN_POINT('',(0.00224972788011717,0.00304290412393922,0.00555624999999997));
#14461=CARTESIAN_POINT('',(0.00204211885413108,0.00294446887043593,0.00555625000000003));
#14462=CARTESIAN_POINT('',(0.00187045037249425,0.00277761532449225,0.00555625));
#14463=CARTESIAN_POINT('',(0.00160580795352584,0.00275262945007564,0.00555625000000001));
#14464=CARTESIAN_POINT('',(0.00146916693723556,0.00298458847166906,0.00555625000000002));
#14465=CARTESIAN_POINT('',(0.00152602476521272,0.00322170635369779,0.00555625000000001));
#14466=CARTESIAN_POINT('',(0.00151339292346341,0.0034594180438512,0.00555624999999999));
#14467=CARTESIAN_POINT('',(0.0014770991470775,0.00361674722415541,0.00555625));
#14468=CARTESIAN_POINT('',(0.00145822062242603,0.00369468973536201,0.00555625));
#14469=CARTESIAN_POINT('',(0.00247058487496993,0.00311020097580448,0.00555625));
#14470=CARTESIAN_POINT('',(8.67361737988403E-19,0.,0.00555625));
#14471=CARTESIAN_POINT('',(0.00283491652908041,0.00278215528097767,0.00555625));
#14472=CARTESIAN_POINT('',(0.00352202427764254,0.0018364325775684,0.00555625));
#14473=CARTESIAN_POINT('',(0.0034455727777053,0.00184665436642277,0.00555625));
#14474=CARTESIAN_POINT('',(0.0032928892943855,0.00186478447467373,0.00555624999999998));
#14475=CARTESIAN_POINT('',(0.00306319178716007,0.00185930159426571,0.00555625000000002));
#14476=CARTESIAN_POINT('',(0.00283849937437792,0.00177669715722018,0.00555625));
#14477=CARTESIAN_POINT('',(0.00258657382394525,0.00186151119424833,0.00555624999999999));
#14478=CARTESIAN_POINT('',(0.00255609227795963,0.00212899321305659,0.00555625000000001));
#14479=CARTESIAN_POINT('',(0.00270447901978921,0.00232248501502576,0.00555624999999999));
#14480=CARTESIAN_POINT('',(0.00278962531301034,0.00254478328270292,0.00555624999999998));
#14481=CARTESIAN_POINT('',(0.0028204608411071,0.00270327264949623,0.00555625));
#14482=CARTESIAN_POINT('',(0.00283491652602583,0.00278215526430924,0.00555625));
#14483=CARTESIAN_POINT('',(0.0152027957955107,-0.0152027957955107,0.));
#14484=CARTESIAN_POINT('',(0.0245814786245404,-0.00582411296648115,0.));
#14485=CARTESIAN_POINT('',(0.0152027957955107,0.0152027957955107,0.));
#14486=CARTESIAN_POINT('',(0.0249350320151337,0.00617766635707445,-0.000500000000000015));
#14487=CARTESIAN_POINT('',(0.0238125,-0.00505513434194079,0.));
#14488=CARTESIAN_POINT('',(0.0249,-0.00505513434194079,0.));
#14489=CARTESIAN_POINT('',(0.0238125,0.0050551343419408,0.));
#14490=CARTESIAN_POINT('',(0.0254,0.0050551343419408,-0.000500000000000014));
#14491=CARTESIAN_POINT('',(0.0249,0.,0.));
#14492=CARTESIAN_POINT('',(0.0238125,-0.00505513434194079,-0.0050254));
#14493=CARTESIAN_POINT('',(0.0247936106588964,-0.00603624500083713,-0.0050254));
#14494=CARTESIAN_POINT('',(0.0247936106588964,-0.00603624500083713,-0.0050254));
#14495=CARTESIAN_POINT('',(0.0154149278298668,0.0154149278298668,-0.0050254));
#14496=CARTESIAN_POINT('',(0.0247936106588964,0.00603624500083717,-0.0050254));
#14497=CARTESIAN_POINT('',(0.0238125,0.0050551343419408,-0.0050254));
#14498=CARTESIAN_POINT('',(0.0252,0.0050551343419408,-0.0050254));
#14499=CARTESIAN_POINT('',(0.0252,0.0050551343419408,-0.0050254));
#14500=CARTESIAN_POINT('',(0.0252,-0.00505513434194079,-0.0050254));
#14501=CARTESIAN_POINT('',(0.0238125,-0.00505513434194079,-0.0050254));
#14502=CARTESIAN_POINT('',(0.0238125,-0.00505513434194079,-0.0050254));
#14503=CARTESIAN_POINT('',(0.0249350320151337,-0.00617766635707444,-0.0050254));
#14504=CARTESIAN_POINT('',(0.0238125,0.0050551343419408,-0.0050254));
#14505=CARTESIAN_POINT('',(0.0249350320151337,0.00617766635707445,-0.0050254));
#14506=CARTESIAN_POINT('',(0.015556349186104,0.015556349186104,-0.0050254));
#14507=CARTESIAN_POINT('',(0.015556349186104,0.015556349186104,-0.0050254));
#14508=CARTESIAN_POINT('',(0.,0.,-0.0050254));
#14509=CARTESIAN_POINT('',(0.015556349186104,-0.015556349186104,-0.0050254));
#14510=CARTESIAN_POINT('',(0.0249350320151337,-0.00617766635707444,-0.0050254));
#14511=CARTESIAN_POINT('',(0.0238125,-0.00505513434194079,-0.005));
#14512=CARTESIAN_POINT('',(0.0238125,-0.00505513434194079,-0.005));
#14513=CARTESIAN_POINT('',(0.0247936106588964,-0.00603624500083713,-0.005));
#14514=CARTESIAN_POINT('',(0.0252,-0.00505513434194079,-0.005));
#14515=CARTESIAN_POINT('',(0.0252,0.0050551343419408,-0.005));
#14516=CARTESIAN_POINT('',(0.0252,0.0050551343419408,-0.005));
#14517=CARTESIAN_POINT('',(0.0238125,0.0050551343419408,-0.005));
#14518=CARTESIAN_POINT('',(0.0247936106588964,0.00603624500083717,-0.005));
#14519=CARTESIAN_POINT('',(0.0154149278298668,0.0154149278298668,-0.005));
#14520=CARTESIAN_POINT('',(0.0247936106588964,-0.00603624500083713,-0.005));
#14521=CARTESIAN_POINT('',(0.0238125,-0.00505513434194079,-0.0050254));
#14522=CARTESIAN_POINT('',(0.0247936106588964,-0.00603624500083713,-0.0050254));
#14523=CARTESIAN_POINT('',(0.0252,-0.00505513434194079,-0.0050254));
#14524=CARTESIAN_POINT('',(0.0247936106588964,-0.00603624500083713,-0.0050254));
#14525=CARTESIAN_POINT('',(0.0154149278298668,0.0154149278298668,-0.0050254));
#14526=CARTESIAN_POINT('',(0.0247936106588964,0.00603624500083713,-0.0050254));
#14527=CARTESIAN_POINT('',(0.0238125,0.0050551343419408,-0.0050254));
#14528=CARTESIAN_POINT('',(0.0252,0.0050551343419408,-0.0050254));
#14529=CARTESIAN_POINT('',(0.0252,0.0050551343419408,-0.0050254));
#14530=CARTESIAN_POINT('',(0.0254,-0.00571269837220808,-0.0629375));
#14531=CARTESIAN_POINT('',(0.0244,0.0050551343419408,-0.0639375));
#14532=CARTESIAN_POINT('',(0.0244,-0.00505513434194079,-0.0639375));
#14533=CARTESIAN_POINT('',(0.0238125,0.0050551343419408,-0.0639375));
#14534=CARTESIAN_POINT('',(0.0242279252339471,0.00547055957588789,-0.0639375));
#14535=CARTESIAN_POINT('',(0.0249350320151337,0.00617766635707445,-0.0629375));
#14536=CARTESIAN_POINT('',(0.0238125,0.0050551343419408,-0.0629375));
#14537=CARTESIAN_POINT('',(0.0238125,-0.00505513434194079,-0.0639375));
#14538=CARTESIAN_POINT('',(0.0238125,-0.00505513434194079,-0.0629375));
#14539=CARTESIAN_POINT('',(0.0249350320151337,-0.00617766635707444,-0.0629375));
#14540=CARTESIAN_POINT('',(0.0242279252339471,-0.00547055957588789,-0.0639375));
#14541=CARTESIAN_POINT('',(0.0254,0.00571269837220809,-0.0629375));
#14542=CARTESIAN_POINT('',(0.0185080781759549,0.0126650286752406,-0.0628947847548668));
#14543=CARTESIAN_POINT('',(0.0184776103480564,0.0126350880241517,-0.0629375));
#14544=CARTESIAN_POINT('',(0.0254,0.00571269837220809,-0.0629375));
#14545=CARTESIAN_POINT('',(0.0254,-0.00571269837220808,-0.0629375));
#14546=CARTESIAN_POINT('',(0.0254,-0.00571269837220808,-0.0629375));
#14547=CARTESIAN_POINT('',(0.0184776103480563,-0.0126350880241517,-0.0629375));
#14548=CARTESIAN_POINT('',(0.0159565903330987,-0.0101576885551929,-0.0664719163122923));
#14549=CARTESIAN_POINT('',(0.014179990334559,-0.00834980966544099,-0.0639375));
#14550=CARTESIAN_POINT('',(0.0184732509441912,-0.0126381148901747,-0.063535982943812));
#14551=CARTESIAN_POINT('',(0.0183849572168877,-0.0125939613017176,-0.0671125));
#14552=CARTESIAN_POINT('',(0.0184741392576477,-0.0126385591145604,-0.063500000000003));
#14553=CARTESIAN_POINT('',(0.0141603979575851,-0.00836940204241492,-0.0671125));
#14554=CARTESIAN_POINT('',(0.0184719671473231,-0.0126407312248849,-0.0638519966101812));
#14555=CARTESIAN_POINT('',(0.0179002548410001,-0.0033992,-0.0639375));
#14556=CARTESIAN_POINT('',(0.0179002548410001,-0.00337149219476434,-0.0671125));
#14557=CARTESIAN_POINT('',(0.0178914121455308,-0.00337149219476434,-0.0671125));
#14558=CARTESIAN_POINT('',(0.0178958334932654,-0.00338534609738217,-0.065525));
#14559=CARTESIAN_POINT('',(0.015490000008,-1.25047070642635E-18,-0.0639375));
#14560=CARTESIAN_POINT('',(0.015490000008,-1.25047070642635E-18,-0.0671125));
#14561=CARTESIAN_POINT('',(0.0178914121455308,0.00337149219476434,-0.0671125));
#14562=CARTESIAN_POINT('',(0.0178958334932648,0.00338534609738056,-0.0655250000001853));
#14563=CARTESIAN_POINT('',(0.015490000008,-1.25047070642635E-18,-0.0671125));
#14564=CARTESIAN_POINT('',(0.015490000008,-1.25047070642635E-18,-0.0671125));
#14565=CARTESIAN_POINT('',(0.0179002548410001,0.0033992,-0.0639375));
#14566=CARTESIAN_POINT('',(0.0179002548410001,0.00337149219476434,-0.0671125));
#14567=CARTESIAN_POINT('',(0.014179990334559,0.00834980966544099,-0.0639375));
#14568=CARTESIAN_POINT('',(0.0141603979575851,0.00836940204241492,-0.0671125));
#14569=CARTESIAN_POINT('',(0.0183849572168877,0.0125939613017176,-0.0671125));
#14570=CARTESIAN_POINT('',(0.0184594257076283,0.0126312012189076,-0.0640960022779458));
#14571=CARTESIAN_POINT('',(0.0184741392576477,0.0126385591145604,-0.0635));
#14572=CARTESIAN_POINT('',(0.0184714395206631,0.012641258851545,-0.0639375));
#14573=CARTESIAN_POINT('',(-0.0154946932135416,-0.022,-0.0746125));
#14574=CARTESIAN_POINT('',(-0.0154946932135416,0.0167860323653229,-0.0746125));
#14575=CARTESIAN_POINT('',(0.0238125,0.0050551343419408,-0.0639375));
#14576=CARTESIAN_POINT('',(0.0249350320151337,0.00617766635707445,-0.0639375));
#14577=CARTESIAN_POINT('',(0.0238125,-0.00505513434194079,-0.0639375));
#14578=CARTESIAN_POINT('',(0.0249350320151337,-0.00617766635707443,-0.0050254));
#14579=CARTESIAN_POINT('',(0.00481331732595436,0.0167860323653229,-0.065112499936));
#14580=CARTESIAN_POINT('',(-0.00286947139970602,-39.6674875368001,-0.388655699130353));
#14581=CARTESIAN_POINT('',(0.00261217691406481,0.019299213614751,-0.0746125));
#14582=CARTESIAN_POINT('',(0.00163831732595437,0.0167860323653229,-0.065112499936));
#14583=CARTESIAN_POINT('',(0.00147249420801917,0.0167860323653229,-0.0746125));
#14584=CARTESIAN_POINT('',(0.00481331732595436,0.0167860323653229,-0.0746125));
#14585=CARTESIAN_POINT('',(0.00127595475539603,0.0167606323653229,-0.0744125));
#14586=CARTESIAN_POINT('',(0.00127595475539603,0.0167860323653229,-0.0744125));
#14587=CARTESIAN_POINT('',(0.00127595475539603,0.0167860323653229,-0.0744125));
#14588=CARTESIAN_POINT('',(0.00140337672937202,0.0167860323653229,-0.0671125));
#14589=CARTESIAN_POINT('',(0.00140337672937202,0.0167606323653229,-0.0671125));
#14590=CARTESIAN_POINT('',(0.00140337672937202,0.0167606323653229,-0.0671125));
#14591=CARTESIAN_POINT('',(0.00127595475539603,0.0167606323653229,-0.0744125));
#14592=CARTESIAN_POINT('',(0.00127595475539603,0.0167606323653229,-0.0744125));
#14593=CARTESIAN_POINT('',(0.00127595475539603,0.0167606323653229,-0.0744125));
#14594=CARTESIAN_POINT('',(0.00481331732595436,-0.0167860323653229,-0.065112499936));
#14595=CARTESIAN_POINT('',(0.00163831732595437,-0.0167860323653229,-0.065112499936));
#14596=CARTESIAN_POINT('',(0.00147249420801917,-0.0167860323653229,-0.0746125));
#14597=CARTESIAN_POINT('',(-0.00286947159442403,39.667492279601,-0.388655736806534));
#14598=CARTESIAN_POINT('',(0.00261217691406481,-0.019299213614751,-0.0746125));
#14599=CARTESIAN_POINT('',(0.00481331732595436,-0.0167860323653229,-0.0746125));
#14600=CARTESIAN_POINT('',(0.00127595475539603,0.0167606323653229,-0.0744125));
#14601=CARTESIAN_POINT('',(0.00127595475539603,-0.0167860323653229,-0.0744125));
#14602=CARTESIAN_POINT('',(0.00140337672937202,-0.0167860323653229,-0.0671125));
#14603=CARTESIAN_POINT('',(0.00127595475539603,-0.0167860323653229,-0.0744125));
#14604=CARTESIAN_POINT('',(0.00127595475539603,0.0167606323653229,-0.0744125));
#14605=CARTESIAN_POINT('',(0.00127595475539603,-0.0167606323653229,-0.0744125));
#14606=CARTESIAN_POINT('',(0.00127595475539603,-0.0167606323653229,-0.0744125));
#14607=CARTESIAN_POINT('',(0.00140337672937202,-0.0167606323653229,-0.0671125));
#14608=CARTESIAN_POINT('',(0.00140337672937202,0.0167606323653229,-0.0671125));
#14609=CARTESIAN_POINT('',(0.00127595475539603,0.0167606323653229,-0.0744125));
#14610=CARTESIAN_POINT('',(0.00147592429442731,0.0167606323653229,-0.0744159904812875));
#14611=CARTESIAN_POINT('',(0.00147249420801917,0.0167606323653229,-0.0746125));
#14612=CARTESIAN_POINT('',(0.00127595475539603,0.0167606323653229,-0.0746125));
#14613=CARTESIAN_POINT('',(0.000586468388844676,0.0167606323653229,-0.0746125));
#14614=CARTESIAN_POINT('',(0.000586468388844676,0.0167606323653229,-0.0746125));
#14615=CARTESIAN_POINT('',(0.000589868017763854,0.0167606323653229,-0.0744177353896615));
#14616=CARTESIAN_POINT('',(0.000589868017763854,0.0167606323653229,-0.0744177353896615));
#14617=CARTESIAN_POINT('',(0.00140337672937202,0.0167606323653229,-0.0671125));
#14618=CARTESIAN_POINT('',(0.000589868017763854,0.0167606323653229,-0.0744177353896615));
#14619=CARTESIAN_POINT('',(0.000589868017763854,0.0167860323653229,-0.0744177353896615));
#14620=CARTESIAN_POINT('',(0.000589868017763854,0.0167860323653229,-0.0744177353896615));
#14621=CARTESIAN_POINT('',(0.000589868017763854,0.0167606323653229,-0.0744177353896615));
#14622=CARTESIAN_POINT('',(0.000589868017763854,0.0167860323653229,-0.0744177353896615));
#14623=CARTESIAN_POINT('',(0.,0.,-0.0744177353896615));
#14624=CARTESIAN_POINT('',(0.000589868017763854,0.0214559165180495,-0.0744177353896615));
#14625=CARTESIAN_POINT('',(0.000615271886896171,0.0214552030615673,-0.0744177353896615));
#14626=CARTESIAN_POINT('',(0.000615271886896171,0.0167860323653229,-0.0744177353896615));
#14627=CARTESIAN_POINT('',(0.000615271886896171,0.0167860323653229,-0.0744177353896615));
#14628=CARTESIAN_POINT('',(0.000589868017763854,0.0167860323653229,-0.0744177353896615));
#14629=CARTESIAN_POINT('',(0.000589868017763854,0.0167860323653229,-0.0744177353896615));
#14630=CARTESIAN_POINT('',(0.00127595475539603,0.0167860323653229,-0.0744125));
#14631=CARTESIAN_POINT('',(0.00140337672937202,0.0167860323653229,-0.0671125));
#14632=CARTESIAN_POINT('',(0.000611872257976993,0.0167860323653229,-0.0746125));
#14633=CARTESIAN_POINT('',(0.000611872257976993,0.0167860323653229,-0.0746125));
#14634=CARTESIAN_POINT('',(0.00127595475539603,0.0167860323653229,-0.0746125));
#14635=CARTESIAN_POINT('',(0.00481331732595436,0.0167860323653229,-0.0746125));
#14636=CARTESIAN_POINT('',(0.000611872257976993,-0.022501,-0.0746125));
#14637=CARTESIAN_POINT('',(0.000611872257976993,0.0217003843694494,-0.0746125));
#14638=CARTESIAN_POINT('',(0.,0.,-0.0746125));
#14639=CARTESIAN_POINT('',(0.00261217691406481,0.0215512784124644,-0.0746125));
#14640=CARTESIAN_POINT('',(0.00261217691406481,0.,-0.0746125));
#14641=CARTESIAN_POINT('',(0.,0.,-0.0635));
#14642=CARTESIAN_POINT('',(0.0361089828119431,-79.1204051179814,1.95901561233832));
#14643=CARTESIAN_POINT('',(0.000802259269939688,0.0219799895523574,-0.0637052353896612));
#14644=CARTESIAN_POINT('',(0.,0.,-0.0637052353896616));
#14645=CARTESIAN_POINT('',(0.00280256392602753,0.021815343135038,-0.0637052353896616));
#14646=CARTESIAN_POINT('',(0.00274648952994562,0.0217376851724557,-0.0669177353896614));
#14647=CARTESIAN_POINT('',(0.002765180988521,0.0217635872404579,-0.0658469024450549));
#14648=CARTESIAN_POINT('',(0.00278387245390998,0.02178947317076,-0.064776069110098));
#14649=CARTESIAN_POINT('',(0.00280256392602751,0.021815343135038,-0.0637052353896616));
#14650=CARTESIAN_POINT('',(0.00274648952994562,0.0217376851724557,-0.0669177353896614));
#14651=CARTESIAN_POINT('',(0.00261217691406481,0.0215512784124644,-0.0746125));
#14652=CARTESIAN_POINT('',(0.00265694774620662,0.0216135081943729,-0.0720475807444186));
#14653=CARTESIAN_POINT('',(0.00270171861850827,0.0216756429734511,-0.0694826591880812));
#14654=CARTESIAN_POINT('',(0.00274648952994562,0.0217376851724549,-0.0669177353896615));
#14655=CARTESIAN_POINT('',(0.,0.,-0.0635));
#14656=CARTESIAN_POINT('',(0.00282796779515983,0.0218120645242136,-0.0637052353896616));
#14657=CARTESIAN_POINT('',(0.00280927632307284,0.0217862124408238,-0.0647760691083477));
#14658=CARTESIAN_POINT('',(0.00279058485768402,0.0217603444525593,-0.0658469024432958));
#14659=CARTESIAN_POINT('',(0.00277189339907793,0.021734460388494,-0.0669177353896615));
#14660=CARTESIAN_POINT('',(0.00277076018941328,0.0217328911117362,-0.0669826569278692));
#14661=CARTESIAN_POINT('',(0.00276962697974862,0.0217313218349785,-0.0670475784660769));
#14662=CARTESIAN_POINT('',(0.00276849377008397,0.0217297525582207,-0.0671125000042846));
#14663=CARTESIAN_POINT('',(0.00282796779515983,0.0218120645242136,-0.0637052353896616));
#14664=CARTESIAN_POINT('',(0.00276849377015875,0.0217297523809128,-0.0671125));
#14665=CARTESIAN_POINT('',(0.,0.,-0.0637052353896616));
#14666=CARTESIAN_POINT('',(0.015556349186104,0.015556349186104,-0.0635));
#14667=CARTESIAN_POINT('',(0.0154894592593027,0.0154894592593027,-0.0671125));
#14668=CARTESIAN_POINT('',(0.,0.,-0.0671125));
#14669=CARTESIAN_POINT('',(0.015556349186104,0.015556349186104,-0.0635));
#14670=CARTESIAN_POINT('',(0.0254,0.00571269837220809,-0.0635));
#14671=CARTESIAN_POINT('',(0.0232344592633027,0.00774445925530265,-0.0671125));
#14672=CARTESIAN_POINT('',(0.0254,0.00571269837220809,-0.0639375));
#14673=CARTESIAN_POINT('',(0.0254,0.00571269837220809,-0.0635));
#14674=CARTESIAN_POINT('',(0.0155563491861042,0.015556349186104,-0.0635));
#14675=CARTESIAN_POINT('',(0.015556349186104,0.015556349186104,-0.0639375));
#14676=CARTESIAN_POINT('',(0.0254,-0.00571269837220808,-0.0639375));
#14677=CARTESIAN_POINT('',(0.015556349186104,-0.015556349186104,-0.0639375));
#14678=CARTESIAN_POINT('',(0.0155563491861041,-0.015556349186104,-0.0635));
#14679=CARTESIAN_POINT('',(0.0254,-0.00571269837220808,-0.0635));
#14680=CARTESIAN_POINT('',(0.0169528448374962,-0.0141598535347119,-0.0635));
#14681=CARTESIAN_POINT('',(0.0254,-0.00571269837220808,-0.0635));
#14682=CARTESIAN_POINT('',(0.015556349186104,-0.015556349186104,-0.0635));
#14683=CARTESIAN_POINT('',(0.015556349186104,-0.015556349186104,-0.0635));
#14684=CARTESIAN_POINT('',(0.0154894592593027,-0.0154894592593027,-0.0671125));
#14685=CARTESIAN_POINT('',(0.0154894592593027,-0.0154894592593027,-0.0671125));
#14686=CARTESIAN_POINT('',(0.0169466686991498,-0.0141586179306886,-0.0637001416400861));
#14687=CARTESIAN_POINT('',(0.,0.,-0.0635));
#14688=CARTESIAN_POINT('',(0.00276815712866147,-0.0217292863747989,-0.0671317861784632));
#14689=CARTESIAN_POINT('',(0.00276940255213362,-0.0217310110460309,-0.0670604359155293));
#14690=CARTESIAN_POINT('',(0.00277064797560578,-0.0217327357172628,-0.0669890856525953));
#14691=CARTESIAN_POINT('',(0.00277189339907793,-0.0217344603884948,-0.0669177353896614));
#14692=CARTESIAN_POINT('',(0.00279058485768402,-0.0217603444525593,-0.0658469024432958));
#14693=CARTESIAN_POINT('',(0.00280927632307284,-0.0217862124408238,-0.0647760691083477));
#14694=CARTESIAN_POINT('',(0.00282796779515983,-0.0218120645242136,-0.0637052353896616));
#14695=CARTESIAN_POINT('',(0.00276849377015875,-0.0217297525583252,-0.0671125));
#14696=CARTESIAN_POINT('',(0.00282796779515999,-0.0218120645242136,-0.0637052353896616));
#14697=CARTESIAN_POINT('',(0.,0.,-0.0671125));
#14698=CARTESIAN_POINT('',(0.,0.,-0.0637052353896616));
#14699=CARTESIAN_POINT('',(0.00481331732595436,0.0167860323653229,-0.0746125));
#14700=CARTESIAN_POINT('',(0.000586468388844676,-0.0167860323653229,-0.0746125));
#14701=CARTESIAN_POINT('',(0.000611872257976993,-0.0167860323653229,-0.0746125));
#14702=CARTESIAN_POINT('',(0.00261217691406481,0.0167860323653229,-0.0746125));
#14703=CARTESIAN_POINT('',(0.00261217691406481,-0.0215512784124644,-0.0746125));
#14704=CARTESIAN_POINT('',(0.,0.,-0.0746125));
#14705=CARTESIAN_POINT('',(0.000611872257976974,-0.0217003844475272,-0.0746125));
#14706=CARTESIAN_POINT('',(0.000611872257976993,-0.022501,-0.0746125));
#14707=CARTESIAN_POINT('',(0.00127595475539603,-0.0167860323653229,-0.0744125));
#14708=CARTESIAN_POINT('',(0.000611872257976993,-0.0167860323653229,-0.0746125));
#14709=CARTESIAN_POINT('',(0.000615271886896171,-0.0167860323653229,-0.0744177353896615));
#14710=CARTESIAN_POINT('',(0.000589868017763854,-0.0167860323653229,-0.0744177353896615));
#14711=CARTESIAN_POINT('',(0.000589868017762923,-0.0167860323653229,-0.0744177353896615));
#14712=CARTESIAN_POINT('',(0.000589868017763854,-0.0167860323653229,-0.0744177353896615));
#14713=CARTESIAN_POINT('',(0.0016034071949808,-0.0167860323653229,-0.0671125));
#14714=CARTESIAN_POINT('',(0.,0.,-0.0635));
#14715=CARTESIAN_POINT('',(0.0361089849202419,79.1204089507089,1.95901571056229));
#14716=CARTESIAN_POINT('',(0.000802259269939702,-0.0219799895523796,-0.0637052353896616));
#14717=CARTESIAN_POINT('',(0.00274648952994562,-0.0217376851724549,-0.0669177353896614));
#14718=CARTESIAN_POINT('',(0.00270171861850827,-0.0216756429734511,-0.0694826591880811));
#14719=CARTESIAN_POINT('',(0.00265694774620662,-0.0216135081943729,-0.0720475807444186));
#14720=CARTESIAN_POINT('',(0.00261217691406481,-0.0215512784124644,-0.0746125));
#14721=CARTESIAN_POINT('',(0.00274648952994562,-0.0217376851724549,-0.0669177353896614));
#14722=CARTESIAN_POINT('',(0.00280256392602751,-0.021815343135038,-0.0637052353896616));
#14723=CARTESIAN_POINT('',(0.00278387245390998,-0.02178947317076,-0.064776069110098));
#14724=CARTESIAN_POINT('',(0.002765180988521,-0.0217635872404579,-0.0658469024450549));
#14725=CARTESIAN_POINT('',(0.00274648952994562,-0.0217376851724557,-0.0669177353896614));
#14726=CARTESIAN_POINT('',(0.00280256392602751,-0.021815343135038,-0.0637052353896616));
#14727=CARTESIAN_POINT('',(0.,0.,-0.0637052353896616));
#14728=CARTESIAN_POINT('',(0.000589868017763854,0.0167860323653229,-0.0744177353896615));
#14729=CARTESIAN_POINT('',(0.000589868017763854,-0.022501,-0.0744177353896615));
#14730=CARTESIAN_POINT('',(0.000589868017763851,-0.0214559165180494,-0.0744177353896615));
#14731=CARTESIAN_POINT('',(0.000615271886896171,0.0167860323653229,-0.0744177353896615));
#14732=CARTESIAN_POINT('',(0.000615271886896175,-0.0214552030615673,-0.0744177353896615));
#14733=CARTESIAN_POINT('',(0.,0.,-0.0744177353896615));
#14734=CARTESIAN_POINT('',(0.000589868017763854,0.0167606323653229,-0.0744177353896615));
#14735=CARTESIAN_POINT('',(0.000589868017763854,-0.022501,-0.0744177353896615));
#14736=CARTESIAN_POINT('',(0.000589868017763854,-0.0167606323653229,-0.0744177353896615));
#14737=CARTESIAN_POINT('',(0.00127595475539603,-0.0167606323653229,-0.0744125));
#14738=CARTESIAN_POINT('',(0.00127595475539603,-0.0167606323653229,-0.0744125));
#14739=CARTESIAN_POINT('',(0.0016034071949808,-0.0167606323653229,-0.0671125));
#14740=CARTESIAN_POINT('',(0.000590168346747529,-0.0167606323653229,-0.0744005295537101));
#14741=CARTESIAN_POINT('',(0.000586468388844676,-0.0167606323653229,-0.0746125));
#14742=CARTESIAN_POINT('',(0.000586468388844676,-0.0167606323653229,-0.0746125));
#14743=CARTESIAN_POINT('',(0.00147249420801917,-0.0167606323653229,-0.0746125));
#14744=CARTESIAN_POINT('',(0.00147592429442731,-0.0167606323653229,-0.0744159904812875));
#14745=CARTESIAN_POINT('',(0.00481331732595436,0.0167860323653229,-0.0746125));
#14746=CARTESIAN_POINT('',(-0.00409694578804054,0.000755463258455785,-0.0746125));
#14747=CARTESIAN_POINT('',(-0.00409696148721027,0.000755459409359979,-0.0746125));
#14748=CARTESIAN_POINT('',(-0.00409697718637999,0.000755455560264177,-0.0746125));
#14749=CARTESIAN_POINT('',(-0.00409699288554971,0.000755451711168376,-0.0746125));
#14750=CARTESIAN_POINT('',(-0.00481187539061131,0.000580178031247839,-0.0746125));
#14751=CARTESIAN_POINT('',(-0.00514609047497739,0.00094639706857738,-0.0746125));
#14752=CARTESIAN_POINT('',(-0.00514609045610149,0.0015240358053171,-0.0746125));
#14753=CARTESIAN_POINT('',(-0.00409694578804054,0.000755463258455785,-0.0746125));
#14754=CARTESIAN_POINT('',(-0.00514609045610149,0.0015240358053171,-0.0746125));
#14755=CARTESIAN_POINT('',(0.00823183749754955,0.00406983384548928,-0.0746125));
#14756=CARTESIAN_POINT('',(-0.00280641625522753,0.00110239880158053,-0.0746125));
#14757=CARTESIAN_POINT('',(-0.00176117890928442,0.00242813675941133,-0.0746125));
#14758=CARTESIAN_POINT('',(-0.00175881099494629,0.00165864722969289,-0.0746125));
#14759=CARTESIAN_POINT('',(-0.00201727435088472,0.00133049816670161,-0.0746125));
#14760=CARTESIAN_POINT('',(-0.00280637691849116,0.00110241017175939,-0.0746125));
#14761=CARTESIAN_POINT('',(-0.00280639003073662,0.00110240638169977,-0.0746125));
#14762=CARTESIAN_POINT('',(-0.00280640314298207,0.00110240259164015,-0.0746125));
#14763=CARTESIAN_POINT('',(-0.00280641625522753,0.00110239880158053,-0.0746125));
#14764=CARTESIAN_POINT('',(-0.00176117890239737,0.00242813675941133,-0.0746125));
#14765=CARTESIAN_POINT('',(-0.00176117888673797,7.22280220831675E-17,-0.0746125));
#14766=CARTESIAN_POINT('',(-0.00176117888862326,0.00498550383977317,-0.0746125));
#14767=CARTESIAN_POINT('',(-0.00281039846045466,0.00575393032875572,-0.0746125));
#14768=CARTESIAN_POINT('',(-0.00223328114479702,0.00590856842323417,-0.0746125));
#14769=CARTESIAN_POINT('',(-0.00175880501236708,0.00565893550754137,-0.0746125));
#14770=CARTESIAN_POINT('',(-0.00176117888862326,0.00498550255888603,-0.0746125));
#14771=CARTESIAN_POINT('',(-0.00281039846045466,0.00575393032875572,-0.0746125));
#14772=CARTESIAN_POINT('',(0.00706537077167049,0.008408852427335,-0.0746125));
#14773=CARTESIAN_POINT('',(-0.00410078469948548,0.0054070333079693,-0.0746125));
#14774=CARTESIAN_POINT('',(-0.00514609045610149,0.00408134630422769,-0.0746125));
#14775=CARTESIAN_POINT('',(-0.00516245957293365,0.00477618346104023,-0.0746125));
#14776=CARTESIAN_POINT('',(-0.00467697742582105,0.00525264293638975,-0.0746125));
#14777=CARTESIAN_POINT('',(-0.00410078469948548,0.0054070333079693,-0.0746125));
#14778=CARTESIAN_POINT('',(-0.00514609045610149,0.00408134630422769,-0.0746125));
#14779=CARTESIAN_POINT('',(-0.00514609045610149,0.0167860323653229,-0.0746125));
#14780=CARTESIAN_POINT('',(-0.00259788895920273,0.0167860323653229,-0.0746125));
#14781=CARTESIAN_POINT('',(-0.00259788895920273,0.00611278444184167,-0.0746125));
#14782=CARTESIAN_POINT('',(-0.00259788895920273,0.00902888358152641,-0.0746125));
#14783=CARTESIAN_POINT('',(0.00700434920906873,0.00872163544142368,-0.0746125));
#14784=CARTESIAN_POINT('',(-0.00176117888673785,0.0063401118493333,-0.0746125));
#14785=CARTESIAN_POINT('',(-0.00176117888673797,7.22280220831675E-17,-0.0746125));
#14786=CARTESIAN_POINT('',(-0.00176117888673785,0.0090827404247332,-0.0746125));
#14787=CARTESIAN_POINT('',(-0.0028102827812198,0.00985118858381071,-0.0746125));
#14788=CARTESIAN_POINT('',(-0.00281026160810006,0.00985119356393382,-0.0746125));
#14789=CARTESIAN_POINT('',(-0.00281024043498033,0.00985119854405694,-0.0746125));
#14790=CARTESIAN_POINT('',(-0.00281021926186059,0.00985120352418005,-0.0746125));
#14791=CARTESIAN_POINT('',(-0.00240262815295549,0.00994707290611817,-0.0746125));
#14792=CARTESIAN_POINT('',(-0.00213917816118562,0.00990047431442373,-0.0746125));
#14793=CARTESIAN_POINT('',(-0.0018177918937299,0.00961109304969315,-0.0746125));
#14794=CARTESIAN_POINT('',(-0.00176117882302206,0.00937020232878478,-0.0746125));
#14795=CARTESIAN_POINT('',(-0.00176117888673785,0.0090827404247332,-0.0746125));
#14796=CARTESIAN_POINT('',(-0.0028102827812198,0.00985118858381071,-0.0746125));
#14797=CARTESIAN_POINT('',(0.00603431445447789,0.0122123615239411,-0.0746125));
#14798=CARTESIAN_POINT('',(-0.00516213198783929,0.00922333379766804,-0.0746125));
#14799=CARTESIAN_POINT('',(-0.00516213198783929,0.0167860323653229,-0.0746125));
#14800=CARTESIAN_POINT('',(-0.00516213198783929,0.00834718751383454,-0.0746125));
#14801=CARTESIAN_POINT('',(0.00625019661156154,0.0113811197279568,-0.0746125));
#14802=CARTESIAN_POINT('',(-0.0141262283926073,-0.00358780597570478,-0.0746125));
#14803=CARTESIAN_POINT('',(-0.0051544675014335,-0.0119279661718428,-0.0746125));
#14804=CARTESIAN_POINT('',(-0.00347896343988273,-0.0134855168524858,-0.0746125));
#14805=CARTESIAN_POINT('',(-0.00515463992801392,0.,-0.0746125));
#14806=CARTESIAN_POINT('',(-0.00515463992801392,-0.0132239007295846,-0.0746125));
#14807=CARTESIAN_POINT('',(-0.0148377231039858,-0.00412370870049397,-0.0746125));
#14808=CARTESIAN_POINT('',(-0.00400061752990491,-0.014308454609564,-0.0746125));
#14809=CARTESIAN_POINT('',(-0.00347765704921114,-0.0145723294397349,-0.0746125));
#14810=CARTESIAN_POINT('',(-0.00369390637264493,-0.014572329339275,-0.0746125));
#14811=CARTESIAN_POINT('',(-0.00381643122138741,-0.0144691020101746,-0.0746125));
#14812=CARTESIAN_POINT('',(-0.00400055645729005,-0.0143085078771326,-0.0746125));
#14813=CARTESIAN_POINT('',(-0.00400057681482834,-0.0143084901212764,-0.0746125));
#14814=CARTESIAN_POINT('',(-0.00400059717236663,-0.0143084723654202,-0.0746125));
#14815=CARTESIAN_POINT('',(-0.00400061752990491,-0.014308454609564,-0.0746125));
#14816=CARTESIAN_POINT('',(-0.00347765704921114,-0.0145723294397349,-0.0746125));
#14817=CARTESIAN_POINT('',(-0.00295362538376603,-0.0143072510782272,-0.0746125));
#14818=CARTESIAN_POINT('',(-0.00309403918416942,-0.014503444976513,-0.0746125000000042));
#14819=CARTESIAN_POINT('',(-0.00326252804817063,-0.0145723295896479,-0.0746124999999864));
#14820=CARTESIAN_POINT('',(-0.00347765704921114,-0.0145723294397349,-0.0746125));
#14821=CARTESIAN_POINT('',(-0.00295362538376603,-0.0143072510782272,-0.0746125));
#14822=CARTESIAN_POINT('',(0.0143713881234176,0.00996317211692609,-0.0746125));
#14823=CARTESIAN_POINT('',(-0.00177653937238311,-0.0126582840785798,-0.0746125));
#14824=CARTESIAN_POINT('',(-0.00177653937238249,0.0167860323653231,-0.0746125));
#14825=CARTESIAN_POINT('',(-0.00177653937238308,-0.0109759376890133,-0.0746125));
#14826=CARTESIAN_POINT('',(0.013197891400608,0.0110981860091738,-0.0746125));
#14827=CARTESIAN_POINT('',(-0.0155278455297148,-0.00397031332819097,-0.0746125));
#14828=CARTESIAN_POINT('',(-0.00178423256711099,-0.0174390170020255,-0.0746125));
#14829=CARTESIAN_POINT('',(-0.00348402555266735,-0.015773224455945,-0.0746125));
#14830=CARTESIAN_POINT('',(-0.00178423256711099,0.0167860323653229,-0.0746125));
#14831=CARTESIAN_POINT('',(-0.00178423256711099,-0.0160998723571461,-0.0746125));
#14832=CARTESIAN_POINT('',(-0.0145436852496367,-0.00449281948980569,-0.0746125));
#14833=CARTESIAN_POINT('',(-0.00296230325721474,-0.0150282018770929,-0.0746125));
#14834=CARTESIAN_POINT('',(-0.00348535023773584,-0.0147637505605555,-0.0746125));
#14835=CARTESIAN_POINT('',(-0.00326907161775472,-0.0147637507449909,-0.0746125));
#14836=CARTESIAN_POINT('',(-0.00311894892766936,-0.0148778953564514,-0.0746125));
#14837=CARTESIAN_POINT('',(-0.00296230325721474,-0.0150282018770929,-0.0746125));
#14838=CARTESIAN_POINT('',(-0.00348535023773584,-0.0147637505605555,-0.0746125));
#14839=CARTESIAN_POINT('',(-0.00400952488791323,-0.0150295302951391,-0.0746125));
#14840=CARTESIAN_POINT('',(-0.00400951187015632,-0.0150295114180732,-0.0746125000000027));
#14841=CARTESIAN_POINT('',(-0.00400949885239939,-0.0150294925410074,-0.0746125000000027));
#14842=CARTESIAN_POINT('',(-0.00400948583464245,-0.0150294736639416,-0.0746125000000027));
#14843=CARTESIAN_POINT('',(-0.00388519974187711,-0.014849246243277,-0.0746124999999906));
#14844=CARTESIAN_POINT('',(-0.00370075433887394,-0.0147637505351668,-0.0746125000000027));
#14845=CARTESIAN_POINT('',(-0.00348535023773584,-0.0147637505605555,-0.0746125));
#14846=CARTESIAN_POINT('',(-0.00400952488791323,-0.0150295302951391,-0.0746125));
#14847=CARTESIAN_POINT('',(0.0130635511252446,0.0114707312955804,-0.0746125));
#14848=CARTESIAN_POINT('',(-0.00517060914619446,-0.0168317267212316,-0.0746125));
#14849=CARTESIAN_POINT('',(-0.00517060914619446,0.0167860323653229,-0.0746125));
#14850=CARTESIAN_POINT('',(-0.00517060914619446,-0.0183861515435585,-0.0746125));
#14851=CARTESIAN_POINT('',(0.0137915316632085,0.0109908040666977,-0.0746125));
#14852=CARTESIAN_POINT('',(0.00251895738363601,0.0190895952475156,-0.0746125));
#14853=CARTESIAN_POINT('',(-0.00176117888673778,0.0148265585045975,-0.0746125));
#14854=CARTESIAN_POINT('',(-0.00261998849755274,0.0139711799150379,-0.0746125));
#14855=CARTESIAN_POINT('',(-0.00176117888673797,7.22280220831675E-17,-0.0746125));
#14856=CARTESIAN_POINT('',(-0.00176117888673778,0.0159416055673741,-0.0746125));
#14857=CARTESIAN_POINT('',(0.00190118843699047,0.0196567735423638,-0.0746125));
#14858=CARTESIAN_POINT('',(-0.00472004175971092,0.0129400845247319,-0.0746125));
#14859=CARTESIAN_POINT('',(-0.00514636919509944,0.0120683643736754,-0.0746125));
#14860=CARTESIAN_POINT('',(-0.0051442105480351,0.0124992362143868,-0.0746125000000045));
#14861=CARTESIAN_POINT('',(-0.00495296219284718,0.0126985253542562,-0.0746124999999859));
#14862=CARTESIAN_POINT('',(-0.00472005849367681,0.0129400671701236,-0.0746125000000045));
#14863=CARTESIAN_POINT('',(-0.0047200529156882,0.012940072954993,-0.0746125000000045));
#14864=CARTESIAN_POINT('',(-0.00472004733769959,0.0129400787398625,-0.0746125000000045));
#14865=CARTESIAN_POINT('',(-0.00472004175971092,0.0129400845247319,-0.0746125));
#14866=CARTESIAN_POINT('',(-0.00514636919509944,0.0120683643736754,-0.0746125));
#14867=CARTESIAN_POINT('',(-0.00471788227847977,0.0114281530037083,-0.0746125));
#14868=CARTESIAN_POINT('',(-0.00495266452527551,0.0115399680064228,-0.0746124999999985));
#14869=CARTESIAN_POINT('',(-0.00514794388113947,0.0117540039218683,-0.0746125000000051));
#14870=CARTESIAN_POINT('',(-0.00514636919509944,0.0120683643736754,-0.0746125));
#14871=CARTESIAN_POINT('',(-0.00471788227847977,0.0114281530037083,-0.0746125));
#14872=CARTESIAN_POINT('',(0.000951736411823556,0.00871539451026072,-0.0746125));
#14873=CARTESIAN_POINT('',(-0.00176117888673785,0.0100134507638946,-0.0746125));
#14874=CARTESIAN_POINT('',(-0.00176117888673797,7.22280220831675E-17,-0.0746125));
#14875=CARTESIAN_POINT('',(-0.00176117888673785,0.0111238877986333,-0.0746125));
#14876=CARTESIAN_POINT('',(0.00170857237581941,0.00962048629797937,-0.0746125));
#14877=CARTESIAN_POINT('',(-0.00260939118162036,0.0114914079868267,-0.0746125));
#14878=CARTESIAN_POINT('',(-0.00263188181105668,0.0167542152749942,-0.0746125));
#14879=CARTESIAN_POINT('',(-0.00436363035097571,0.0167860323653229,-0.0746125));
#14880=CARTESIAN_POINT('',(-0.00436363035097571,0.0183770462216997,-0.0746125));
#14881=CARTESIAN_POINT('',(-0.00436363035097571,0.0166543202886476,-0.0746125));
#14882=CARTESIAN_POINT('',(0.00378579894375472,0.0205826257097225,-0.0746125));
#14883=CARTESIAN_POINT('',(-0.00515131231547287,0.0181638662404826,-0.0746125));
#14884=CARTESIAN_POINT('',(-0.0051513123154729,0.0167860323653231,-0.0746125));
#14885=CARTESIAN_POINT('',(-0.00515131231547295,0.0138392174042361,-0.0746125));
#14886=CARTESIAN_POINT('',(0.00487635150393121,0.0165531264195777,-0.0746125));
#14887=CARTESIAN_POINT('',(-0.00436363035097579,0.0140523973854531,-0.0746125));
#14888=CARTESIAN_POINT('',(-0.00436363035097571,0.,-0.0746125));
#14889=CARTESIAN_POINT('',(-0.00436363035097579,0.0157782989184892,-0.0746125));
#14890=CARTESIAN_POINT('',(0.00445425297587862,0.0181315085578542,-0.0746125));
#14891=CARTESIAN_POINT('',(-0.00176117888673774,0.0164728095674307,-0.0746125));
#14892=CARTESIAN_POINT('',(-0.00176117888673797,7.22280220831675E-17,-0.0746125));
#14893=CARTESIAN_POINT('',(-0.00176117888673771,0.0173488309375897,-0.0746125));
#14894=CARTESIAN_POINT('',(0.00423601369316781,0.0189492888780111,-0.0746125));
#14895=CARTESIAN_POINT('',(0.0102920993676822,-0.00337853889406581,-0.0746125));
#14896=CARTESIAN_POINT('',(-0.00174774032828484,-0.00664980395906603,-0.0746125));
#14897=CARTESIAN_POINT('',(-0.00294126365649326,-0.0069740882740091,-0.0746125));
#14898=CARTESIAN_POINT('',(-0.00174774032828484,0.0167860323653229,-0.0746125));
#14899=CARTESIAN_POINT('',(-0.00174774032828484,-0.00575273305398611,-0.0746125));
#14900=CARTESIAN_POINT('',(0.0100085011557893,-0.00260265764230741,-0.0746125));
#14901=CARTESIAN_POINT('',(-0.00407112091193654,-0.00637528100508489,-0.0746125));
#14902=CARTESIAN_POINT('',(-0.00514180590619605,-0.0077330525624746,-0.0746125));
#14903=CARTESIAN_POINT('',(-0.00514180578496643,-0.00714104391943,-0.0746125));
#14904=CARTESIAN_POINT('',(-0.00466268564764953,-0.00653379041113106,-0.0746125));
#14905=CARTESIAN_POINT('',(-0.00407112091193654,-0.00637528100508489,-0.0746125));
#14906=CARTESIAN_POINT('',(-0.00514180590619605,-0.0077330525624746,-0.0746125));
#14907=CARTESIAN_POINT('',(-0.00514180590619605,0.0167860323653229,-0.0746125));
#14908=CARTESIAN_POINT('',(-0.00514180590619605,-0.0114279293337329,-0.0746125));
#14909=CARTESIAN_POINT('',(0.0111999409430632,-0.00704917146256301,-0.0746125));
#14910=CARTESIAN_POINT('',(-0.00424517744927682,-0.0111876784627908,-0.0746125));
#14911=CARTESIAN_POINT('',(-0.00424517744927682,0.0167860323653229,-0.0746125));
#14912=CARTESIAN_POINT('',(-0.0042455544360163,-0.00752451456567327,-0.0746125033147743));
#14913=CARTESIAN_POINT('',(-0.00395768090974514,-0.00754065259292759,-0.0746125));
#14914=CARTESIAN_POINT('',(-0.00403947119585576,-0.00726383509561618,-0.0746125004857265));
#14915=CARTESIAN_POINT('',(0.0101805278621987,-0.00350197969880773,-0.0746125));
#14916=CARTESIAN_POINT('',(-0.00380095469150737,-0.00720079258581517,-0.0746125));
#14917=CARTESIAN_POINT('',(-0.00380095469150737,0.0167860323653229,-0.0746125));
#14918=CARTESIAN_POINT('',(-0.00380095469150737,-0.0110694512573544,-0.0746125));
#14919=CARTESIAN_POINT('',(0.0111200732329884,-0.00713564315409468,-0.0746125));
#14920=CARTESIAN_POINT('',(-0.00294126365649326,-0.0108428006822766,-0.0746125));
#14921=CARTESIAN_POINT('',(-0.00294126365649326,0.0167860323653229,-0.0746125));
#14922=CARTESIAN_POINT('',(0.00948562924712493,0.00045702472330366,-0.0746125));
#14923=CARTESIAN_POINT('',(-0.00515463992801392,-0.00373207884598639,-0.0746125));
#14924=CARTESIAN_POINT('',(-0.00262406207744354,-0.00300799019847761,-0.0746125));
#14925=CARTESIAN_POINT('',(-0.00515463992801392,0.0167860323653229,-0.0746125));
#14926=CARTESIAN_POINT('',(-0.00515463992801392,-0.0046081777432274,-0.0746125));
#14927=CARTESIAN_POINT('',(0.00971734130405336,-0.000352773083902532,-0.0746125));
#14928=CARTESIAN_POINT('',(-0.00260513807070719,-0.00387867426193284,-0.0746125));
#14929=CARTESIAN_POINT('',(-0.00173920494065038,-0.00278060805311759,-0.0746125));
#14930=CARTESIAN_POINT('',(-0.00175401941089266,-0.00355158909302884,-0.074612499999994));
#14931=CARTESIAN_POINT('',(-0.00215792222161685,-0.00374166578057349,-0.0746125000000199));
#14932=CARTESIAN_POINT('',(-0.00260509926610031,-0.00387866237380249,-0.074612499999994));
#14933=CARTESIAN_POINT('',(-0.00260511220096928,-0.00387866633651257,-0.074612499999994));
#14934=CARTESIAN_POINT('',(-0.00260512513583824,-0.00387867029922266,-0.074612499999994));
#14935=CARTESIAN_POINT('',(-0.00260513807070719,-0.00387867426193284,-0.0746125));
#14936=CARTESIAN_POINT('',(-0.00173920494065038,-0.00278060805311759,-0.0746125));
#14937=CARTESIAN_POINT('',(-0.00207629760327184,-0.00216499291707984,-0.0746125));
#14938=CARTESIAN_POINT('',(-0.00207628161109394,-0.00216500540244077,-0.0746125000000012));
#14939=CARTESIAN_POINT('',(-0.00207626561891606,-0.00216501788780171,-0.0746125000000012));
#14940=CARTESIAN_POINT('',(-0.00207624962673818,-0.00216503037316265,-0.0746125000000012));
#14941=CARTESIAN_POINT('',(-0.00195152626484192,-0.00226240398934722,-0.074612499999999));
#14942=CARTESIAN_POINT('',(-0.00173243016766863,-0.00242801575450036,-0.0746125000000012));
#14943=CARTESIAN_POINT('',(-0.00173920494065038,-0.00278060805311759,-0.0746125));
#14944=CARTESIAN_POINT('',(-0.00207629760327184,-0.00216499291707984,-0.0746125));
#14945=CARTESIAN_POINT('',(-0.00666066522556595,0.00121261961788745,-0.0746125));
#14946=CARTESIAN_POINT('',(-0.004261313676147,-0.000555144343645633,-0.0746125));
#14947=CARTESIAN_POINT('',(0.00854072649103872,0.00287515198062009,-0.0746125));
#14948=CARTESIAN_POINT('',(-0.00176117888673796,0.00011476475414499,-0.0746125));
#14949=CARTESIAN_POINT('',(-0.00176117888673728,0.0167860323653232,-0.0746125));
#14950=CARTESIAN_POINT('',(-0.00176117888673792,0.000990925475394503,-0.0746125));
#14951=CARTESIAN_POINT('',(0.00832168631072647,0.00369262106244499,-0.0746125));
#14952=CARTESIAN_POINT('',(-0.00428037954625227,0.000315907693106174,-0.0746125));
#14953=CARTESIAN_POINT('',(-0.00514636928983725,-0.000782455820619539,-0.0746125));
#14954=CARTESIAN_POINT('',(-0.00514636923200368,-3.16217504589737E-05,-0.0746125));
#14955=CARTESIAN_POINT('',(-0.00475978841729066,0.000187450715130679,-0.0746125));
#14956=CARTESIAN_POINT('',(-0.00428037954625227,0.000315907693106174,-0.0746125));
#14957=CARTESIAN_POINT('',(-0.00514636928983725,-0.000782455820619539,-0.0746125));
#14958=CARTESIAN_POINT('',(-0.00488648457781762,-0.00132909640994484,-0.0746125));
#14959=CARTESIAN_POINT('',(-0.0048864949452946,-0.00132908842425859,-0.0746125));
#14960=CARTESIAN_POINT('',(-0.00488650531277158,-0.00132908043857232,-0.0746125));
#14961=CARTESIAN_POINT('',(-0.00488651568024856,-0.00132907245288606,-0.0746125));
#14962=CARTESIAN_POINT('',(-0.00504367242232419,-0.0012080203937791,-0.0746125));
#14963=CARTESIAN_POINT('',(-0.00514636919649068,-0.00102364612630241,-0.0746125));
#14964=CARTESIAN_POINT('',(-0.00514636928983725,-0.000782455820619539,-0.0746125));
#14965=CARTESIAN_POINT('',(-0.00488648457781762,-0.00132909640994484,-0.0746125));
#14966=CARTESIAN_POINT('',(-0.00730028760800503,0.000462133527634513,-0.0746125));
#14967=CARTESIAN_POINT('',(0.000586468388844676,-0.022501,-0.0746125));
#14968=CARTESIAN_POINT('',(0.00147249420801917,0.,-0.0746125));
#14969=CARTESIAN_POINT('',(0.000586468388844676,0.0167860323653229,-0.0746125));
#14970=CARTESIAN_POINT('',(0.000780437797859497,-0.022501,-0.0635));
#14971=CARTESIAN_POINT('',(0.0356229944129084,-78.0503347183407,1.93262873514706));
#14972=CARTESIAN_POINT('',(0.000780437797859497,0.021735907825133,-0.0635));
#14973=CARTESIAN_POINT('',(0.000780437797859497,-0.022501,-0.0635));
#14974=CARTESIAN_POINT('',(0.,0.,-0.063493455762923));
#14975=CARTESIAN_POINT('',(0.,0.,-0.0635));
#14976=CARTESIAN_POINT('',(0.000805841666991813,0.021734980822323,-0.0635));
#14977=CARTESIAN_POINT('',(0.0357474088151691,-78.3313427286424,1.93830103967191));
#14978=CARTESIAN_POINT('',(0.000611872257976993,-0.022501,-0.0746125));
#14979=CARTESIAN_POINT('',(0.000805841666991813,-0.022501,-0.0635));
#14980=CARTESIAN_POINT('',(0.000805841666991813,0.021779791481372,-0.0635));
#14981=CARTESIAN_POINT('',(0.000805841666991813,0.021779791481372,-0.0635));
#14982=CARTESIAN_POINT('',(0.000805841666991813,0.0218872700641464,-0.0635));
#14983=CARTESIAN_POINT('',(0.00080413444235358,0.0219827360984164,-0.0635978068340194));
#14984=CARTESIAN_POINT('',(0.000802259269939702,0.0219799895523796,-0.0637052353896616));
#14985=CARTESIAN_POINT('',(0.,0.,-0.0637));
#14986=CARTESIAN_POINT('',(0.,0.,-0.0635));
#14987=CARTESIAN_POINT('',(0.00280614632307962,0.0216132885183576,-0.0635));
#14988=CARTESIAN_POINT('',(0.00280256392602751,0.021815343135038,-0.0637052353896616));
#14989=CARTESIAN_POINT('',(0.00280444727711211,0.0218179497903606,-0.0635973382782877));
#14990=CARTESIAN_POINT('',(0.00280614632307963,0.0217212081546302,-0.0635));
#14991=CARTESIAN_POINT('',(0.00280614632307962,0.0216132885183576,-0.0635));
#14992=CARTESIAN_POINT('',(0.,0.,-0.0637));
#14993=CARTESIAN_POINT('',(0.00283155019221194,0.0216099750410149,-0.0635));
#14994=CARTESIAN_POINT('',(0.00283155019221194,0.0217179163993374,-0.0635));
#14995=CARTESIAN_POINT('',(0.00282985152066507,0.0218146698957256,-0.0635973168277434));
#14996=CARTESIAN_POINT('',(0.00282796779515984,0.0218120645242165,-0.063705235389661));
#14997=CARTESIAN_POINT('',(0.00283155019221195,0.0216099750410149,-0.0635));
#14998=CARTESIAN_POINT('',(0.,0.,-0.0635));
#14999=CARTESIAN_POINT('',(0.,0.,-0.0637));
#15000=CARTESIAN_POINT('',(0.00282796779515982,-0.0218120645242136,-0.0637052353896616));
#15001=CARTESIAN_POINT('',(0.00282985130328223,-0.0218146695950619,-0.0635973292815976));
#15002=CARTESIAN_POINT('',(0.00283155019221194,-0.0217179031722673,-0.0635));
#15003=CARTESIAN_POINT('',(0.00283155019221194,-0.0216099750410149,-0.0635));
#15004=CARTESIAN_POINT('',(0.00283155019221195,-0.0216099750410149,-0.0635));
#15005=CARTESIAN_POINT('',(0.,0.,-0.0635));
#15006=CARTESIAN_POINT('',(0.,0.,-0.0637));
#15007=CARTESIAN_POINT('',(0.000802259269939702,-0.0219799895523796,-0.0637052353896616));
#15008=CARTESIAN_POINT('',(0.000804134431730892,-0.0219827360828574,-0.0635978074425928));
#15009=CARTESIAN_POINT('',(0.000805841666991813,-0.0218872690294492,-0.0635));
#15010=CARTESIAN_POINT('',(0.000805841666991813,-0.021779791481372,-0.0635));
#15011=CARTESIAN_POINT('',(0.000805841666991813,-0.021779791481372,-0.0635));
#15012=CARTESIAN_POINT('',(0.00280614632307962,-0.0216132885183576,-0.0635));
#15013=CARTESIAN_POINT('',(0.00280614632307963,-0.0217212211488365,-0.0635));
#15014=CARTESIAN_POINT('',(0.00280444749023844,-0.0218179500853409,-0.0635973260682884));
#15015=CARTESIAN_POINT('',(0.00280256392602752,-0.0218153431350409,-0.063705235389661));
#15016=CARTESIAN_POINT('',(0.00280614632307962,-0.0216132885183576,-0.0635));
#15017=CARTESIAN_POINT('',(0.,0.,-0.0635));
#15018=CARTESIAN_POINT('',(0.000611872257976993,-0.022501,-0.0746125));
#15019=CARTESIAN_POINT('',(0.000805841666991814,0.0154111761031451,-0.0635));
#15020=CARTESIAN_POINT('',(0.000805841666991809,-0.021734980822323,-0.0635));
#15021=CARTESIAN_POINT('',(0.0357474072697622,78.3313391422595,1.93830094778033));
#15022=CARTESIAN_POINT('',(0.,0.,-0.063493455762923));
#15023=CARTESIAN_POINT('',(0.0356229943822655,78.0503347191386,1.93262873516809));
#15024=CARTESIAN_POINT('',(0.000780437797859501,-0.021735907825133,-0.0635));
#15025=CARTESIAN_POINT('',(0.,0.,-0.0635));
#15026=CARTESIAN_POINT('',(0.000780437797859497,-0.022501,-0.0635));
#15027=CARTESIAN_POINT('',(0.000780437797859497,-0.022501,-0.0635));
#15028=CARTESIAN_POINT('',(0.0154111761031452,0.0154111761031451,-0.0635));
#15029=CARTESIAN_POINT('',(0.00283155019221195,-0.022501,-0.0635));
#15030=CARTESIAN_POINT('',(0.00283155019221195,0.0215648115143163,-0.0635));
#15031=CARTESIAN_POINT('',(0.,0.,-0.0635));
#15032=CARTESIAN_POINT('',(0.00280614632307962,0.02156813193006,-0.0635));
#15033=CARTESIAN_POINT('',(0.00280614632307962,-0.022501,-0.0635));
#15034=CARTESIAN_POINT('',(0.00280614632307962,0.022501,-0.0635));
#15035=CARTESIAN_POINT('',(0.00280614632307962,-0.0215681319300599,-0.0635));
#15036=CARTESIAN_POINT('',(0.,0.,-0.0635));
#15037=CARTESIAN_POINT('',(0.00283155019221195,-0.0215648115143163,-0.0635));
#15038=CARTESIAN_POINT('',(0.00283155019221195,0.0154111761031451,-0.0635));
#15039=CARTESIAN_POINT('',(0.0169528448374962,-0.0141598535347119,-0.0635));
#15040=CARTESIAN_POINT('',(0.,0.,-0.0635));
#15041=CARTESIAN_POINT('',(8.67361737988403E-19,0.,0.03735705));
#15042=CARTESIAN_POINT('',(0.00352202429443908,0.00183643257532266,0.03735705));
#15043=CARTESIAN_POINT('',(0.0037214296174378,0.00138856088695526,0.03735705));
#15044=CARTESIAN_POINT('',(0.00353320674432802,0.0018349309435342,0.0373129056323356));
#15045=CARTESIAN_POINT('',(0.00353320674432802,0.0018349309435342,0.00555624999999999));
#15046=CARTESIAN_POINT('',(0.00345513291978843,0.00184546036442219,0.0373129056323356));
#15047=CARTESIAN_POINT('',(0.00345513291978843,0.00184546036442219,0.00555624999999999));
#15048=CARTESIAN_POINT('',(0.00329694125028675,0.00186510747532525,0.0373129056323356));
#15049=CARTESIAN_POINT('',(0.00329694125028675,0.00186510747532525,0.00555624999999998));
#15050=CARTESIAN_POINT('',(0.00305969330615903,0.00185881594868983,0.0373129056323356));
#15051=CARTESIAN_POINT('',(0.00305969330615903,0.00185881594868983,0.00555625000000001));
#15052=CARTESIAN_POINT('',(0.00283185484835544,0.00177526628924437,0.0373129056323356));
#15053=CARTESIAN_POINT('',(0.00283185484835544,0.00177526628924437,0.00555624999999998));
#15054=CARTESIAN_POINT('',(0.00258199403659825,0.00186789126164652,0.0373129056323356));
#15055=CARTESIAN_POINT('',(0.00258199403659825,0.00186789126164652,0.00555625));
#15056=CARTESIAN_POINT('',(0.00255839282916916,0.00213323308156036,0.0373129056323356));
#15057=CARTESIAN_POINT('',(0.00255839282916916,0.00213323308156036,0.00555624999999999));
#15058=CARTESIAN_POINT('',(0.00270700898121033,0.00232636247130392,0.0373129056323356));
#15059=CARTESIAN_POINT('',(0.00270700898121033,0.00232636247130392,0.00555625000000001));
#15060=CARTESIAN_POINT('',(0.00279016134714848,0.00254792801238895,0.0373129056323356));
#15061=CARTESIAN_POINT('',(0.00279016134714848,0.00254792801238895,0.00555624999999998));
#15062=CARTESIAN_POINT('',(0.00282070065765977,0.00270458129428593,0.0373129056323356));
#15063=CARTESIAN_POINT('',(0.00282070065765977,0.00270458129428593,0.00555624999999998));
#15064=CARTESIAN_POINT('',(0.00283491652602582,0.00278215526430924,0.0373129056323356));
#15065=CARTESIAN_POINT('',(0.00283491652602582,0.00278215526430924,0.00555624999999999));
#15066=CARTESIAN_POINT('',(0.00283491652908041,0.00278215528097766,0.03735705));
#15067=CARTESIAN_POINT('',(8.67361737988403E-19,0.,0.03735705));
#15068=CARTESIAN_POINT('',(0.00247058487496992,0.00311020097580448,0.03735705));
#15069=CARTESIAN_POINT('',(0.00248141131994406,0.00311337747903428,0.0373129056323356));
#15070=CARTESIAN_POINT('',(0.00248141131994406,0.00311337747903428,0.00555625000000001));
#15071=CARTESIAN_POINT('',(0.00240580463086962,0.00309124109835277,0.0373129056323356));
#15072=CARTESIAN_POINT('',(0.00240580463086962,0.00309124109835277,0.00555625000000001));
#15073=CARTESIAN_POINT('',(0.00225329814982461,0.00304484727865841,0.0373129056323356));
#15074=CARTESIAN_POINT('',(0.00225329814982461,0.00304484727865841,0.00555625000000003));
#15075=CARTESIAN_POINT('',(0.0020391203625552,0.00294260225070783,0.0373129056323355));
#15076=CARTESIAN_POINT('',(0.0020391203625552,0.00294260225070783,0.00555624999999997));
#15077=CARTESIAN_POINT('',(0.00186496228236541,0.00277360558934326,0.0373129056323356));
#15078=CARTESIAN_POINT('',(0.00186496228236541,0.00277360558934326,0.00555625000000001));
#15079=CARTESIAN_POINT('',(0.00159902910240188,0.00275659516433518,0.0373129056323356));
#15080=CARTESIAN_POINT('',(0.00159902910240188,0.00275659516433518,0.00555625000000001));
#15081=CARTESIAN_POINT('',(0.0014695440854608,0.00298939750275785,0.0373129056323356));
#15082=CARTESIAN_POINT('',(0.0014695440854608,0.00298939750275785,0.00555625));
#15083=CARTESIAN_POINT('',(0.00152675889642675,0.00322627761428345,0.0373129056323356));
#15084=CARTESIAN_POINT('',(0.00152675889642675,0.00322627761428345,0.00555625000000001));
#15085=CARTESIAN_POINT('',(0.00151260353821958,0.00346250892209729,0.0373129056323356));
#15086=CARTESIAN_POINT('',(0.00151260353821958,0.00346250892209729,0.00555625));
#15087=CARTESIAN_POINT('',(0.00147678595661112,0.0036180402728383,0.0373129056323356));
#15088=CARTESIAN_POINT('',(0.00147678595661112,0.0036180402728383,0.00555625));
#15089=CARTESIAN_POINT('',(0.00145822062242603,0.00369468973536201,0.0373129056323356));
#15090=CARTESIAN_POINT('',(0.00145822062242603,0.00369468973536201,0.00555625));
#15091=CARTESIAN_POINT('',(0.00145822061843687,0.00369468975183179,0.03735705));
#15092=CARTESIAN_POINT('',(8.67361737988403E-19,0.,0.03735705));
#15093=CARTESIAN_POINT('',(0.000991958886059491,0.00384618737228088,0.03735705));
#15094=CARTESIAN_POINT('',(0.00100055733542762,0.00385349276426287,0.0373129056323356));
#15095=CARTESIAN_POINT('',(0.00100055733542762,0.00385349276426287,0.00555624999999998));
#15096=CARTESIAN_POINT('',(0.000940490865224512,0.00380251816333442,0.0373129056323355));
#15097=CARTESIAN_POINT('',(0.000940490865224512,0.00380251816333442,0.00555624999999997));
#15098=CARTESIAN_POINT('',(0.000820039328686746,0.00369810532594239,0.0373129056323355));
#15099=CARTESIAN_POINT('',(0.000820039328686746,0.00369810532594239,0.00555624999999997));
#15100=CARTESIAN_POINT('',(0.000665964983438638,0.00351758589087625,0.0373129056323356));
#15101=CARTESIAN_POINT('',(0.000665964983438638,0.00351758589087625,0.00555625000000002));
#15102=CARTESIAN_POINT('',(0.000575600795103949,0.00329236328562896,0.0373129056323356));
#15103=CARTESIAN_POINT('',(0.000575600795103949,0.00329236328562896,0.00555624999999999));
#15104=CARTESIAN_POINT('',(0.000339577509676892,0.00316865872022941,0.0373129056323356));
#15105=CARTESIAN_POINT('',(0.000339577509676892,0.00316865872022941,0.00555625));
#15106=CARTESIAN_POINT('',(0.000126597818987353,0.00332866793790478,0.0373129056323356));
#15107=CARTESIAN_POINT('',(0.000126597818987353,0.00332866793790478,0.00555625000000001));
#15108=CARTESIAN_POINT('',(8.25183282818392E-05,0.00356834004794138,0.0373129056323356));
#15109=CARTESIAN_POINT('',(8.25183282818392E-05,0.00356834004794138,0.00555625000000001));
#15110=CARTESIAN_POINT('',(-2.64971640392345E-05,0.00377839058326897,0.0373129056323356));
#15111=CARTESIAN_POINT('',(-2.64971640392345E-05,0.00377839058326897,0.00555625000000001));
#15112=CARTESIAN_POINT('',(-0.000122478452514828,0.00390590721935292,0.0373129056323356));
#15113=CARTESIAN_POINT('',(-0.000122478452514828,0.00390590721935292,0.00555624999999999));
#15114=CARTESIAN_POINT('',(-0.000170614874309695,0.00396837878596818,0.0373129056323356));
#15115=CARTESIAN_POINT('',(-0.000170614874309695,0.00396837878596818,0.00555624999999998));
#15116=CARTESIAN_POINT('',(-0.000170614884652834,0.00396837879939153,0.03735705));
#15117=CARTESIAN_POINT('',(8.67361737988403E-19,0.,0.03735705));
#15118=CARTESIAN_POINT('',(-0.000658185805914194,0.00391713303057457,0.03735705));
#15119=CARTESIAN_POINT('',(-0.000653302102162276,0.00392730414266767,0.0373129056323356));
#15120=CARTESIAN_POINT('',(-0.000653302102162276,0.00392730414266767,0.00555625));
#15121=CARTESIAN_POINT('',(-0.000687442315109191,0.00385630529308252,0.0373129056323356));
#15122=CARTESIAN_POINT('',(-0.000687442315109191,0.00385630529308252,0.00555625));
#15123=CARTESIAN_POINT('',(-0.000755011742204486,0.00371192736613876,0.0373129056323356));
#15124=CARTESIAN_POINT('',(-0.000755011742204486,0.00371192736613876,0.00555625000000001));
#15125=CARTESIAN_POINT('',(-0.000822341791416404,0.00348434697424756,0.0373129056323356));
#15126=CARTESIAN_POINT('',(-0.000822341791416404,0.00348434697424756,0.00555624999999998));
#15127=CARTESIAN_POINT('',(-0.00081328729880005,0.00324184145964794,0.0373129056323356));
#15128=CARTESIAN_POINT('',(-0.00081328729880005,0.00324184145964794,0.00555625000000001));
#15129=CARTESIAN_POINT('',(-0.000978590119436061,0.00303283239703522,0.0373129056323356));
#15130=CARTESIAN_POINT('',(-0.000978590119436061,0.00303283239703522,0.00555625));
#15131=CARTESIAN_POINT('',(-0.00123823836049408,0.00309238144658911,0.0373129056323356));
#15132=CARTESIAN_POINT('',(-0.00123823836049408,0.00309238144658911,0.00555624999999998));
#15133=CARTESIAN_POINT('',(-0.00137599040847848,0.00329340406995861,0.0373129056323356));
#15134=CARTESIAN_POINT('',(-0.00137599040847848,0.00329340406995861,0.00555625000000001));
#15135=CARTESIAN_POINT('',(-0.00156101626591649,0.0034409541869926,0.0373129056323356));
#15136=CARTESIAN_POINT('',(-0.00156101626591649,0.0034409541869926,0.00555625));
#15137=CARTESIAN_POINT('',(-0.00170056522451916,0.0035184073235883,0.0373129056323356));
#15138=CARTESIAN_POINT('',(-0.00170056522451916,0.0035184073235883,0.00555625));
#15139=CARTESIAN_POINT('',(-0.0017699495092898,0.00355589909289096,0.0373129056323356));
#15140=CARTESIAN_POINT('',(-0.0017699495092898,0.00355589909289096,0.00555625000000001));
#15141=CARTESIAN_POINT('',(-0.00176994952419849,0.00355589910094687,0.03735705));
#15142=CARTESIAN_POINT('',(8.67361737988403E-19,0.,0.03735705));
#15143=CARTESIAN_POINT('',(-0.00219452419261498,0.00331077080184552,0.03735705));
#15144=CARTESIAN_POINT('',(-0.00219419967122505,0.00332204895636717,0.0373129056323356));
#15145=CARTESIAN_POINT('',(-0.00219419967122505,0.00332204895636717,0.00555625));
#15146=CARTESIAN_POINT('',(-0.00219651047394314,0.00324330220422288,0.0373129056323356));
#15147=CARTESIAN_POINT('',(-0.00219651047394314,0.00324330220422288,0.00555625));
#15148=CARTESIAN_POINT('',(-0.00219951442380222,0.00308392344292827,0.0373129056323356));
#15149=CARTESIAN_POINT('',(-0.00219951442380222,0.00308392344292827,0.00555625000000002));
#15150=CARTESIAN_POINT('',(-0.00216845819979491,0.00284863281147295,0.0373129056323356));
#15151=CARTESIAN_POINT('',(-0.00216845819979491,0.00284863281147295,0.00555625000000006));
#15152=CARTESIAN_POINT('',(-0.00206155063025836,0.00263077579408871,0.0373129056323356));
#15153=CARTESIAN_POINT('',(-0.00206155063025836,0.00263077579408871,0.00555625000000001));
#15154=CARTESIAN_POINT('',(-0.00212755062668639,0.00237260179997627,0.0373129056323356));
#15155=CARTESIAN_POINT('',(-0.00212755062668639,0.00237260179997627,0.00555625000000001));
#15156=CARTESIAN_POINT('',(-0.00238897187840373,0.00232139410975469,0.0373129056323356));
#15157=CARTESIAN_POINT('',(-0.00238897187840373,0.00232139410975469,0.00555625000000001));
#15158=CARTESIAN_POINT('',(-0.00259657790313245,0.0024490086086433,0.0373129056323356));
#15159=CARTESIAN_POINT('',(-0.00259657790313245,0.0024490086086433,0.00555625000000001));
#15160=CARTESIAN_POINT('',(-0.00282562147402921,0.00250854555169779,0.0373129056323356));
#15161=CARTESIAN_POINT('',(-0.00282562147402921,0.00250854555169779,0.00555625000000005));
#15162=CARTESIAN_POINT('',(-0.00298460882005406,0.00252254283784818,0.0373129056323356));
#15163=CARTESIAN_POINT('',(-0.00298460882005406,0.00252254283784818,0.00555625000000002));
#15164=CARTESIAN_POINT('',(-0.00306324379462721,0.00252857214232378,0.0373129056323356));
#15165=CARTESIAN_POINT('',(-0.00306324379462721,0.00252857214232378,0.00555624999999998));
#15166=CARTESIAN_POINT('',(-0.00306324381152361,0.00252857214361931,0.03735705));
#15167=CARTESIAN_POINT('',(8.67361737988403E-19,0.,0.03735705));
#15168=CARTESIAN_POINT('',(-0.00335140940978624,0.00213194622406887,0.03735705));
#15169=CARTESIAN_POINT('',(-0.00335570018345477,0.00214238132564347,0.0373129056323356));
#15170=CARTESIAN_POINT('',(-0.00335570018345477,0.00214238132564347,0.00555625));
#15171=CARTESIAN_POINT('',(-0.00332578201716111,0.00206950269977758,0.0373129056323356));
#15172=CARTESIAN_POINT('',(-0.00332578201716111,0.00206950269977758,0.00555625));
#15173=CARTESIAN_POINT('',(-0.0032637010795633,0.00192268113987053,0.0373129056323356));
#15174=CARTESIAN_POINT('',(-0.0032637010795633,0.00192268113987053,0.00555625));
#15175=CARTESIAN_POINT('',(-0.00313962848560458,0.00172036415657801,0.0373129056323356));
#15176=CARTESIAN_POINT('',(-0.00313962848560458,0.00172036415657801,0.00555625000000001));
#15177=CARTESIAN_POINT('',(-0.00295335312914549,0.00156482509388376,0.0373129056323356));
#15178=CARTESIAN_POINT('',(-0.00295335312914549,0.00156482509388376,0.00555624999999998));
#15179=CARTESIAN_POINT('',(-0.00290863830239197,0.00130212679729074,0.0373129056323356));
#15180=CARTESIAN_POINT('',(-0.00290863830239197,0.00130212679729074,0.00555625000000001));
#15181=CARTESIAN_POINT('',(-0.00312663045540921,0.00114901664214026,0.0373129056323356));
#15182=CARTESIAN_POINT('',(-0.00312663045540921,0.00114901664214026,0.00555624999999998));
#15183=CARTESIAN_POINT('',(-0.00336819348916511,0.00118115731034882,0.0373129056323356));
#15184=CARTESIAN_POINT('',(-0.00336819348916511,0.00118115731034882,0.00555625));
#15185=CARTESIAN_POINT('',(-0.00360165105931706,0.00114238660109352,0.0373129056323356));
#15186=CARTESIAN_POINT('',(-0.00360165105931706,0.00114238660109352,0.00555624999999999));
#15187=CARTESIAN_POINT('',(-0.0037525864362817,0.00109050777886187,0.0373129056323356));
#15188=CARTESIAN_POINT('',(-0.0037525864362817,0.00109050777886187,0.00555625));
#15189=CARTESIAN_POINT('',(-0.00382687539917733,0.00106403209699207,0.0373129056323356));
#15190=CARTESIAN_POINT('',(-0.00382687539917733,0.00106403209699207,0.00555625));
#15191=CARTESIAN_POINT('',(-0.0038268754151399,0.00106403209130321,0.03735705));
#15192=CARTESIAN_POINT('',(8.67361737988403E-19,0.,0.03735705));
#15193=CARTESIAN_POINT('',(-0.00392880549340679,0.00058448877602731,0.03735705));
#15194=CARTESIAN_POINT('',(-0.00393696964838606,0.000592276500792688,0.0373129056323356));
#15195=CARTESIAN_POINT('',(-0.00393696964838606,0.000592276500792688,0.00555624999999999));
#15196=CARTESIAN_POINT('',(-0.00387999563583082,0.000537867377698937,0.0373129056323356));
#15197=CARTESIAN_POINT('',(-0.00387999563583082,0.000537867377698937,0.00555624999999999));
#15198=CARTESIAN_POINT('',(-0.0037635641688744,0.00042898980071938,0.0373129056323356));
#15199=CARTESIAN_POINT('',(-0.0037635641688744,0.00042898980071938,0.00555624999999998));
#15200=CARTESIAN_POINT('',(-0.00356792848362385,0.00029462890999302,0.0373129056323356));
#15201=CARTESIAN_POINT('',(-0.00356792848362385,0.00029462890999302,0.00555624999999998));
#15202=CARTESIAN_POINT('',(-0.00333449404163248,0.000228301918956624,0.0373129056323356));
#15203=CARTESIAN_POINT('',(-0.00333449404163248,0.000228301918956624,0.00555624999999999));
#15204=CARTESIAN_POINT('',(-0.00318679599146454,6.50224190306921E-06,0.0373129056323356));
#15205=CARTESIAN_POINT('',(-0.00318679599146454,6.50224190306921E-06,0.00555624999999998));
#15206=CARTESIAN_POINT('',(-0.00332366622212846,-0.000222036241388711,0.0373129056323356));
#15207=CARTESIAN_POINT('',(-0.00332366622212846,-0.000222036241388711,0.00555624999999998));
#15208=CARTESIAN_POINT('',(-0.00355741782184389,-0.000290926817382263,0.0373129056323356));
#15209=CARTESIAN_POINT('',(-0.00355741782184389,-0.000290926817382263,0.00555624999999999));
#15210=CARTESIAN_POINT('',(-0.00375492245647632,-0.00042130137109627,0.0373129056323356));
#15211=CARTESIAN_POINT('',(-0.00375492245647632,-0.00042130137109627,0.00555625000000001));
#15212=CARTESIAN_POINT('',(-0.00387170776649871,-0.000530085982041821,0.0373129056323356));
#15213=CARTESIAN_POINT('',(-0.00387170776649871,-0.000530085982041821,0.00555624999999999));
#15214=CARTESIAN_POINT('',(-0.00392880548113812,-0.000584488764337713,0.0373129056323356));
#15215=CARTESIAN_POINT('',(-0.00392880548113812,-0.000584488764337713,0.00555624999999999));
#15216=CARTESIAN_POINT('',(-0.00392880549340679,-0.00058448877602731,0.03735705));
#15217=CARTESIAN_POINT('',(8.67361737988403E-19,0.,0.03735705));
#15218=CARTESIAN_POINT('',(-0.0038268754151399,-0.00106403209130321,0.03735705));
#15219=CARTESIAN_POINT('',(-0.00383750129486497,-0.00106023831170825,0.0373129056323356));
#15220=CARTESIAN_POINT('',(-0.00383750129486497,-0.00106023831170825,0.00555625));
#15221=CARTESIAN_POINT('',(-0.00376332276041161,-0.00108677010035558,0.0373129056323356));
#15222=CARTESIAN_POINT('',(-0.00376332276041161,-0.00108677010035558,0.00555625));
#15223=CARTESIAN_POINT('',(-0.00361267282248001,-0.00113887777222614,0.0373129056323356));
#15224=CARTESIAN_POINT('',(-0.00361267282248001,-0.00113887777222614,0.00555624999999996));
#15225=CARTESIAN_POINT('',(-0.00337930123321186,-0.00118205035174938,0.0373129056323356));
#15226=CARTESIAN_POINT('',(-0.00337930123321186,-0.00118205035174938,0.00555624999999998));
#15227=CARTESIAN_POINT('',(-0.00313907064139384,-0.00114769673181593,0.0373129056323356));
#15228=CARTESIAN_POINT('',(-0.00313907064139384,-0.00114769673181593,0.00555625));
#15229=CARTESIAN_POINT('',(-0.0029139277024802,-0.00129024661018067,0.0373129056323356));
#15230=CARTESIAN_POINT('',(-0.0029139277024802,-0.00129024661018067,0.00555625));
#15231=CARTESIAN_POINT('',(-0.00294600990448199,-0.00155469704164565,0.0373129056323356));
#15232=CARTESIAN_POINT('',(-0.00294600990448199,-0.00155469704164565,0.00555624999999996));
#15233=CARTESIAN_POINT('',(-0.00313153229499955,-0.0017127070554008,0.0373129056323356));
#15234=CARTESIAN_POINT('',(-0.00313153229499955,-0.0017127070554008,0.00555624999999994));
#15235=CARTESIAN_POINT('',(-0.00325893364851121,-0.00191214250882072,0.0373129056323356));
#15236=CARTESIAN_POINT('',(-0.00325893364851121,-0.00191214250882072,0.00555625000000001));
#15237=CARTESIAN_POINT('',(-0.00332137565052725,-0.00205902306097051,0.0373129056323356));
#15238=CARTESIAN_POINT('',(-0.00332137565052725,-0.00205902306097051,0.00555624999999999));
#15239=CARTESIAN_POINT('',(-0.00335140940333284,-0.00213194620839978,0.0373129056323356));
#15240=CARTESIAN_POINT('',(-0.00335140940333284,-0.00213194620839978,0.00555624999999996));
#15241=CARTESIAN_POINT('',(-0.00335140940978624,-0.00213194622406888,0.03735705));
#15242=CARTESIAN_POINT('',(8.67361737988403E-19,0.,0.03735705));
#15243=CARTESIAN_POINT('',(-0.00306324381152361,-0.00252857214361931,0.03735705));
#15244=CARTESIAN_POINT('',(-0.00307449410485693,-0.00252942828815214,0.0373129056323356));
#15245=CARTESIAN_POINT('',(-0.00307449410485693,-0.00252942828815214,0.00555625));
#15246=CARTESIAN_POINT('',(-0.00299593719100326,-0.0025234951550622,0.0373129056323356));
#15247=CARTESIAN_POINT('',(-0.00299593719100326,-0.0025234951550622,0.00555625));
#15248=CARTESIAN_POINT('',(-0.00283711752497658,-0.00250982303197401,0.0373129056323356));
#15249=CARTESIAN_POINT('',(-0.00283711752497658,-0.00250982303197401,0.00555625));
#15250=CARTESIAN_POINT('',(-0.00260636209958962,-0.00245434236908399,0.0373129056323356));
#15251=CARTESIAN_POINT('',(-0.00260636209958962,-0.00245434236908399,0.00555625000000001));
#15252=CARTESIAN_POINT('',(-0.00240087340969672,-0.00232524819116004,0.0373129056323356));
#15253=CARTESIAN_POINT('',(-0.00240087340969672,-0.00232524819116004,0.00555624999999998));
#15254=CARTESIAN_POINT('',(-0.00213721484153491,-0.0023639001018417,0.0373129056323356));
#15255=CARTESIAN_POINT('',(-0.00213721484153491,-0.0023639001018417,0.00555625000000001));
#15256=CARTESIAN_POINT('',(-0.00205896171069079,-0.00261853659942283,0.0373129056323356));
#15257=CARTESIAN_POINT('',(-0.00205896171069079,-0.00261853659942283,0.00555624999999998));
#15258=CARTESIAN_POINT('',(-0.00216417638527197,-0.0028383446840854,0.0373129056323356));
#15259=CARTESIAN_POINT('',(-0.00216417638527197,-0.0028383446840854,0.00555625));
#15260=CARTESIAN_POINT('',(-0.00219944560623578,-0.00307235683550071,0.0373129056323356));
#15261=CARTESIAN_POINT('',(-0.00219944560623578,-0.00307235683550071,0.00555625000000001));
#15262=CARTESIAN_POINT('',(-0.0021967475108291,-0.00323193634702013,0.0373129056323356));
#15263=CARTESIAN_POINT('',(-0.0021967475108291,-0.00323193634702013,0.00555625));
#15264=CARTESIAN_POINT('',(-0.00219452419309271,-0.00331077078490626,0.0373129056323356));
#15265=CARTESIAN_POINT('',(-0.00219452419309271,-0.00331077078490626,0.00555625));
#15266=CARTESIAN_POINT('',(-0.00219452419261498,-0.00331077080184552,0.03735705));
#15267=CARTESIAN_POINT('',(8.67361737988403E-19,0.,0.03735705));
#15268=CARTESIAN_POINT('',(-0.0017699495241985,-0.00355589910094687,0.03735705));
#15269=CARTESIAN_POINT('',(-0.00177987895321703,-0.00356125713443993,0.0373129056323356));
#15270=CARTESIAN_POINT('',(-0.00177987895321703,-0.00356125713443993,0.00555625));
#15271=CARTESIAN_POINT('',(-0.00171052686403551,-0.0035238849722248,0.0373129056323356));
#15272=CARTESIAN_POINT('',(-0.00171052686403551,-0.0035238849722248,0.00555625));
#15273=CARTESIAN_POINT('',(-0.00157099883300114,-0.00344679708846714,0.0373129056323356));
#15274=CARTESIAN_POINT('',(-0.00157099883300114,-0.00344679708846714,0.00555624999999997));
#15275=CARTESIAN_POINT('',(-0.001382759280892,-0.00330225629380354,0.0373129056323356));
#15276=CARTESIAN_POINT('',(-0.001382759280892,-0.00330225629380354,0.00555625000000001));
#15277=CARTESIAN_POINT('',(-0.00124754335421282,-0.00310074311403592,0.0373129056323356));
#15278=CARTESIAN_POINT('',(-0.00124754335421282,-0.00310074311403592,0.00555624999999999));
#15279=CARTESIAN_POINT('',(-0.000990958118500944,-0.00302881379053605,0.0373129056323356));
#15280=CARTESIAN_POINT('',(-0.000990958118500944,-0.00302881379053605,0.00555624999999998));
#15281=CARTESIAN_POINT('',(-0.000815900332041257,-0.00322960739050161,0.0373129056323356));
#15282=CARTESIAN_POINT('',(-0.000815900332041257,-0.00322960739050161,0.00555625000000001));
#15283=CARTESIAN_POINT('',(-0.000822614717605661,-0.00347320673133968,0.0373129056323356));
#15284=CARTESIAN_POINT('',(-0.000822614717605661,-0.00347320673133968,0.00555624999999998));
#15285=CARTESIAN_POINT('',(-0.000759653437306119,-0.00370133275383702,0.0373129056323356));
#15286=CARTESIAN_POINT('',(-0.000759653437306119,-0.00370133275383702,0.00555625000000001));
#15287=CARTESIAN_POINT('',(-0.000692281769683985,-0.00384601847745001,0.0373129056323356));
#15288=CARTESIAN_POINT('',(-0.000692281769683985,-0.00384601847745001,0.00555624999999999));
#15289=CARTESIAN_POINT('',(-0.00065818581324044,-0.00391713301529409,0.0373129056323356));
#15290=CARTESIAN_POINT('',(-0.00065818581324044,-0.00391713301529409,0.00555624999999998));
#15291=CARTESIAN_POINT('',(-0.000658185805914195,-0.00391713303057457,0.03735705));
#15292=CARTESIAN_POINT('',(8.67361737988403E-19,0.,0.03735705));
#15293=CARTESIAN_POINT('',(-0.000170614884652836,-0.00396837879939153,0.03735705));
#15294=CARTESIAN_POINT('',(-0.000177506560873246,-0.00397731226917768,0.0373129056323356));
#15295=CARTESIAN_POINT('',(-0.000177506560873246,-0.00397731226917768,0.00555624999999999));
#15296=CARTESIAN_POINT('',(-0.000129350902627314,-0.00391496306419977,0.0373129056323356));
#15297=CARTESIAN_POINT('',(-0.000129350902627314,-0.00391496306419977,0.00555624999999999));
#15298=CARTESIAN_POINT('',(-3.32401707234524E-05,-0.00378778861519578,0.0373129056323356));
#15299=CARTESIAN_POINT('',(-3.32401707234524E-05,-0.00378778861519578,0.00555625000000001));
#15300=CARTESIAN_POINT('',(7.99351794455411E-05,-0.00357918010526783,0.0373129056323356));
#15301=CARTESIAN_POINT('',(7.99351794455411E-05,-0.00357918010526783,0.00555624999999999));
#15302=CARTESIAN_POINT('',(0.000121498280790032,-0.00334009138312814,0.0373129056323356));
#15303=CARTESIAN_POINT('',(0.000121498280790032,-0.00334009138312814,0.00555625000000001));
#15304=CARTESIAN_POINT('',(0.000326644265793727,-0.00317001805893726,0.0373129056323356));
#15305=CARTESIAN_POINT('',(0.000326644265793727,-0.00317001805893726,0.00555625));
#15306=CARTESIAN_POINT('',(0.000568237626240038,-0.00328224972370061,0.0373129056323356));
#15307=CARTESIAN_POINT('',(0.000568237626240038,-0.00328224972370061,0.00555625000000001));
#15308=CARTESIAN_POINT('',(0.000661184507954771,-0.00350751978165275,0.0373129056323356));
#15309=CARTESIAN_POINT('',(0.000661184507954771,-0.00350751978165275,0.00555624999999999));
#15310=CARTESIAN_POINT('',(0.000811489712168582,-0.00369031461348249,0.0373129056323356));
#15311=CARTESIAN_POINT('',(0.000811489712168582,-0.00369031461348249,0.00555625000000005));
#15312=CARTESIAN_POINT('',(0.000931885778621929,-0.00379508907314781,0.0373129056323356));
#15313=CARTESIAN_POINT('',(0.000931885778621929,-0.00379508907314781,0.00555625000000002));
#15314=CARTESIAN_POINT('',(0.000991958873151501,-0.00384618736130132,0.0373129056323356));
#15315=CARTESIAN_POINT('',(0.000991958873151501,-0.00384618736130132,0.00555625));
#15316=CARTESIAN_POINT('',(0.000991958886059489,-0.00384618737228088,0.03735705));
#15317=CARTESIAN_POINT('',(8.67361737988403E-19,0.,0.03735705));
#15318=CARTESIAN_POINT('',(0.00145822061843687,-0.00369468975183179,0.03735705));
#15319=CARTESIAN_POINT('',(0.00145555832844201,-0.00370565397982697,0.0373129056323356));
#15320=CARTESIAN_POINT('',(0.00145555832844201,-0.00370565397982697,0.00555625));
#15321=CARTESIAN_POINT('',(0.00147419100496121,-0.00362910847605172,0.0373129056323356));
#15322=CARTESIAN_POINT('',(0.00147419100496121,-0.00362910847605172,0.00555625));
#15323=CARTESIAN_POINT('',(0.00151026601904979,-0.00347383707937779,0.0373129056323356));
#15324=CARTESIAN_POINT('',(0.00151026601904979,-0.00347383707937779,0.00555625000000001));
#15325=CARTESIAN_POINT('',(0.00152880812106865,-0.00323723116070086,0.0373129056323356));
#15326=CARTESIAN_POINT('',(0.00152880812106865,-0.00323723116070086,0.00555624999999999));
#15327=CARTESIAN_POINT('',(0.00146953175926707,-0.00300190750829988,0.0373129056323356));
#15328=CARTESIAN_POINT('',(0.00146953175926707,-0.00300190750829988,0.00555625000000001));
#15329=CARTESIAN_POINT('',(0.00158776688906267,-0.00276309740623825,0.0373129056323356));
#15330=CARTESIAN_POINT('',(0.00158776688906267,-0.00276309740623825,0.00555625));
#15331=CARTESIAN_POINT('',(0.00185412213666766,-0.00276736126136914,0.0373129056323356));
#15332=CARTESIAN_POINT('',(0.00185412213666766,-0.00276736126136914,0.00555625));
#15333=CARTESIAN_POINT('',(0.00203065892541714,-0.00293535079690119,0.0373129056323356));
#15334=CARTESIAN_POINT('',(0.00203065892541714,-0.00293535079690119,0.00555625));
#15335=CARTESIAN_POINT('',(0.00224231891825674,-0.00304120755100103,0.0373129056323356));
#15336=CARTESIAN_POINT('',(0.00224231891825674,-0.00304120755100103,0.00555625000000001));
#15337=CARTESIAN_POINT('',(0.00239492180988759,-0.00308795429079648,0.0373129056323356));
#15338=CARTESIAN_POINT('',(0.00239492180988759,-0.00308795429079648,0.00555624999999999));
#15339=CARTESIAN_POINT('',(0.0024705848587121,-0.0031102009710243,0.0373129056323356));
#15340=CARTESIAN_POINT('',(0.0024705848587121,-0.0031102009710243,0.00555624999999999));
#15341=CARTESIAN_POINT('',(0.00247058487496992,-0.00311020097580448,0.03735705));
#15342=CARTESIAN_POINT('',(8.67361737988403E-19,0.,0.03735705));
#15343=CARTESIAN_POINT('',(0.00283491652908041,-0.00278215528097767,0.03735705));
#15344=CARTESIAN_POINT('',(0.00283694395943735,-0.00279325445255463,0.0373129056323356));
#15345=CARTESIAN_POINT('',(0.00283694395943735,-0.00279325445255463,0.00555625));
#15346=CARTESIAN_POINT('',(0.0028228318951871,-0.00271574806297884,0.0373129056323356));
#15347=CARTESIAN_POINT('',(0.0028228318951871,-0.00271574806297884,0.00555625));
#15348=CARTESIAN_POINT('',(0.00279263349379327,-0.00255922755371625,0.0373129056323356));
#15349=CARTESIAN_POINT('',(0.00279263349379327,-0.00255922755371625,0.00555625000000001));
#15350=CARTESIAN_POINT('',(0.00271333624977323,-0.00233553553912687,0.0373129056323356));
#15351=CARTESIAN_POINT('',(0.00271333624977323,-0.00233553553912687,0.00555625000000001));
#15352=CARTESIAN_POINT('',(0.00256346984628991,-0.00214466655381301,0.0373129056323356));
#15353=CARTESIAN_POINT('',(0.00256346984628991,-0.00214466655381301,0.00555625000000001));
#15354=CARTESIAN_POINT('',(0.00257435019280332,-0.00187841211004875,0.0373129056323356));
#15355=CARTESIAN_POINT('',(0.00257435019280332,-0.00187841211004875,0.00555625000000001));
#15356=CARTESIAN_POINT('',(0.00281941208549464,-0.00177397089625914,0.0373129056323356));
#15357=CARTESIAN_POINT('',(0.00281941208549464,-0.00177397089625914,0.00555625));
#15358=CARTESIAN_POINT('',(0.0030490139667177,-0.0018556329925406,0.0373129056323356));
#15359=CARTESIAN_POINT('',(0.0030490139667177,-0.0018556329925406,0.00555625));
#15360=CARTESIAN_POINT('',(0.00328543081255045,-0.00186624807444826,0.0373129056323356));
#15361=CARTESIAN_POINT('',(0.00328543081255045,-0.00186624807444826,0.00555625000000001));
#15362=CARTESIAN_POINT('',(0.00344385410304208,-0.00184688415838241,0.0373129056323356));
#15363=CARTESIAN_POINT('',(0.00344385410304208,-0.00184688415838241,0.00555624999999999));
#15364=CARTESIAN_POINT('',(0.00352202427764254,-0.00183643257756841,0.0373129056323356));
#15365=CARTESIAN_POINT('',(0.00352202427764254,-0.00183643257756841,0.00555624999999999));
#15366=CARTESIAN_POINT('',(0.00352202429443908,-0.00183643257532266,0.03735705));
#15367=CARTESIAN_POINT('',(8.67361737988403E-19,0.,0.03735705));
#15368=CARTESIAN_POINT('',(0.0037214296174378,-0.00138856088695526,0.03735705));
#15369=CARTESIAN_POINT('',(0.00372779620701921,-0.00139787585451553,0.0373129056323356));
#15370=CARTESIAN_POINT('',(0.00372779620701921,-0.00139787585451553,0.00555625000000001));
#15371=CARTESIAN_POINT('',(0.00368337950611245,-0.00133281013802032,0.0373129056323356));
#15372=CARTESIAN_POINT('',(0.00368337950611245,-0.00133281013802032,0.00555625000000001));
#15373=CARTESIAN_POINT('',(0.00359212926718107,-0.00120210433416475,0.0373129056323356));
#15374=CARTESIAN_POINT('',(0.00359212926718107,-0.00120210433416475,0.00555625000000001));
#15375=CARTESIAN_POINT('',(0.00342870389100603,-0.00103000460516357,0.0373129056323356));
#15376=CARTESIAN_POINT('',(0.00342870389100603,-0.00103000460516357,0.00555625000000001));
#15377=CARTESIAN_POINT('',(0.00321416070849677,-0.000916593268487899,0.0373129056323356));
#15378=CARTESIAN_POINT('',(0.00321416070849677,-0.000916593268487899,0.00555625000000002));
#15379=CARTESIAN_POINT('',(0.00311580496097098,-0.00066893229519353,0.0373129056323356));
#15380=CARTESIAN_POINT('',(0.00311580496097098,-0.00066893229519353,0.00555625000000001));
#15381=CARTESIAN_POINT('',(0.00329720007118489,-0.000473844847166285,0.0373129056323356));
#15382=CARTESIAN_POINT('',(0.00329720007118489,-0.000473844847166285,0.00555625000000002));
#15383=CARTESIAN_POINT('',(0.00354016679375046,-0.000455059385873212,0.0373129056323356));
#15384=CARTESIAN_POINT('',(0.00354016679375046,-0.000455059385873212,0.00555625000000001));
#15385=CARTESIAN_POINT('',(0.00376046187215226,-0.000368597351491891,0.0373129056323356));
#15386=CARTESIAN_POINT('',(0.00376046187215226,-0.000368597351491891,0.00555625000000001));
#15387=CARTESIAN_POINT('',(0.00389731273534826,-0.000286470976568171,0.0373129056323356));
#15388=CARTESIAN_POINT('',(0.00389731273534826,-0.000286470976568171,0.00555625000000001));
#15389=CARTESIAN_POINT('',(0.00396447370238251,-0.000245128307984711,0.0373129056323356));
#15390=CARTESIAN_POINT('',(0.00396447370238251,-0.000245128307984711,0.00555625000000001));
#15391=CARTESIAN_POINT('',(0.00396447371681348,-0.000245128299101356,0.03735705));
#15392=CARTESIAN_POINT('',(8.67361737988403E-19,0.,0.03735705));
#15393=CARTESIAN_POINT('',(0.00396447371681348,0.000245128299101354,0.03735705));
#15394=CARTESIAN_POINT('',(0.00397407862444208,0.000239208178072762,0.0373129056323356));
#15395=CARTESIAN_POINT('',(0.00397407862444208,0.000239208178072761,0.00555625000000001));
#15396=CARTESIAN_POINT('',(0.00390703733797865,0.00028058276800191,0.0373129056323356));
#15397=CARTESIAN_POINT('',(0.00390703733797866,0.00028058276800191,0.00555624999999998));
#15398=CARTESIAN_POINT('',(0.00377051325680335,0.000362873645538871,0.0373129056323356));
#15399=CARTESIAN_POINT('',(0.00377051325680335,0.000362873645538871,0.00555624999999998));
#15400=CARTESIAN_POINT('',(0.00355121748068691,0.000453623482330582,0.0373129056323356));
#15401=CARTESIAN_POINT('',(0.00355121748068691,0.000453623482330582,0.00555624999999999));
#15402=CARTESIAN_POINT('',(0.00330909398447119,0.000469967319947197,0.0373129056323356));
#15403=CARTESIAN_POINT('',(0.00330909398447119,0.000469967319947197,0.00555625000000001));
#15404=CARTESIAN_POINT('',(0.00311850874518733,0.000656211990559768,0.0373129056323356));
#15405=CARTESIAN_POINT('',(0.00311850874518733,0.000656211990559767,0.00555624999999999));
#15406=CARTESIAN_POINT('',(0.003204872210445,0.000908213280746911,0.0373129056323356));
#15407=CARTESIAN_POINT('',(0.003204872210445,0.00090821328074691,0.00555625000000001));
#15408=CARTESIAN_POINT('',(0.00341919262073811,0.00102419812269637,0.0373129056323356));
#15409=CARTESIAN_POINT('',(0.00341919262073811,0.00102419812269637,0.00555624999999999));
#15410=CARTESIAN_POINT('',(0.00358527491133533,0.00119278720213923,0.0373129056323356));
#15411=CARTESIAN_POINT('',(0.00358527491133533,0.00119278720213923,0.00555624999999999));
#15412=CARTESIAN_POINT('',(0.00367689058973805,0.00132347563960181,0.0373129056323356));
#15413=CARTESIAN_POINT('',(0.00367689058973805,0.00132347563960181,0.00555625000000001));
#15414=CARTESIAN_POINT('',(0.00372142960786765,0.0013885608729703,0.0373129056323356));
#15415=CARTESIAN_POINT('',(0.00372142960786765,0.0013885608729703,0.00555625000000001));
#15416=CARTESIAN_POINT('',(0.00164268099552136,0.0219317292493438,-0.0468354982054914));
#15417=CARTESIAN_POINT('',(0.001642452700873,0.0219386316679045,-0.0468355063132525));
#15418=CARTESIAN_POINT('',(0.00159525039529687,0.0219420868692179,-0.0468162786187072));
#15419=CARTESIAN_POINT('',(0.00159738635449826,0.021941931474564,-0.0468116487058082));
#15420=CARTESIAN_POINT('',(0.00159738635449826,0.0219291978449843,-0.0468116487058082));
#15421=CARTESIAN_POINT('',(0.00159738635449825,0.0219291978449843,-0.0468116487058082));
#15422=CARTESIAN_POINT('',(0.0016424524656454,0.021925896139286,-0.0468355063360169));
#15423=CARTESIAN_POINT('',(0.00159525039529687,0.0219293533298705,-0.0468162786187072));
#15424=CARTESIAN_POINT('',(0.00159523507812166,0.0219293533298705,-0.0468162813362705));
#15425=CARTESIAN_POINT('',(0.00159738635449826,-0.0220264,-0.046811352132161));
#15426=CARTESIAN_POINT('',(0.00159738635449826,0.021941931474564,-0.0639375));
#15427=CARTESIAN_POINT('',(0.00159738635449826,0.021941931474564,-0.0468158996582027));
#15428=CARTESIAN_POINT('',(0.00159738635449826,-0.0220264,-0.0468158996582027));
#15429=CARTESIAN_POINT('',(0.00159738635449826,0.0219291978449843,-0.0468158996582027));
#15430=CARTESIAN_POINT('',(0.00159738635449826,0.0219291978449843,-0.0639375));
#15431=CARTESIAN_POINT('',(0.00159738635449826,-0.0220264,-0.0468158996582027));
#15432=CARTESIAN_POINT('',(0.,0.,-0.0470993069154075));
#15433=CARTESIAN_POINT('',(0.,0.,-0.0470993069154075));
#15434=CARTESIAN_POINT('',(0.,0.,-0.0639375));
#15435=CARTESIAN_POINT('',(0.00159738635449826,-0.0220264,-0.046811352132161));
#15436=CARTESIAN_POINT('',(0.00159738635449826,-0.021941931474564,-0.0639375));
#15437=CARTESIAN_POINT('',(0.00159738635449825,-0.021941931474564,-0.0217137512941918));
#15438=CARTESIAN_POINT('',(0.00159738635449826,-0.021941931474564,-0.0217095003417974));
#15439=CARTESIAN_POINT('',(0.00159738635449826,0.0220264,-0.0217095003417974));
#15440=CARTESIAN_POINT('',(0.00159738635449826,-0.0219291978798424,-0.0217095003417974));
#15441=CARTESIAN_POINT('',(0.00159738635449826,-0.0219291978449843,-0.0639375));
#15442=CARTESIAN_POINT('',(0.00159738635449825,-0.0219291978449843,-0.0217137512941918));
#15443=CARTESIAN_POINT('',(0.00159738635449826,-0.0219291978408179,-0.0217137512941919));
#15444=CARTESIAN_POINT('',(0.00159738635449826,0.0220264,-0.0217095003417974));
#15445=CARTESIAN_POINT('',(0.,0.,-0.0214260930845925));
#15446=CARTESIAN_POINT('',(0.00159525039529687,-0.0219420868692179,-0.0217091213812928));
#15447=CARTESIAN_POINT('',(0.00159523507812166,-0.0219293533298705,-0.0217091186637295));
#15448=CARTESIAN_POINT('',(0.00159525039529687,-0.0219293533298705,-0.0217091213812928));
#15449=CARTESIAN_POINT('',(0.,0.,-0.0214260930845925));
#15450=CARTESIAN_POINT('',(0.00164268099552253,-0.0219317292493438,-0.0216899017945082));
#15451=CARTESIAN_POINT('',(0.0016424527008807,-0.0219386316678523,-0.0216898936867423));
#15452=CARTESIAN_POINT('',(0.00164245246564658,-0.0219258961392846,-0.0216898936639825));
#15453=CARTESIAN_POINT('',(0.,0.,-0.0639375));
#15454=CARTESIAN_POINT('',(0.000598175773828241,-0.00209053182812011,-0.0743625));
#15455=CARTESIAN_POINT('',(-0.00261394384342531,-0.00300982995814478,-0.0743517012909061));
#15456=CARTESIAN_POINT('',(-0.00261436280203935,-0.00300975378050756,-0.0743625));
#15457=CARTESIAN_POINT('',(0.000598175773828241,-0.00209053182812011,-0.0743625));
#15458=CARTESIAN_POINT('',(-0.00515027616178187,-0.00373536910763197,-0.0743625));
#15459=CARTESIAN_POINT('',(-0.00515113386674109,-0.003734722401649,-0.0744116378842043));
#15460=CARTESIAN_POINT('',(-0.00515027616178187,0.,-0.0743625));
#15461=CARTESIAN_POINT('',(-0.00515027616178187,0.,-0.0743625));
#15462=CARTESIAN_POINT('',(-0.00515027616178187,-0.00460239022303015,-0.0743625));
#15463=CARTESIAN_POINT('',(-0.00514776580164436,-0.00459906081461879,-0.0742186815640428));
#15464=CARTESIAN_POINT('',(0.000827486924295914,-0.0028919388385175,-0.0743625));
#15465=CARTESIAN_POINT('',(0.000827486924295914,-0.0028919388385175,-0.0743625));
#15466=CARTESIAN_POINT('',(-0.00260637752342447,-0.00387449002267389,-0.0743625));
#15467=CARTESIAN_POINT('',(-0.00260575779706583,-0.00387658214230336,-0.0744875));
#15468=CARTESIAN_POINT('',(-0.00174356790151116,-0.00278052421842704,-0.0743625));
#15469=CARTESIAN_POINT('',(-0.00175833869507945,-0.00354923218168042,-0.0743625));
#15470=CARTESIAN_POINT('',(-0.00215974160734221,-0.00373765920842222,-0.0743625000000259));
#15471=CARTESIAN_POINT('',(-0.00260637752342448,-0.00387449002267389,-0.0743625));
#15472=CARTESIAN_POINT('',(-0.00260907033565277,-0.00387531498922172,-0.0743625));
#15473=CARTESIAN_POINT('',(-0.00261176314788106,-0.00387613995576954,-0.0743625));
#15474=CARTESIAN_POINT('',(-0.00261445596010936,-0.00387696492231736,-0.0743625));
#15475=CARTESIAN_POINT('',(-0.00173920494064557,-0.00278060805286764,-0.0746125));
#15476=CARTESIAN_POINT('',(-0.00175401941089254,-0.0035515890930289,-0.0746125));
#15477=CARTESIAN_POINT('',(-0.0021579222216168,-0.0037416657805736,-0.0746125000000265));
#15478=CARTESIAN_POINT('',(-0.00260509926610028,-0.0038786623738026,-0.0746125));
#15479=CARTESIAN_POINT('',(-0.00260779534084536,-0.00387948833984832,-0.0746125));
#15480=CARTESIAN_POINT('',(-0.00261049141559045,-0.00388031430589404,-0.0746125));
#15481=CARTESIAN_POINT('',(-0.00261318749033553,-0.00388114027193975,-0.0746125));
#15482=CARTESIAN_POINT('',(-0.00174356790151116,-0.00278052421842704,-0.0743625));
#15483=CARTESIAN_POINT('',(-0.0017484660331382,-0.00303543488178175,-0.0743625));
#15484=CARTESIAN_POINT('',(-0.00185355865572097,-0.00357858840056875,-0.0743624999999999));
#15485=CARTESIAN_POINT('',(-0.0023621883244602,-0.00379968052858041,-0.0743625));
#15486=CARTESIAN_POINT('',(-0.00260637752342447,-0.00387449002267389,-0.0743625));
#15487=CARTESIAN_POINT('',(-0.0017435679015132,-0.002780524218427,-0.0743624999998831));
#15488=CARTESIAN_POINT('',(-0.00174356790151116,-0.00278052421842704,-0.0743625));
#15489=CARTESIAN_POINT('',(-0.00208122873985377,-0.00216667926703481,-0.0743625));
#15490=CARTESIAN_POINT('',(-0.00208046416520006,-0.00216727618325811,-0.0743625));
#15491=CARTESIAN_POINT('',(-0.00207969959054636,-0.00216787309948141,-0.0743625));
#15492=CARTESIAN_POINT('',(-0.00207893501589266,-0.00216847001570471,-0.0743625));
#15493=CARTESIAN_POINT('',(-0.00195418777601661,-0.00226586227286832,-0.0743624999999978));
#15494=CARTESIAN_POINT('',(-0.00173683451766267,-0.00243008588097981,-0.0743625));
#15495=CARTESIAN_POINT('',(-0.00174356790151116,-0.00278052421842704,-0.0743625));
#15496=CARTESIAN_POINT('',(-0.00207852679662193,-0.00216321933136265,-0.0746140000059982));
#15497=CARTESIAN_POINT('',(-0.00207776236919423,-0.00216381613265006,-0.0746140000059981));
#15498=CARTESIAN_POINT('',(-0.00207699794176653,-0.00216441293393747,-0.0746140000059981));
#15499=CARTESIAN_POINT('',(-0.00207623351433883,-0.00216500973522488,-0.0746140000059981));
#15500=CARTESIAN_POINT('',(-0.00195151029571104,-0.00226238323956314,-0.0746140000059959));
#15501=CARTESIAN_POINT('',(-0.00173240374146301,-0.00242800333369183,-0.0746140000059981));
#15502=CARTESIAN_POINT('',(-0.00173917876274898,-0.00278060855448542,-0.0746140000059981));
#15503=CARTESIAN_POINT('',(-0.00207893501589266,-0.00216847001570471,-0.0743625));
#15504=CARTESIAN_POINT('',(-0.00195418777601661,-0.00226586227286831,-0.0743624999999985));
#15505=CARTESIAN_POINT('',(-0.00173683451766266,-0.0024300858809798,-0.0743625));
#15506=CARTESIAN_POINT('',(-0.00174356790151116,-0.00278052421842704,-0.0743625));
#15507=CARTESIAN_POINT('',(-0.00207893501589266,-0.00216847001570471,-0.0743625));
#15508=CARTESIAN_POINT('',(-0.00207761630958225,-0.00216673146639228,-0.0744875));
#15509=CARTESIAN_POINT('',(-0.00176698993415807,-0.00239830097715821,-0.0743625));
#15510=CARTESIAN_POINT('',(-0.00176698993415807,-0.00239830097715821,-0.0743625));
#15511=CARTESIAN_POINT('',(-0.00427120498450266,-0.000553277008494693,-0.0743625));
#15512=CARTESIAN_POINT('',(-0.00426674684159596,-0.000554118641032903,-0.0744751782915466));
#15513=CARTESIAN_POINT('',(-0.000147797229452345,0.000551586769534467,-0.0743625));
#15514=CARTESIAN_POINT('',(-0.000147797229452345,0.000551586769534467,-0.0743625));
#15515=CARTESIAN_POINT('',(-0.00176554265297001,0.000118113189744077,-0.0743625));
#15516=CARTESIAN_POINT('',(-0.0017655150528081,0.000118092011394968,-0.0743640812122171));
#15517=CARTESIAN_POINT('',(-0.00176554265297002,7.24069852800057E-17,-0.0743625));
#15518=CARTESIAN_POINT('',(-0.00176554265297002,7.24069852800057E-17,-0.0743625));
#15519=CARTESIAN_POINT('',(-0.00176554265296997,0.000985238504519744,-0.0743625));
#15520=CARTESIAN_POINT('',(-0.00176496722789327,0.000985988413079877,-0.074395466080566));
#15521=CARTESIAN_POINT('',(-0.000364578558146122,0.00136062570235252,-0.0743625));
#15522=CARTESIAN_POINT('',(-0.000364578558146122,0.00136062570235252,-0.0743625));
#15523=CARTESIAN_POINT('',(-0.00427925012044304,0.000311692618602745,-0.0743625));
#15524=CARTESIAN_POINT('',(-0.00427925012044304,0.000311692618602744,-0.0743625));
#15525=CARTESIAN_POINT('',(-0.0051420055236052,-0.000782455820959796,-0.0743625));
#15526=CARTESIAN_POINT('',(-0.00514200546523516,-3.38649881595887E-05,-0.0743625));
#15527=CARTESIAN_POINT('',(-0.00475782463844397,0.000183459203941978,-0.0743625));
#15528=CARTESIAN_POINT('',(-0.00427925012044304,0.000311692618602745,-0.0743625));
#15529=CARTESIAN_POINT('',(-0.00514636928983727,-0.000782455820842834,-0.0746125));
#15530=CARTESIAN_POINT('',(-0.0051463692320037,-3.16217504589632E-05,-0.0746125));
#15531=CARTESIAN_POINT('',(-0.00475978841729067,0.000187450715130697,-0.0746125));
#15532=CARTESIAN_POINT('',(-0.00428037954556121,0.000315907693291364,-0.0746125));
#15533=CARTESIAN_POINT('',(-0.0051420055236052,-0.000782455820959796,-0.0743625));
#15534=CARTESIAN_POINT('',(-0.00514200546523516,-3.38649881595887E-05,-0.0743625));
#15535=CARTESIAN_POINT('',(-0.00475782463844397,0.000183459203941978,-0.0743625));
#15536=CARTESIAN_POINT('',(-0.00427925012044304,0.000311692618602745,-0.0743625));
#15537=CARTESIAN_POINT('',(-0.0051420055236052,-0.000782455820959796,-0.0743625));
#15538=CARTESIAN_POINT('',(-0.0051420055236052,-0.000782455820959796,-0.0743625));
#15539=CARTESIAN_POINT('',(-0.00488101091430779,-0.00132780435527401,-0.0743625));
#15540=CARTESIAN_POINT('',(-0.00488195817569824,-0.00132707471464468,-0.0743625));
#15541=CARTESIAN_POINT('',(-0.00488290543708869,-0.00132634507401534,-0.0743625));
#15542=CARTESIAN_POINT('',(-0.00488385269847915,-0.00132561543338601,-0.0743625));
#15543=CARTESIAN_POINT('',(-0.00504000245425924,-0.0012053390163096,-0.0743625));
#15544=CARTESIAN_POINT('',(-0.00514200542948208,-0.00102233781747419,-0.0743625));
#15545=CARTESIAN_POINT('',(-0.0051420055236052,-0.000782455820959795,-0.0743625));
#15546=CARTESIAN_POINT('',(-0.00488365556983838,-0.00133127549075673,-0.0746125));
#15547=CARTESIAN_POINT('',(-0.00488460893997511,-0.00133054114479984,-0.0746125));
#15548=CARTESIAN_POINT('',(-0.00488556231011183,-0.00132980679884295,-0.0746125));
#15549=CARTESIAN_POINT('',(-0.00488651568024856,-0.00132907245288606,-0.0746125));
#15550=CARTESIAN_POINT('',(-0.00504367242232419,-0.0012080203937791,-0.0746125));
#15551=CARTESIAN_POINT('',(-0.00514636919649068,-0.00102364612630241,-0.0746125));
#15552=CARTESIAN_POINT('',(-0.00514636928983725,-0.000782455821551359,-0.0746125));
#15553=CARTESIAN_POINT('',(-0.00488385269847914,-0.001325615433386,-0.0743625));
#15554=CARTESIAN_POINT('',(-0.00504000245425924,-0.00120533901630961,-0.0743625));
#15555=CARTESIAN_POINT('',(-0.00514200542948208,-0.0010223378174742,-0.0743625));
#15556=CARTESIAN_POINT('',(-0.0051420055236052,-0.000782455820959796,-0.0743625));
#15557=CARTESIAN_POINT('',(-0.00488385269847914,-0.001325615433386,-0.0743625));
#15558=CARTESIAN_POINT('',(-0.00488516863814838,-0.00132735592166542,-0.0744875));
#15559=CARTESIAN_POINT('',(-0.00236873439541906,-0.00319202919816003,-0.0743625));
#15560=CARTESIAN_POINT('',(-0.00236873439541906,-0.00319202919816003,-0.0743625));
#15561=CARTESIAN_POINT('',(-0.00507148524836815,-0.00109888772573114,-0.0743625));
#15562=CARTESIAN_POINT('',(0.00156126569935825,-0.00574621388654846,-0.0743625));
#15563=CARTESIAN_POINT('',(-0.00294725042564092,-0.00696951108483702,-0.0742695182252379));
#15564=CARTESIAN_POINT('',(-0.00294562742272532,-0.00697075195302291,-0.0743625));
#15565=CARTESIAN_POINT('',(-0.00343961259669489,-0.007104969391381,-0.0743625));
#15566=CARTESIAN_POINT('',(-0.00175210409451689,-0.00664646763807984,-0.0743625));
#15567=CARTESIAN_POINT('',(-0.00175365159418807,-0.00664528449596028,-0.0742738438032149));
#15568=CARTESIAN_POINT('',(-0.00175210409451689,0.,-0.0743625));
#15569=CARTESIAN_POINT('',(-0.00175210409451689,-0.00109888772573114,-0.0743625));
#15570=CARTESIAN_POINT('',(-0.00175210409451689,-0.00575842002486087,-0.0743625));
#15571=CARTESIAN_POINT('',(-0.00175084135512454,-0.00575677439084546,-0.0744348422913378));
#15572=CARTESIAN_POINT('',(0.00132223628691857,-0.00493465300239795,-0.0743625));
#15573=CARTESIAN_POINT('',(-0.00368424579870125,-0.00627613583415886,-0.0743625));
#15574=CARTESIAN_POINT('',(-0.00406999148612731,-0.00637949607958832,-0.0743625));
#15575=CARTESIAN_POINT('',(-0.00406999148612731,-0.00637949607958832,-0.0743625));
#15576=CARTESIAN_POINT('',(-0.005137442139964,-0.00773305256336264,-0.0743625));
#15577=CARTESIAN_POINT('',(-0.00513744201993285,-0.0071432262628442,-0.0743625));
#15578=CARTESIAN_POINT('',(-0.00465963045305297,-0.00653748947650166,-0.0743625));
#15579=CARTESIAN_POINT('',(-0.00406999148612731,-0.00637949607958832,-0.0743625));
#15580=CARTESIAN_POINT('',(-0.00514180590619607,-0.00773305256305113,-0.0746125));
#15581=CARTESIAN_POINT('',(-0.00514180578496645,-0.00714104391942999,-0.0746125));
#15582=CARTESIAN_POINT('',(-0.00466268564764954,-0.00653379041113104,-0.0746125));
#15583=CARTESIAN_POINT('',(-0.00407112091219816,-0.00637528100515498,-0.0746125));
#15584=CARTESIAN_POINT('',(-0.005137442139964,-0.00773305256336264,-0.0743625));
#15585=CARTESIAN_POINT('',(-0.00513744201993285,-0.0071432262628442,-0.0743625));
#15586=CARTESIAN_POINT('',(-0.00465963045305297,-0.00653748947650166,-0.0743625));
#15587=CARTESIAN_POINT('',(-0.00406999148612731,-0.00637949607958832,-0.0743625));
#15588=CARTESIAN_POINT('',(-0.005137442139964,-0.00773305256336264,-0.0743625));
#15589=CARTESIAN_POINT('',(-0.005137442139964,-0.00773305256336264,-0.0743625));
#15590=CARTESIAN_POINT('',(-0.005137442139964,0.,-0.0743625));
#15591=CARTESIAN_POINT('',(-0.005137442139964,-0.00109888772573114,-0.0743625));
#15592=CARTESIAN_POINT('',(-0.005137442139964,-0.0114222423628581,-0.0743625));
#15593=CARTESIAN_POINT('',(-0.00513430048522661,-0.0114181480786917,-0.074182514720638));
#15594=CARTESIAN_POINT('',(0.00251141722257204,-0.00937273667364876,-0.0743625));
#15595=CARTESIAN_POINT('',(-0.00249506486304752,-0.0107142195054105,-0.0743625));
#15596=CARTESIAN_POINT('',(-0.00424954121550887,-0.0111843300271917,-0.0743625));
#15597=CARTESIAN_POINT('',(-0.00425215471972734,-0.0111823246148717,-0.0742127724436019));
#15598=CARTESIAN_POINT('',(-0.00424954121550887,0.,-0.0743625));
#15599=CARTESIAN_POINT('',(-0.00424954121550887,-0.00109888772573114,-0.0743625));
#15600=CARTESIAN_POINT('',(-0.00424993470909977,-0.00752451396988007,-0.0743625071706544));
#15601=CARTESIAN_POINT('',(-0.00424954121023559,-0.00752453569933692,-0.0743625003021062));
#15602=CARTESIAN_POINT('',(-0.00424808664224369,-0.00752453569933692,-0.0744458324465511));
#15603=CARTESIAN_POINT('',(-0.0042466320742518,-0.00752453569933692,-0.074529164590996));
#15604=CARTESIAN_POINT('',(-0.00424517750625991,-0.00752453569933692,-0.0746124967354409));
#15605=CARTESIAN_POINT('',(-0.00395768090974514,-0.00754065259292759,-0.0746625));
#15606=CARTESIAN_POINT('',(-0.00395768090974514,-0.00754065259292759,-0.0743625));
#15607=CARTESIAN_POINT('',(-0.00404060455952844,-0.00725960666939422,-0.0743625006079285));
#15608=CARTESIAN_POINT('',(-0.00403945551453444,-0.00726388816907852,-0.0746124995200436));
#15609=CARTESIAN_POINT('',(-0.00403983199732889,-0.0072624831415472,-0.0745291663466957));
#15610=CARTESIAN_POINT('',(-0.00404020848012333,-0.00726107811401588,-0.0744458331733479));
#15611=CARTESIAN_POINT('',(-0.00404058496291778,-0.00725967308648457,-0.0743625));
#15612=CARTESIAN_POINT('',(0.00153063855357488,-0.00578580125207459,-0.0743625));
#15613=CARTESIAN_POINT('',(-0.00348082064201485,-0.00711158696787093,-0.0743625));
#15614=CARTESIAN_POINT('',(-0.00379659092527532,-0.00719512426004086,-0.0743625));
#15615=CARTESIAN_POINT('',(-0.00379441185362403,-0.00719229374911332,-0.074237661068707));
#15616=CARTESIAN_POINT('',(-0.00379659092527532,0.,-0.0743625));
#15617=CARTESIAN_POINT('',(-0.00379659092527532,-0.00109888772573114,-0.0743625));
#15618=CARTESIAN_POINT('',(-0.00379659092527532,-0.0110637879107614,-0.0743625));
#15619=CARTESIAN_POINT('',(-0.00379402611812807,-0.0110604592742015,-0.0742155622969441));
#15620=CARTESIAN_POINT('',(0.0024805710223176,-0.00940886502878116,-0.0743625));
#15621=CARTESIAN_POINT('',(-0.00253220387627817,-0.0107304425109558,-0.0743625));
#15622=CARTESIAN_POINT('',(-0.00294562742272532,-0.0108394382788963,-0.0743625));
#15623=CARTESIAN_POINT('',(-0.00294817089624513,-0.0108374784617324,-0.0742167844996406));
#15624=CARTESIAN_POINT('',(-0.00294562742272532,0.,-0.0743625));
#15625=CARTESIAN_POINT('',(-0.00294562742272531,-0.00109888772573114,-0.0743625));
#15626=CARTESIAN_POINT('',(-0.00507148524836815,-0.00109888772573114,-0.0743625));
#15627=CARTESIAN_POINT('',(-0.00436799411720777,0.,-0.0743625));
#15628=CARTESIAN_POINT('',(-0.00436802283371796,0.0166486018704376,-0.074360854832233));
#15629=CARTESIAN_POINT('',(-0.00436799411720777,0.0166486392554483,-0.0743625));
#15630=CARTESIAN_POINT('',(-0.00436799411720777,-0.00109888772573114,-0.0743625));
#15631=CARTESIAN_POINT('',(-0.00436799411720777,0.0183713444433561,-0.0743625));
#15632=CARTESIAN_POINT('',(-0.00436822605362098,0.018371041390913,-0.0743492123717867));
#15633=CARTESIAN_POINT('',(-0.00493083461920178,0.0182190160506146,-0.0743625));
#15634=CARTESIAN_POINT('',(-0.00993330808007439,0.016865135618544,-0.0743625));
#15635=CARTESIAN_POINT('',(-0.00514694854924082,0.0181605265007417,-0.0743625));
#15636=CARTESIAN_POINT('',(-0.00514271589547059,0.018157287105858,-0.0741200114279074));
#15637=CARTESIAN_POINT('',(-0.00514694854924114,9.10313195964961E-17,-0.0743625));
#15638=CARTESIAN_POINT('',(-0.00514694854924116,-0.00109888772573114,-0.0743625));
#15639=CARTESIAN_POINT('',(-0.00514694854924089,0.0138449191825797,-0.0743625));
#15640=CARTESIAN_POINT('',(-0.00514641103511363,0.0138456215085631,-0.0743317058362727));
#15641=CARTESIAN_POINT('',(-0.00384256207089764,0.0141979412111219,-0.0743625));
#15642=CARTESIAN_POINT('',(-0.00884503553177039,0.0128440607790516,-0.0743625));
#15643=CARTESIAN_POINT('',(-0.00436799411720785,0.014055737125194,-0.0743625));
#15644=CARTESIAN_POINT('',(-0.00436786724960055,0.0140556400290694,-0.0743697682403499));
#15645=CARTESIAN_POINT('',(-0.00436799411720777,0.,-0.0743625));
#15646=CARTESIAN_POINT('',(-0.00436799411720777,-0.00109888772573114,-0.0743625));
#15647=CARTESIAN_POINT('',(-0.00436799411720785,0.0157816508537904,-0.0743625));
#15648=CARTESIAN_POINT('',(-0.00436430247862227,0.0157788151992122,-0.0745739938329178));
#15649=CARTESIAN_POINT('',(-0.00422201198748647,0.0158206087921189,-0.0743625));
#15650=CARTESIAN_POINT('',(-0.00923008764473016,0.0144841143665912,-0.0743625));
#15651=CARTESIAN_POINT('',(-0.00176554265296979,0.0164761615027319,-0.0743625));
#15652=CARTESIAN_POINT('',(-0.00176613737922979,0.0164766183292074,-0.0743284281553585));
#15653=CARTESIAN_POINT('',(-0.00176554265297002,7.24069852800057E-17,-0.0743625));
#15654=CARTESIAN_POINT('',(-0.00176554265297006,-0.00109888772573128,-0.0743625));
#15655=CARTESIAN_POINT('',(-0.00176554265296976,0.0173431499043905,-0.0743625));
#15656=CARTESIAN_POINT('',(-0.0017724161907985,0.0173342014881538,-0.0739687152814981));
#15657=CARTESIAN_POINT('',(-0.00443800092719046,0.0166299566879924,-0.0743625));
#15658=CARTESIAN_POINT('',(-0.00944607658443383,0.0152934622624637,-0.0743625));
#15659=CARTESIAN_POINT('',(-0.00507148524836815,-0.00109888772573114,-0.0743625));
#15660=CARTESIAN_POINT('',(-0.00829336370359009,0.00832662933297636,-0.0743625));
#15661=CARTESIAN_POINT('',(-0.0026225769877884,0.013972248659473,-0.0744644685049691));
#15662=CARTESIAN_POINT('',(-0.00262436001699717,0.0139729848424875,-0.0743625));
#15663=CARTESIAN_POINT('',(-0.0113886965430469,0.00524366262523342,-0.0743625));
#15664=CARTESIAN_POINT('',(-0.00176554265296983,0.0148283711542847,-0.0743625));
#15665=CARTESIAN_POINT('',(-0.00176670827013395,0.0148288553359476,-0.0742957218373674));
#15666=CARTESIAN_POINT('',(-0.00176554265297002,7.24069852800057E-17,-0.0743625));
#15667=CARTESIAN_POINT('',(-0.00176554265297006,-0.00109888772573128,-0.0743625));
#15668=CARTESIAN_POINT('',(-0.00176554265296983,0.0159309629457351,-0.0743625));
#15669=CARTESIAN_POINT('',(-0.00177735547640479,0.0159021531049637,-0.0736857437986335));
#15670=CARTESIAN_POINT('',(-0.00886007207971591,0.0087341511040881,-0.0743625));
#15671=CARTESIAN_POINT('',(-0.0119089077752177,0.0056413600933266,-0.0743625));
#15672=CARTESIAN_POINT('',(-0.00471691718401915,0.0129370382050588,-0.0743625));
#15673=CARTESIAN_POINT('',(-0.00471847947186503,0.0129385613648954,-0.0744875));
#15674=CARTESIAN_POINT('',(-0.00514200548363084,0.012068342511681,-0.0743625));
#15675=CARTESIAN_POINT('',(-0.00513985471577374,0.0124976414202145,-0.0743625));
#15676=CARTESIAN_POINT('',(-0.00494986184466084,0.0126954539084957,-0.0743624999999814));
#15677=CARTESIAN_POINT('',(-0.00471691718401915,0.0129370382050588,-0.0743625));
#15678=CARTESIAN_POINT('',(-0.00471551390361185,0.0129384935314404,-0.0743625));
#15679=CARTESIAN_POINT('',(-0.00471411062320454,0.012939948857822,-0.0743625));
#15680=CARTESIAN_POINT('',(-0.00471270734279724,0.0129414041842036,-0.0743625));
#15681=CARTESIAN_POINT('',(-0.00514636919510248,0.0120683643730779,-0.0746125000000024));
#15682=CARTESIAN_POINT('',(-0.00514421054803507,0.0124992362143868,-0.0746125000000024));
#15683=CARTESIAN_POINT('',(-0.00495296219284715,0.0126985253542561,-0.0746124999999838));
#15684=CARTESIAN_POINT('',(-0.00472005849367679,0.0129400671701235,-0.0746125000000024));
#15685=CARTESIAN_POINT('',(-0.00471865546002522,0.0129415222405974,-0.0746125000000025));
#15686=CARTESIAN_POINT('',(-0.00471725242637365,0.0129429773110713,-0.0746125000000026));
#15687=CARTESIAN_POINT('',(-0.00471584939272208,0.0129444323815452,-0.0746125000000027));
#15688=CARTESIAN_POINT('',(-0.00514200548363084,0.012068342511681,-0.0743625));
#15689=CARTESIAN_POINT('',(-0.00513985471577382,0.0124976414202146,-0.0743625000000045));
#15690=CARTESIAN_POINT('',(-0.0049498618446609,0.0126954539084957,-0.0743624999999859));
#15691=CARTESIAN_POINT('',(-0.00471691718401915,0.0129370382050588,-0.0743625));
#15692=CARTESIAN_POINT('',(-0.00514200548363097,0.012068342511681,-0.0743625000000073));
#15693=CARTESIAN_POINT('',(-0.00514200548363084,0.012068342511681,-0.0743625));
#15694=CARTESIAN_POINT('',(-0.0047160059582502,0.0114320927851901,-0.0743624999999992));
#15695=CARTESIAN_POINT('',(-0.0049497405425786,0.0115434088393809,-0.0743624999999992));
#15696=CARTESIAN_POINT('',(-0.00514356986554097,0.0117560387251587,-0.0743625000000057));
#15697=CARTESIAN_POINT('',(-0.00514200548363083,0.012068342511681,-0.0743624999999992));
#15698=CARTESIAN_POINT('',(-0.00471788227957934,0.011428153004232,-0.0746124999999973));
#15699=CARTESIAN_POINT('',(-0.00495266452527551,0.0115399680064228,-0.0746124999999973));
#15700=CARTESIAN_POINT('',(-0.00514794388113945,0.0117540039218683,-0.0746125000000039));
#15701=CARTESIAN_POINT('',(-0.00514636919510833,0.0120683643718918,-0.0746124999999973));
#15702=CARTESIAN_POINT('',(-0.00471600595825021,0.0114320927851901,-0.0743625));
#15703=CARTESIAN_POINT('',(-0.00494974054257859,0.0115434088393809,-0.0743624999999986));
#15704=CARTESIAN_POINT('',(-0.00514356986554095,0.0117560387251587,-0.0743625000000051));
#15705=CARTESIAN_POINT('',(-0.00514200548363084,0.012068342511681,-0.0743625));
#15706=CARTESIAN_POINT('',(-0.0047160059582502,0.0114320927851901,-0.074362499999999));
#15707=CARTESIAN_POINT('',(-0.00471600595825021,0.0114320927851901,-0.0743625));
#15708=CARTESIAN_POINT('',(0.00357242376712638,0.00746630437906638,-0.0743625));
#15709=CARTESIAN_POINT('',(-0.000126464066611954,0.0092361216994304,-0.0743625));
#15710=CARTESIAN_POINT('',(-0.0017655426529699,0.0100203762651176,-0.0743625));
#15711=CARTESIAN_POINT('',(-0.00176268435279863,0.0100158400089853,-0.074526251907124));
#15712=CARTESIAN_POINT('',(-0.00176554265297002,7.24069852800057E-17,-0.0743625));
#15713=CARTESIAN_POINT('',(-0.00176554265297006,-0.00109888772573128,-0.0743625));
#15714=CARTESIAN_POINT('',(-0.0017655426529699,0.0111210227846173,-0.0743625));
#15715=CARTESIAN_POINT('',(-0.0017677662886033,0.0111195628651534,-0.0742351079998622));
#15716=CARTESIAN_POINT('',(0.00377788990378795,0.00871912011380126,-0.0743625));
#15717=CARTESIAN_POINT('',(-9.11019044087281E-05,0.0103955077422832,-0.0743625));
#15718=CARTESIAN_POINT('',(-0.00261374272141077,0.0114885376752406,-0.0743625));
#15719=CARTESIAN_POINT('',(-0.00261236027417296,0.0114894495488566,-0.074441922876981));
#15720=CARTESIAN_POINT('',(-0.00256459956969147,-1.0959827220765E-05,-0.0743625));
#15721=CARTESIAN_POINT('',(-0.00255999617208807,-0.00108815486643094,-0.0743625));
#15722=CARTESIAN_POINT('',(-0.00507148524836815,-0.00109888772573114,-0.0743625));
#15723=CARTESIAN_POINT('',(-0.00829218097154636,0.00833160071069931,-0.0743625));
#15724=CARTESIAN_POINT('',(-0.0043087363535418,0.0122961982483859,-0.0743625));
#15725=CARTESIAN_POINT('',(-0.00326581344847919,0.0133341867176418,-0.0743625));
#15726=CARTESIAN_POINT('',(0.003913452905517,0.00851916900830174,-0.0743625));
#15727=CARTESIAN_POINT('',(-0.00326581344847919,0.0118171104794884,-0.0743625));
#15728=CARTESIAN_POINT('',(-0.00326581344847919,0.,-0.0743625));
#15729=CARTESIAN_POINT('',(-0.00829218097154636,0.00833160071069931,-0.0743625));
#15730=CARTESIAN_POINT('',(0.00252189149724165,0.0190883512761772,-0.0746125));
#15731=CARTESIAN_POINT('',(-0.00430120260546369,0.0122975396362403,-0.0746125));
#15732=CARTESIAN_POINT('',(-0.00327017721471124,0.0133236868825191,-0.0746125));
#15733=CARTESIAN_POINT('',(-0.00430188676593279,0.0122974178211047,-0.0745897968095693));
#15734=CARTESIAN_POINT('',(-0.00327100154822944,0.0133217034201687,-0.0746597260356286));
#15735=CARTESIAN_POINT('',(0.003913452905517,0.00851916900830174,-0.0743625));
#15736=CARTESIAN_POINT('',(0.00152251112397669,0.00962229873032935,-0.0746125));
#15737=CARTESIAN_POINT('',(-0.00327017721471124,0.0118239172316173,-0.0746125));
#15738=CARTESIAN_POINT('',(-0.00326020324437391,0.0118083594908456,-0.0740410916220679));
#15739=CARTESIAN_POINT('',(-0.00326581344847919,0.,-0.0743625));
#15740=CARTESIAN_POINT('',(-0.00327017721471124,0.0167860323653229,-0.0746125));
#15741=CARTESIAN_POINT('',(-0.00958876768730372,-0.00978448372419386,-0.0743625));
#15742=CARTESIAN_POINT('',(-0.00348578236979387,-0.0157574845894848,-0.0740389137602357));
#15743=CARTESIAN_POINT('',(-0.00348479126887736,-0.0157663641682633,-0.0743625));
#15744=CARTESIAN_POINT('',(-0.0116264074538475,-0.00778760224300868,-0.0743625));
#15745=CARTESIAN_POINT('',(-0.00178859633334304,-0.0174286306350164,-0.0743625));
#15746=CARTESIAN_POINT('',(-0.00180120959371188,-0.0173986093313065,-0.0736398867974304));
#15747=CARTESIAN_POINT('',(-0.00178859633334304,0.,-0.0743625));
#15748=CARTESIAN_POINT('',(-0.00178859633334304,-0.00109888772573114,-0.0743625));
#15749=CARTESIAN_POINT('',(-0.00178859633334304,-0.0161018019109807,-0.0743625));
#15750=CARTESIAN_POINT('',(-0.00178987734706423,-0.0161023683448376,-0.0742891107730645));
#15751=CARTESIAN_POINT('',(-0.00882486175158679,-0.00970103326280474,-0.0743625));
#15752=CARTESIAN_POINT('',(-0.011052930648792,-0.0076741976198186,-0.0743625));
#15753=CARTESIAN_POINT('',(-0.00296528265513764,-0.0150313907667745,-0.0743625));
#15754=CARTESIAN_POINT('',(-0.00296379295617619,-0.0150297963219337,-0.0744875));
#15755=CARTESIAN_POINT('',(-0.00348535024151776,-0.0147681143267875,-0.0743625));
#15756=CARTESIAN_POINT('',(-0.00327078879627652,-0.0147681145127404,-0.0743625));
#15757=CARTESIAN_POINT('',(-0.00312181761477497,-0.0148811851455842,-0.0743625));
#15758=CARTESIAN_POINT('',(-0.00296528265513764,-0.0150313907667745,-0.0743625));
#15759=CARTESIAN_POINT('',(-0.0034853502402208,-0.0147637505605554,-0.0746125000000027));
#15760=CARTESIAN_POINT('',(-0.00326905231792994,-0.0147637507450073,-0.0746125000000027));
#15761=CARTESIAN_POINT('',(-0.00311892213551936,-0.0148779157289622,-0.0746125000000027));
#15762=CARTESIAN_POINT('',(-0.00296226132179059,-0.0150282421161851,-0.0746125000000027));
#15763=CARTESIAN_POINT('',(-0.00348535024151776,-0.0147681143267875,-0.0743625));
#15764=CARTESIAN_POINT('',(-0.00327078879627652,-0.0147681145127404,-0.0743625));
#15765=CARTESIAN_POINT('',(-0.00312181761477497,-0.0148811851455842,-0.0743625));
#15766=CARTESIAN_POINT('',(-0.00296528265513764,-0.0150313907667745,-0.0743625));
#15767=CARTESIAN_POINT('',(-0.00348535024151776,-0.0147681143267874,-0.0743625000000091));
#15768=CARTESIAN_POINT('',(-0.00348535024151776,-0.0147681143267875,-0.0743625));
#15769=CARTESIAN_POINT('',(-0.00400815453150778,-0.0150352298037878,-0.0743625));
#15770=CARTESIAN_POINT('',(-0.00400740089358991,-0.0150341369525844,-0.0743625));
#15771=CARTESIAN_POINT('',(-0.00400664725567204,-0.0150330441013809,-0.0743625));
#15772=CARTESIAN_POINT('',(-0.00400589361775416,-0.0150319512501774,-0.0743625));
#15773=CARTESIAN_POINT('',(-0.00388245505946447,-0.0148529528561404,-0.0743624999999879));
#15774=CARTESIAN_POINT('',(-0.00369955223380937,-0.0147681143029877,-0.0743625));
#15775=CARTESIAN_POINT('',(-0.00348535024151777,-0.0147681143267875,-0.0743625));
#15776=CARTESIAN_POINT('',(-0.00401178391849752,-0.0150327599979962,-0.0746140000088305));
#15777=CARTESIAN_POINT('',(-0.00401102507502189,-0.0150316595981097,-0.0746140000088304));
#15778=CARTESIAN_POINT('',(-0.00401026623154625,-0.0150305591982232,-0.0746140000088303));
#15779=CARTESIAN_POINT('',(-0.00400950738807062,-0.0150294587983367,-0.0746140000088303));
#15780=CARTESIAN_POINT('',(-0.0038852162100685,-0.014849224003469,-0.0746140000088182));
#15781=CARTESIAN_POINT('',(-0.00370076155154677,-0.0147637243524058,-0.0746140000088303));
#15782=CARTESIAN_POINT('',(-0.00348535024133842,-0.014763724377804,-0.0746140000088303));
#15783=CARTESIAN_POINT('',(-0.00400589361775414,-0.0150319512501773,-0.0743625));
#15784=CARTESIAN_POINT('',(-0.00388245505946448,-0.0148529528561404,-0.0743624999999907));
#15785=CARTESIAN_POINT('',(-0.00369955223380936,-0.0147681143029876,-0.0743625000000028));
#15786=CARTESIAN_POINT('',(-0.00348535024151776,-0.0147681143267875,-0.0743625));
#15787=CARTESIAN_POINT('',(-0.00400589361775414,-0.0150319512501773,-0.0743625));
#15788=CARTESIAN_POINT('',(-0.00400770925283368,-0.0150307407726582,-0.0744875));
#15789=CARTESIAN_POINT('',(0.00401294211374068,-0.0025853807333091,-0.0743625));
#15790=CARTESIAN_POINT('',(0.00202505666916064,-0.00567091050270482,-0.0743625));
#15791=CARTESIAN_POINT('',(-0.00516624537996241,-0.0168330107201916,-0.0743625));
#15792=CARTESIAN_POINT('',(-0.00516775394548921,-0.0168325668383555,-0.074448925661148));
#15793=CARTESIAN_POINT('',(-0.0051662453799624,0.,-0.0743625));
#15794=CARTESIAN_POINT('',(-0.0051662453799624,-0.00109888772573114,-0.0743625));
#15795=CARTESIAN_POINT('',(-0.00516624537996241,-0.0183713444433561,-0.0743625));
#15796=CARTESIAN_POINT('',(-0.00514746304734129,-0.0183076123673541,-0.0732864608848003));
#15797=CARTESIAN_POINT('',(0.00472387394683308,-0.00304915063814326,-0.0743625));
#15798=CARTESIAN_POINT('',(0.00273163128954749,-0.00613561775681985,-0.0743625));
#15799=CARTESIAN_POINT('',(-0.00507148524836815,-0.00109888772573114,-0.0743625));
#15800=CARTESIAN_POINT('',(-0.0083405289043815,-0.00897215752170861,-0.0743625));
#15801=CARTESIAN_POINT('',(-0.00347901408404988,-0.0134850701927973,-0.0746292664737715));
#15802=CARTESIAN_POINT('',(-0.00347820829947819,-0.0134921768648201,-0.0743625));
#15803=CARTESIAN_POINT('',(-0.0105130683354607,-0.00695256213709994,-0.0743625));
#15804=CARTESIAN_POINT('',(-0.00515010373520145,-0.0119379807672801,-0.0743625));
#15805=CARTESIAN_POINT('',(-0.00515860743701937,-0.011918700676249,-0.0748397984386917));
#15806=CARTESIAN_POINT('',(-0.00515027616178187,0.,-0.0743625));
#15807=CARTESIAN_POINT('',(-0.00515027616178187,-0.00109888772573114,-0.0743625));
#15808=CARTESIAN_POINT('',(-0.00515027616178187,-0.0132220133783841,-0.0743625));
#15809=CARTESIAN_POINT('',(-0.00515097456627641,-0.0132223154418978,-0.074402511566695));
#15810=CARTESIAN_POINT('',(-0.00901375209766049,-0.0095911065404143,-0.0743625));
#15811=CARTESIAN_POINT('',(-0.0111583373094176,-0.00757561861213063,-0.0743625));
#15812=CARTESIAN_POINT('',(-0.00399768812160359,-0.0143052192442681,-0.0743625));
#15813=CARTESIAN_POINT('',(-0.00399915282575425,-0.014306836926916,-0.0744875));
#15814=CARTESIAN_POINT('',(-0.00347765704709057,-0.0145679656735028,-0.0743625));
#15815=CARTESIAN_POINT('',(-0.00369221566144655,-0.0145679655692382,-0.0743625));
#15816=CARTESIAN_POINT('',(-0.00381344024945683,-0.0144659203406362,-0.0743625));
#15817=CARTESIAN_POINT('',(-0.00399768812160359,-0.0143052192442681,-0.0743625));
#15818=CARTESIAN_POINT('',(-0.00399881410216044,-0.0143042371634013,-0.0743625));
#15819=CARTESIAN_POINT('',(-0.00399994008271729,-0.0143032550825346,-0.0743625));
#15820=CARTESIAN_POINT('',(-0.00400106606327414,-0.0143022730016678,-0.0743625));
#15821=CARTESIAN_POINT('',(-0.00347765704779114,-0.0145723294397349,-0.0746125000000014));
#15822=CARTESIAN_POINT('',(-0.00369390637264494,-0.014572329339275,-0.0746125000000014));
#15823=CARTESIAN_POINT('',(-0.00381643122138743,-0.0144691020101747,-0.0746125000000014));
#15824=CARTESIAN_POINT('',(-0.00400055645729007,-0.0143085078771326,-0.0746125000000014));
#15825=CARTESIAN_POINT('',(-0.004001681688389,-0.014307526449943,-0.0746125000000014));
#15826=CARTESIAN_POINT('',(-0.00400280691948793,-0.0143065450227535,-0.0746125000000014));
#15827=CARTESIAN_POINT('',(-0.00400393215058686,-0.0143055635955639,-0.0746125000000014));
#15828=CARTESIAN_POINT('',(-0.00347765704709057,-0.0145679656735028,-0.0743625));
#15829=CARTESIAN_POINT('',(-0.00369221566144655,-0.0145679655692382,-0.0743625));
#15830=CARTESIAN_POINT('',(-0.00381344024945683,-0.0144659203406362,-0.0743625));
#15831=CARTESIAN_POINT('',(-0.00399768812160359,-0.0143052192442681,-0.0743625));
#15832=CARTESIAN_POINT('',(-0.00347765704709057,-0.0145679656735026,-0.0743624999999858));
#15833=CARTESIAN_POINT('',(-0.00347765704709057,-0.0145679656735028,-0.0743625));
#15834=CARTESIAN_POINT('',(-0.00295717396972322,-0.0143047113945003,-0.0743625));
#15835=CARTESIAN_POINT('',(-0.00309679119532131,-0.0144997922704768,-0.0743625));
#15836=CARTESIAN_POINT('',(-0.00326358147758483,-0.014567965820598,-0.0743624999999822));
#15837=CARTESIAN_POINT('',(-0.00347765704709057,-0.0145679656735028,-0.0743625));
#15838=CARTESIAN_POINT('',(-0.00295362538352308,-0.0143072510778878,-0.0746125000000016));
#15839=CARTESIAN_POINT('',(-0.00309403918416945,-0.014503444976513,-0.0746125000000016));
#15840=CARTESIAN_POINT('',(-0.00326252804817064,-0.0145723295896479,-0.0746124999999838));
#15841=CARTESIAN_POINT('',(-0.00347765704815386,-0.0145723294397349,-0.0746125000000016));
#15842=CARTESIAN_POINT('',(-0.00295717396972322,-0.0143047113945003,-0.0743625));
#15843=CARTESIAN_POINT('',(-0.00309679119532127,-0.0144997922704769,-0.0743625000000042));
#15844=CARTESIAN_POINT('',(-0.00326358147758481,-0.0145679658205981,-0.0743624999999864));
#15845=CARTESIAN_POINT('',(-0.00347765704709057,-0.0145679656735028,-0.0743625));
#15846=CARTESIAN_POINT('',(-0.0029571739697232,-0.0143047113945004,-0.074362500000002));
#15847=CARTESIAN_POINT('',(-0.00295717396972322,-0.0143047113945003,-0.0743625));
#15848=CARTESIAN_POINT('',(0.00480537911036149,-0.00343023511808089,-0.0743625));
#15849=CARTESIAN_POINT('',(0.00257384270110925,-0.00655637023007613,-0.0743625));
#15850=CARTESIAN_POINT('',(-0.00178090313861517,-0.0126568863663732,-0.0743625));
#15851=CARTESIAN_POINT('',(-0.00178213789200725,-0.0126564908754609,-0.0742917610255439));
#15852=CARTESIAN_POINT('',(-0.0017809031386149,3.79975709368422E-17,-0.0743625));
#15853=CARTESIAN_POINT('',(-0.00178090313861492,-0.00109888772573122,-0.0743625));
#15854=CARTESIAN_POINT('',(-0.00178090313861513,-0.0109901435894024,-0.0743625));
#15855=CARTESIAN_POINT('',(-0.0017709258647443,-0.0109576633530135,-0.07493409763724));
#15856=CARTESIAN_POINT('',(0.00388613715079701,-0.00263624017580991,-0.0743625));
#15857=CARTESIAN_POINT('',(0.00177730972234154,-0.00574490709073652,-0.0743625));
#15858=CARTESIAN_POINT('',(-0.00507148524836815,-0.00109888772573114,-0.0743625));
#15859=CARTESIAN_POINT('',(-0.00259352519297067,0.,-0.0743625));
#15860=CARTESIAN_POINT('',(-0.00259345183400881,0.00903465442208599,-0.0743582972678899));
#15861=CARTESIAN_POINT('',(-0.00259352519297067,0.0090345590128167,-0.0743625));
#15862=CARTESIAN_POINT('',(-0.00259352519297067,-0.00109888772573114,-0.0743625));
#15863=CARTESIAN_POINT('',(-0.00259352519297067,0.00611849200002933,-0.0743625));
#15864=CARTESIAN_POINT('',(-0.00259316739168724,0.00611895998377002,-0.0743420015782009));
#15865=CARTESIAN_POINT('',(-0.00172635652095895,0.00635409476442017,-0.0743625));
#15866=CARTESIAN_POINT('',(-0.00672725200668469,0.0049953916206208,-0.0743625));
#15867=CARTESIAN_POINT('',(-0.0017655426529699,0.00634344820703688,-0.0743625));
#15868=CARTESIAN_POINT('',(-0.00176553319839745,0.0063434409784565,-0.0743630416520849));
#15869=CARTESIAN_POINT('',(-0.00176554265297002,7.24069852800057E-17,-0.0743625));
#15870=CARTESIAN_POINT('',(-0.00176554265297006,-0.00109888772573128,-0.0743625));
#15871=CARTESIAN_POINT('',(-0.0017655426529699,0.0090827404247332,-0.0743625));
#15872=CARTESIAN_POINT('',(-0.0017655426529699,0.0090827404247332,-0.0743625));
#15873=CARTESIAN_POINT('',(-0.00282394008350056,0.009843493402917,-0.0743625));
#15874=CARTESIAN_POINT('',(-0.00281903345757301,0.00984464748890719,-0.0743625));
#15875=CARTESIAN_POINT('',(-0.00281412683164546,0.00984580157489737,-0.0743625));
#15876=CARTESIAN_POINT('',(-0.00280922020571791,0.00984695566088755,-0.0743625));
#15877=CARTESIAN_POINT('',(-0.00240210764095458,0.00994271248326567,-0.0743625));
#15878=CARTESIAN_POINT('',(-0.00214068523608439,0.00989595924990802,-0.0743625));
#15879=CARTESIAN_POINT('',(-0.00182212472662689,0.00960912233747443,-0.0743625));
#15880=CARTESIAN_POINT('',(-0.00176554258970479,0.00936983430793837,-0.0743625));
#15881=CARTESIAN_POINT('',(-0.0017655426529699,0.00908274042473321,-0.0743625));
#15882=CARTESIAN_POINT('',(-0.00282495644225655,0.00984773719641872,-0.0746125));
#15883=CARTESIAN_POINT('',(-0.00282004404879123,0.00984889263900583,-0.0746125));
#15884=CARTESIAN_POINT('',(-0.00281513165532591,0.00985004808159294,-0.0746125));
#15885=CARTESIAN_POINT('',(-0.00281021926186059,0.00985120352418005,-0.0746125));
#15886=CARTESIAN_POINT('',(-0.00240262815295549,0.00994707290611818,-0.0746125));
#15887=CARTESIAN_POINT('',(-0.00213917816118561,0.00990047431442373,-0.0746125));
#15888=CARTESIAN_POINT('',(-0.00181779189372989,0.00961109304969315,-0.0746125));
#15889=CARTESIAN_POINT('',(-0.00176117882302206,0.00937020232878478,-0.0746125));
#15890=CARTESIAN_POINT('',(-0.00176117888673785,0.00908274042440156,-0.0746125));
#15891=CARTESIAN_POINT('',(-0.00280922020571791,0.00984695566088755,-0.0743625));
#15892=CARTESIAN_POINT('',(-0.00240210764095458,0.00994271248326567,-0.0743625));
#15893=CARTESIAN_POINT('',(-0.00214068523608439,0.00989595924990803,-0.0743625));
#15894=CARTESIAN_POINT('',(-0.00182212472662689,0.00960912233747444,-0.0743625));
#15895=CARTESIAN_POINT('',(-0.00176554258970478,0.00936983430793837,-0.0743625));
#15896=CARTESIAN_POINT('',(-0.0017655426529699,0.0090827404247332,-0.0743625));
#15897=CARTESIAN_POINT('',(-0.00280922020571791,0.00984695566088755,-0.0743625));
#15898=CARTESIAN_POINT('',(-0.00280975149346886,0.00984907212234913,-0.0744875));
#15899=CARTESIAN_POINT('',(-0.00264076997484636,0.00989192550137811,-0.0743625));
#15900=CARTESIAN_POINT('',(-0.00764870699944363,0.00855499572682255,-0.0743625));
#15901=CARTESIAN_POINT('',(-0.00515776822160724,0.00921998216781166,-0.0743625));
#15902=CARTESIAN_POINT('',(-0.0051556116828678,0.00921832581885959,-0.0742389519783623));
#15903=CARTESIAN_POINT('',(-0.00515776822160724,0.,-0.0743625));
#15904=CARTESIAN_POINT('',(-0.00515776822160724,-0.00109888772573114,-0.0743625));
#15905=CARTESIAN_POINT('',(-0.00515776822160724,0.00835286294512483,-0.0743625));
#15906=CARTESIAN_POINT('',(-0.0051566443234451,0.00835432466567935,-0.0742981119174143));
#15907=CARTESIAN_POINT('',(-0.00241446456726134,0.00908216172561003,-0.0743625));
#15908=CARTESIAN_POINT('',(-0.0074240363531828,0.00775038258098716,-0.0743625));
#15909=CARTESIAN_POINT('',(-0.00507148524836815,-0.00109888772573114,-0.0743625));
#15910=CARTESIAN_POINT('',(-0.00408516223530419,0.000762845340389123,-0.0743625));
#15911=CARTESIAN_POINT('',(-0.00408945213422272,0.000761793550265476,-0.0743625));
#15912=CARTESIAN_POINT('',(-0.00409374203314125,0.000760741760141829,-0.0743625));
#15913=CARTESIAN_POINT('',(-0.00409803193205978,0.000759689970018181,-0.0743625));
#15914=CARTESIAN_POINT('',(-0.00481039214487651,0.000585034704113422,-0.0743625));
#15915=CARTESIAN_POINT('',(-0.00514172670765306,0.000948703287920604,-0.0743625));
#15916=CARTESIAN_POINT('',(-0.00514172668986943,0.0015240358053171,-0.0743625));
#15917=CARTESIAN_POINT('',(-0.00408407762036437,0.000758618253978075,-0.0746125));
#15918=CARTESIAN_POINT('',(-0.00408838270875948,0.000757562739708174,-0.0746125));
#15919=CARTESIAN_POINT('',(-0.0040926877971546,0.000756507225438274,-0.0746125));
#15920=CARTESIAN_POINT('',(-0.00409699288554971,0.000755451711168373,-0.0746125));
#15921=CARTESIAN_POINT('',(-0.00481187539061131,0.000580178031247836,-0.0746125));
#15922=CARTESIAN_POINT('',(-0.0051460904749774,0.000946397068577379,-0.0746125));
#15923=CARTESIAN_POINT('',(-0.00514609045610149,0.00152403580536763,-0.0746125));
#15924=CARTESIAN_POINT('',(-0.00514172668986943,0.0015240358053171,-0.0743625));
#15925=CARTESIAN_POINT('',(-0.00514172668986943,0.0015240358053171,-0.0743625));
#15926=CARTESIAN_POINT('',(-0.00409803193205978,0.000759689970018181,-0.0743625));
#15927=CARTESIAN_POINT('',(-0.00481039214487651,0.00058503470411342,-0.0743625));
#15928=CARTESIAN_POINT('',(-0.00514172670765306,0.000948703287920601,-0.0743625));
#15929=CARTESIAN_POINT('',(-0.00514172668986943,0.0015240358053171,-0.0743625));
#15930=CARTESIAN_POINT('',(-0.00409803193205978,0.000759689970018181,-0.0743625));
#15931=CARTESIAN_POINT('',(-0.00409748886005016,0.000757576614236983,-0.0744875));
#15932=CARTESIAN_POINT('',(-0.00046666967024216,0.00173591609003596,-0.0743625));
#15933=CARTESIAN_POINT('',(-0.00547184404125109,0.000390365411273112,-0.0743625));
#15934=CARTESIAN_POINT('',(-0.00280758867204422,0.00110660232026041,-0.0743625));
#15935=CARTESIAN_POINT('',(-0.00280700246363587,0.00110450056092047,-0.0744875));
#15936=CARTESIAN_POINT('',(-0.00176554265485531,0.00242812333106217,-0.0743625));
#15937=CARTESIAN_POINT('',(-0.00176317966907552,0.00166023528987166,-0.0743625));
#15938=CARTESIAN_POINT('',(-0.00201974289831733,0.00133432704269714,-0.0743625));
#15939=CARTESIAN_POINT('',(-0.00280758867204425,0.0011066023202604,-0.0743625));
#15940=CARTESIAN_POINT('',(-0.00281232891659724,0.00110523216519819,-0.0743625));
#15941=CARTESIAN_POINT('',(-0.00281706916115023,0.00110386201013598,-0.0743625));
#15942=CARTESIAN_POINT('',(-0.00282180940570322,0.00110249185507377,-0.0743625));
#15943=CARTESIAN_POINT('',(-0.00176117890928172,0.00242813675921615,-0.0746125000001202));
#15944=CARTESIAN_POINT('',(-0.00175881099494418,0.00165864722969212,-0.0746125000001202));
#15945=CARTESIAN_POINT('',(-0.00201727435088353,0.00133049816669977,-0.0746125000001202));
#15946=CARTESIAN_POINT('',(-0.00280637691849058,0.00110241017175737,-0.0746125000001202));
#15947=CARTESIAN_POINT('',(-0.00281112472481586,0.00110103783098753,-0.0746125000001202));
#15948=CARTESIAN_POINT('',(-0.00281587253114115,0.0010996654902177,-0.0746125000001202));
#15949=CARTESIAN_POINT('',(-0.00282062033746643,0.00109829314944786,-0.0746125000001202));
#15950=CARTESIAN_POINT('',(-0.00176554265485531,0.00242812333106217,-0.0743625));
#15951=CARTESIAN_POINT('',(-0.00176317966907552,0.00166023528987167,-0.0743625));
#15952=CARTESIAN_POINT('',(-0.00201974289831732,0.00133432704269715,-0.0743625));
#15953=CARTESIAN_POINT('',(-0.00280758867204422,0.00110660232026041,-0.0743625));
#15954=CARTESIAN_POINT('',(-0.00176554265485531,0.00242812333106217,-0.0743625));
#15955=CARTESIAN_POINT('',(-0.00176554265485531,0.00242812333106217,-0.0743625));
#15956=CARTESIAN_POINT('',(-0.00176554265297002,7.24069852800057E-17,-0.0743625));
#15957=CARTESIAN_POINT('',(-0.00176554265297006,-0.00109888772573128,-0.0743625));
#15958=CARTESIAN_POINT('',(-0.00176554265485531,0.00498550896332171,-0.0743625));
#15959=CARTESIAN_POINT('',(-0.00176554265485531,0.00498550640154744,-0.0743625));
#15960=CARTESIAN_POINT('',(-0.00280926903481613,0.00574971525420655,-0.0743625));
#15961=CARTESIAN_POINT('',(-0.00223416299583203,0.00590381442795119,-0.0743625));
#15962=CARTESIAN_POINT('',(-0.00176317952795164,0.00565589417477088,-0.0743625));
#15963=CARTESIAN_POINT('',(-0.00176554265485531,0.00498551024420885,-0.0743625));
#15964=CARTESIAN_POINT('',(-0.00281040523723193,0.0057539556195856,-0.0746140000244846));
#15965=CARTESIAN_POINT('',(-0.00223327585360444,0.00590859694767146,-0.0746140000244846));
#15966=CARTESIAN_POINT('',(-0.00175877876484514,0.00565895375583585,-0.0746140000244846));
#15967=CARTESIAN_POINT('',(-0.00176115273287411,0.00498549476918123,-0.0746140000244846));
#15968=CARTESIAN_POINT('',(-0.00280926903481613,0.00574971525420655,-0.0743625));
#15969=CARTESIAN_POINT('',(-0.00223416299583203,0.00590381442795119,-0.0743625));
#15970=CARTESIAN_POINT('',(-0.00176317952795164,0.00565589417477088,-0.0743625));
#15971=CARTESIAN_POINT('',(-0.00176554265485531,0.00498551024420885,-0.0743625));
#15972=CARTESIAN_POINT('',(-0.00280926903481613,0.00574971525420655,-0.0743625));
#15973=CARTESIAN_POINT('',(-0.00280926903481613,0.00574971525420655,-0.0743625));
#15974=CARTESIAN_POINT('',(-0.00163087061365079,0.00606650637537821,-0.0743625));
#15975=CARTESIAN_POINT('',(-0.00663604498335071,0.00472095569255496,-0.0743625));
#15976=CARTESIAN_POINT('',(-0.00409965180327062,0.00540281916488981,-0.0743625));
#15977=CARTESIAN_POINT('',(-0.00409965180327062,0.00540281916488981,-0.0743625));
#15978=CARTESIAN_POINT('',(-0.00514172668986943,0.00408139773683567,-0.0743625));
#15979=CARTESIAN_POINT('',(-0.00515806529615802,0.00477390158477775,-0.0743625));
#15980=CARTESIAN_POINT('',(-0.00467436967554733,0.00524882397769909,-0.0743625));
#15981=CARTESIAN_POINT('',(-0.00409965180327062,0.00540281916488981,-0.0743625));
#15982=CARTESIAN_POINT('',(-0.00514611541749428,0.00408129419088174,-0.0746140000078593));
#15983=CARTESIAN_POINT('',(-0.0051625100691128,0.00477617347019922,-0.0746140000078593));
#15984=CARTESIAN_POINT('',(-0.00467700739205118,0.00525266201332429,-0.0746140000078593));
#15985=CARTESIAN_POINT('',(-0.00410078800566158,0.00540705952997508,-0.0746140000078593));
#15986=CARTESIAN_POINT('',(-0.00514172668986943,0.00408139773683567,-0.0743625));
#15987=CARTESIAN_POINT('',(-0.00515806529615802,0.00477390158477775,-0.0743625));
#15988=CARTESIAN_POINT('',(-0.00467436967554733,0.00524882397769909,-0.0743625));
#15989=CARTESIAN_POINT('',(-0.00409965180327062,0.00540281916488981,-0.0743625));
#15990=CARTESIAN_POINT('',(-0.00514172668986943,0.00408139773683567,-0.0743625));
#15991=CARTESIAN_POINT('',(-0.00514390857298546,0.00408137202053168,-0.0744875));
#15992=CARTESIAN_POINT('',(-0.00514172668986943,0.,-0.0743625));
#15993=CARTESIAN_POINT('',(-0.00514172668986943,-0.00109888772573114,-0.0743625));
#15994=CARTESIAN_POINT('',(-0.00507148524836815,-0.00109888772573114,-0.0743625));
#15995=CARTESIAN_POINT('',(-0.00262925767036915,0.,-0.0743625));
#15996=CARTESIAN_POINT('',(-0.00262925767036915,0.00493425689564309,-0.0743625));
#15997=CARTESIAN_POINT('',(-0.00262925767036915,0.0020182133354913,-0.0743625));
#15998=CARTESIAN_POINT('',(-0.00141329222292463,0.00526091392424395,-0.0743625));
#15999=CARTESIAN_POINT('',(-0.00427801167247018,0.00449133552452027,-0.0743625));
#16000=CARTESIAN_POINT('',(-0.00427801167247008,-1.04342700015208E-16,-0.0743625));
#16001=CARTESIAN_POINT('',(-0.00427801167247011,0.00157529196436845,-0.0743625));
#16002=CARTESIAN_POINT('',(-0.000682654402105837,0.00254114895081825,-0.0743625));
#16003=CARTESIAN_POINT('',(-0.00262925767036915,0.,-0.0743625));
#16004=CARTESIAN_POINT('',(-0.0026336214366012,0.0167860323653229,-0.0746125));
#16005=CARTESIAN_POINT('',(-0.0026336214366012,0.00492856612877148,-0.0746125));
#16006=CARTESIAN_POINT('',(-0.0026336214366012,0.0020215595375336,-0.0746125));
#16007=CARTESIAN_POINT('',(-0.00262875781127494,0.00493490875951997,-0.0743338630916718));
#16008=CARTESIAN_POINT('',(-0.00262878637777381,0.00201785194119079,-0.0743354996652962));
#16009=CARTESIAN_POINT('',(-0.00141329222292463,0.00526091392424395,-0.0743625));
#16010=CARTESIAN_POINT('',(0.00728304678204759,0.00759258045642546,-0.0746125));
#16011=CARTESIAN_POINT('',(-0.00427364790623813,0.00448798932247798,-0.0746125));
#16012=CARTESIAN_POINT('',(-0.00427696285709538,0.00449053127700506,-0.07442258659258));
#16013=CARTESIAN_POINT('',(-0.00427801167247008,-1.04342700015208E-16,-0.0743625));
#16014=CARTESIAN_POINT('',(-0.00427364790623843,0.0167860323653226,-0.0746125));
#16015=CARTESIAN_POINT('',(-0.00427364790623806,0.00158098273124005,-0.0746125));
#16016=CARTESIAN_POINT('',(-0.00427653369294996,0.00157721939045933,-0.0744471733900005));
#16017=CARTESIAN_POINT('',(-0.000682654402105837,0.00254114895081825,-0.0743625));
#16018=CARTESIAN_POINT('',(0.00801142031869621,0.00488124417448268,-0.0746125));
#16019=CARTESIAN_POINT('',(0.00481331732595436,0.0167860323653229,-0.0746125));
#16020=CARTESIAN_POINT('',(0.00481331732595436,0.0167860323653229,-0.0746125));
#16021=CARTESIAN_POINT('',(0.,-0.00473688996550325,-0.0636875));
#16022=CARTESIAN_POINT('',(0.0198895167743482,-0.00488797319115511,-0.0654143891712707));
#16023=CARTESIAN_POINT('',(0.0200406,-0.00473688996550325,-0.0636875));
#16024=CARTESIAN_POINT('',(0.,-0.00473688996550325,-0.0636875));
#16025=CARTESIAN_POINT('',(0.0220507461038961,-0.00473688996550325,-0.0636875));
#16026=CARTESIAN_POINT('',(0.0218845086734097,-0.00490312739598971,-0.0655876025251369));
#16027=CARTESIAN_POINT('',(0.0220507461038961,0.,-0.0636875));
#16028=CARTESIAN_POINT('',(0.0220507461038961,0.,-0.0636875));
#16029=CARTESIAN_POINT('',(0.0220507461038961,-0.00577578759131494,-0.0636875));
#16030=CARTESIAN_POINT('',(0.0218845086734097,-0.0059420250218014,-0.0655876025251369));
#16031=CARTESIAN_POINT('',(0.,-0.00577578759131494,-0.0636875));
#16032=CARTESIAN_POINT('',(0.,-0.00577578759131494,-0.0636875));
#16033=CARTESIAN_POINT('',(0.02242185,-0.00577578759131494,-0.0636875));
#16034=CARTESIAN_POINT('',(0.0223783071609645,-0.00573224475227939,-0.0631898030724129));
#16035=CARTESIAN_POINT('',(0.02242185,0.,-0.0636875));
#16036=CARTESIAN_POINT('',(0.02242185,0.,-0.0636875));
#16037=CARTESIAN_POINT('',(0.02242185,-0.00424788326907467,-0.0636875));
#16038=CARTESIAN_POINT('',(0.0222528148701595,-0.00441691839891521,-0.0617554196249186));
#16039=CARTESIAN_POINT('',(0.,-0.00424788326907467,-0.0636875));
#16040=CARTESIAN_POINT('',(0.,-0.00424788326907467,-0.0636875));
#16041=CARTESIAN_POINT('',(0.0200406,-0.00424788326907467,-0.0636875));
#16042=CARTESIAN_POINT('',(0.0200085758137738,-0.0042158590828485,-0.0640535381235186));
#16043=CARTESIAN_POINT('',(0.0200406,0.,-0.0636875));
#16044=CARTESIAN_POINT('',(0.0200406,0.,-0.0636875));
#16045=CARTESIAN_POINT('',(0.,0.,-0.0636875));
#16046=CARTESIAN_POINT('',(0.,0.00368494571834415,-0.0636875));
#16047=CARTESIAN_POINT('',(0.0198895167743482,0.00353386249269229,-0.0654143891712707));
#16048=CARTESIAN_POINT('',(0.0200406,0.00368494571834415,-0.0636875));
#16049=CARTESIAN_POINT('',(0.,0.00368494571834415,-0.0636875));
#16050=CARTESIAN_POINT('',(0.02242185,0.00368494571834415,-0.0636875));
#16051=CARTESIAN_POINT('',(0.022449630280305,0.00365716543803921,-0.064005030056871));
#16052=CARTESIAN_POINT('',(0.02242185,0.,-0.0636875));
#16053=CARTESIAN_POINT('',(0.02242185,0.,-0.0636875));
#16054=CARTESIAN_POINT('',(0.02242185,0.00417395241477273,-0.0636875));
#16055=CARTESIAN_POINT('',(0.0222528148701595,0.00400491728493219,-0.0617554196249186));
#16056=CARTESIAN_POINT('',(0.,0.00417395241477273,-0.0636875));
#16057=CARTESIAN_POINT('',(0.,0.00417395241477273,-0.0636875));
#16058=CARTESIAN_POINT('',(0.021370388961039,0.00417395241477273,-0.0636875));
#16059=CARTESIAN_POINT('',(0.021209280646035,0.00401284409976875,-0.0618460235330948));
#16060=CARTESIAN_POINT('',(0.021370388961039,0.,-0.0636875));
#16061=CARTESIAN_POINT('',(0.021370388961039,0.,-0.0636875));
#16062=CARTESIAN_POINT('',(0.021370388961039,0.00512828860592533,-0.0636875));
#16063=CARTESIAN_POINT('',(0.0214090503975557,0.00508962716940861,-0.0641294022414859));
#16064=CARTESIAN_POINT('',(0.,0.00512828860592533,-0.0636875));
#16065=CARTESIAN_POINT('',(0.,0.00512828860592533,-0.0636875));
#16066=CARTESIAN_POINT('',(0.02242185,0.00512828860592533,-0.0636875));
#16067=CARTESIAN_POINT('',(0.0224605114365167,0.00508962716940861,-0.0641294022414859));
#16068=CARTESIAN_POINT('',(0.02242185,0.,-0.0636875));
#16069=CARTESIAN_POINT('',(0.02242185,0.,-0.0636875));
#16070=CARTESIAN_POINT('',(0.02242185,0.0056172953023539,-0.0636875));
#16071=CARTESIAN_POINT('',(0.0222528148701595,0.00544826017251336,-0.0617554196249186));
#16072=CARTESIAN_POINT('',(0.,0.0056172953023539,-0.0636875));
#16073=CARTESIAN_POINT('',(0.,0.0056172953023539,-0.0636875));
#16074=CARTESIAN_POINT('',(0.0200406,0.0056172953023539,-0.0636875));
#16075=CARTESIAN_POINT('',(0.0200829479882698,0.00557494731408415,-0.0632034602791601));
#16076=CARTESIAN_POINT('',(0.0200406,0.,-0.0636875));
#16077=CARTESIAN_POINT('',(0.0200406,0.,-0.0636875));
#16078=CARTESIAN_POINT('',(0.0200406,0.00512828860592533,-0.0636875));
#16079=CARTESIAN_POINT('',(0.0198895167743482,0.00497720538027346,-0.0654143891712707));
#16080=CARTESIAN_POINT('',(0.,0.00512828860592533,-0.0636875));
#16081=CARTESIAN_POINT('',(0.,0.00512828860592533,-0.0636875));
#16082=CARTESIAN_POINT('',(0.020999285064935,0.00512828860592533,-0.0636875));
#16083=CARTESIAN_POINT('',(0.0208409744492851,0.00496997799027542,-0.0654969986169607));
#16084=CARTESIAN_POINT('',(0.020999285064935,0.,-0.0636875));
#16085=CARTESIAN_POINT('',(0.020999285064935,0.,-0.0636875));
#16086=CARTESIAN_POINT('',(0.020999285064935,0.00417395241477273,-0.0636875));
#16087=CARTESIAN_POINT('',(0.021030751896993,0.00414248558271474,-0.063327832463775));
#16088=CARTESIAN_POINT('',(0.,0.00417395241477273,-0.0636875));
#16089=CARTESIAN_POINT('',(0.,0.00417395241477273,-0.0636875));
#16090=CARTESIAN_POINT('',(0.0200406,0.00417395241477273,-0.0636875));
#16091=CARTESIAN_POINT('',(0.020072066832058,0.00414248558271474,-0.063327832463775));
#16092=CARTESIAN_POINT('',(0.0200406,0.,-0.0636875));
#16093=CARTESIAN_POINT('',(0.0200406,0.,-0.0636875));
#16094=CARTESIAN_POINT('',(0.,0.,-0.0636875));
#16095=CARTESIAN_POINT('',(0.,-0.0132389382102273,-0.0668625));
#16096=CARTESIAN_POINT('',(0.015490000008,-0.0132608103761087,-0.0671125));
#16097=CARTESIAN_POINT('',(0.014800387259849,-0.0132608103761087,-0.0671125));
#16098=CARTESIAN_POINT('',(0.0154377388730796,-0.0132608103761087,-0.0671125));
#16099=CARTESIAN_POINT('',(0.0147105165255435,-0.0133506811104143,-0.0681397271935999));
#16100=CARTESIAN_POINT('',(0.0148222594257305,-0.0132389382102273,-0.0668625));
#16101=CARTESIAN_POINT('',(0.,-0.0132389382102273,-0.0668625));
#16102=CARTESIAN_POINT('',(0.0154596110389611,-0.0132389382102273,-0.0668625));
#16103=CARTESIAN_POINT('',(0.0153430632358469,-0.0133554860133414,-0.0681946474853666));
#16104=CARTESIAN_POINT('',(0.0154596110389611,0.,-0.0668625));
#16105=CARTESIAN_POINT('',(0.0154377388730796,-1.25047070642635E-18,-0.0671125));
#16106=CARTESIAN_POINT('',(0.0154377388730796,-0.0138498411695341,-0.0671125));
#16107=CARTESIAN_POINT('',(0.0154596110389611,0.,-0.0668625));
#16108=CARTESIAN_POINT('',(0.0154596110389611,-0.0138279690036526,-0.0668625));
#16109=CARTESIAN_POINT('',(0.0153430632358469,-0.0139445168067667,-0.0681946474853666));
#16110=CARTESIAN_POINT('',(0.,-0.0138279690036526,-0.0668625));
#16111=CARTESIAN_POINT('',(0.015490000008,-0.0138498411695341,-0.0671125));
#16112=CARTESIAN_POINT('',(0.0159144377502971,-0.0138498411695341,-0.0671125));
#16113=CARTESIAN_POINT('',(0.,-0.0138279690036526,-0.0668625));
#16114=CARTESIAN_POINT('',(0.0158925655844156,-0.0138279690036526,-0.0668625));
#16115=CARTESIAN_POINT('',(0.0157883184979369,-0.0137237219171738,-0.0656709503491375));
#16116=CARTESIAN_POINT('',(0.0158925655844156,0.,-0.0668625));
#16117=CARTESIAN_POINT('',(0.0159144377502971,-1.25047070642635E-18,-0.0671125));
#16118=CARTESIAN_POINT('',(0.0159144377502971,-0.0132608103761087,-0.0671125));
#16119=CARTESIAN_POINT('',(0.0158925655844156,0.,-0.0668625));
#16120=CARTESIAN_POINT('',(0.0158925655844156,-0.0132389382102273,-0.0668625));
#16121=CARTESIAN_POINT('',(0.0157927591170939,-0.0131391317429056,-0.0657217068583594));
#16122=CARTESIAN_POINT('',(0.,-0.0132389382102273,-0.0668625));
#16123=CARTESIAN_POINT('',(0.015490000008,-0.0132608103761087,-0.0671125));
#16124=CARTESIAN_POINT('',(0.0165798154390146,-0.0132608103761087,-0.0671125));
#16125=CARTESIAN_POINT('',(0.,-0.0132389382102273,-0.0668625));
#16126=CARTESIAN_POINT('',(0.0165579432731331,-0.0132389382102273,-0.0668625));
#16127=CARTESIAN_POINT('',(0.0164581368058114,-0.0131391317429056,-0.0657217068583594));
#16128=CARTESIAN_POINT('',(0.0165579432731331,0.,-0.0668625));
#16129=CARTESIAN_POINT('',(0.0165798154390146,-1.25047070642635E-18,-0.0671125));
#16130=CARTESIAN_POINT('',(0.0165798154390146,-0.0127686488365536,-0.0671125));
#16131=CARTESIAN_POINT('',(0.0165579432731331,0.,-0.0668625));
#16132=CARTESIAN_POINT('',(0.0165579432731331,-0.0127905210024351,-0.0668625));
#16133=CARTESIAN_POINT('',(0.0164331152999255,-0.0129153489756427,-0.0654357097373887));
#16134=CARTESIAN_POINT('',(0.,-0.0127905210024351,-0.0668625));
#16135=CARTESIAN_POINT('',(0.015490000008,-0.0127686488365536,-0.0671125));
#16136=CARTESIAN_POINT('',(0.0159144377502971,-0.0127686488365536,-0.0671125));
#16137=CARTESIAN_POINT('',(0.,-0.0127905210024351,-0.0668625));
#16138=CARTESIAN_POINT('',(0.0158925655844156,-0.0127905210024351,-0.0668625));
#16139=CARTESIAN_POINT('',(0.0157727537987216,-0.012910332788129,-0.0654930450230314));
#16140=CARTESIAN_POINT('',(0.0158925655844156,0.,-0.0668625));
#16141=CARTESIAN_POINT('',(0.0159144377502971,-1.25047070642635E-18,-0.0671125));
#16142=CARTESIAN_POINT('',(0.0159144377502971,-0.0121781684185341,-0.0671125));
#16143=CARTESIAN_POINT('',(0.0158925655844156,0.,-0.0668625));
#16144=CARTESIAN_POINT('',(0.0158925655844156,-0.0122000405844156,-0.0668625));
#16145=CARTESIAN_POINT('',(0.0157727537987216,-0.0123198523701095,-0.0654930450230314));
#16146=CARTESIAN_POINT('',(0.,-0.0122000405844156,-0.0668625));
#16147=CARTESIAN_POINT('',(0.015490000008,-0.0121781684185341,-0.0671125));
#16148=CARTESIAN_POINT('',(0.0154377388730796,-0.0121781684185341,-0.0671125));
#16149=CARTESIAN_POINT('',(0.,-0.0122000405844156,-0.0668625));
#16150=CARTESIAN_POINT('',(0.0154596110389611,-0.0122000405844156,-0.0668625));
#16151=CARTESIAN_POINT('',(0.0153676366726957,-0.0121080662181502,-0.0679137718169262));
#16152=CARTESIAN_POINT('',(0.0154596110389611,0.,-0.0668625));
#16153=CARTESIAN_POINT('',(0.0154377388730796,-1.25047070642635E-18,-0.0671125));
#16154=CARTESIAN_POINT('',(0.0154377388730796,-0.0127686488365536,-0.0671125));
#16155=CARTESIAN_POINT('',(0.0154596110389611,0.,-0.0668625));
#16156=CARTESIAN_POINT('',(0.0154596110389611,-0.0127905210024351,-0.0668625));
#16157=CARTESIAN_POINT('',(0.0153631851250255,-0.0126940950884996,-0.0679646532396243));
#16158=CARTESIAN_POINT('',(0.,-0.0127905210024351,-0.0668625));
#16159=CARTESIAN_POINT('',(0.015490000008,-0.0127686488365536,-0.0671125));
#16160=CARTESIAN_POINT('',(0.014800387259849,-0.0127686488365536,-0.0671125));
#16161=CARTESIAN_POINT('',(0.,-0.0127905210024351,-0.0668625));
#16162=CARTESIAN_POINT('',(0.0148222594257305,-0.0127905210024351,-0.0668625));
#16163=CARTESIAN_POINT('',(0.014725833511795,-0.0126940950884996,-0.0679646532396243));
#16164=CARTESIAN_POINT('',(0.0148222594257305,0.,-0.0668625));
#16165=CARTESIAN_POINT('',(0.014800387259849,-1.25047070642635E-18,-0.0671125));
#16166=CARTESIAN_POINT('',(0.0148222594257305,0.,-0.0668625));
#16167=CARTESIAN_POINT('',(0.,0.,-0.0668625));
#16168=CARTESIAN_POINT('',(0.0154596110389611,0.,-0.0668625));
#16169=CARTESIAN_POINT('',(0.0154377388730796,-1.25047070642635E-18,-0.0671125));
#16170=CARTESIAN_POINT('',(0.0154377388730796,0.0138609549580893,-0.0671125));
#16171=CARTESIAN_POINT('',(0.0154377388730796,0.0121892822070893,-0.0671125));
#16172=CARTESIAN_POINT('',(0.0155639419107069,0.0137347519204619,-0.0656699926791522));
#16173=CARTESIAN_POINT('',(0.0154596110389611,0.0138390827922078,-0.0668625));
#16174=CARTESIAN_POINT('',(0.0154596110389611,0.,-0.0668625));
#16175=CARTESIAN_POINT('',(0.0154596110389611,0.0122111543729708,-0.0668625));
#16176=CARTESIAN_POINT('',(0.0153430632358469,0.0120946065698566,-0.0681946474853666));
#16177=CARTESIAN_POINT('',(0.,0.0122111543729708,-0.0668625));
#16178=CARTESIAN_POINT('',(0.015490000008,0.0121892822070893,-0.0671125));
#16179=CARTESIAN_POINT('',(0.0159144377502971,0.0121892822070893,-0.0671125));
#16180=CARTESIAN_POINT('',(0.,0.0122111543729708,-0.0668625));
#16181=CARTESIAN_POINT('',(0.0158925655844156,0.0122111543729708,-0.0668625));
#16182=CARTESIAN_POINT('',(0.0159846237359481,0.0121190962214383,-0.0679147294869115));
#16183=CARTESIAN_POINT('',(0.0158925655844156,0.,-0.0668625));
#16184=CARTESIAN_POINT('',(0.0159144377502971,-1.25047070642635E-18,-0.0671125));
#16185=CARTESIAN_POINT('',(0.0159144377502971,0.0138609549580893,-0.0671125));
#16186=CARTESIAN_POINT('',(0.0158925655844156,0.,-0.0668625));
#16187=CARTESIAN_POINT('',(0.0158925655844156,0.0138390827922078,-0.0668625));
#16188=CARTESIAN_POINT('',(0.0157727537987216,0.0137192710065139,-0.0654930450230314));
#16189=CARTESIAN_POINT('',(0.,0.0138390827922078,-0.0668625));
#16190=CARTESIAN_POINT('',(0.015490000008,0.0138609549580893,-0.0671125));
#16191=CARTESIAN_POINT('',(0.,0.0138390827922078,-0.0668625));
#16192=CARTESIAN_POINT('',(0.,0.,-0.0668625));
#16193=CARTESIAN_POINT('',(0.0168114234812589,-0.0140184321784746,-0.0635));
#16194=CARTESIAN_POINT('',(0.0101854,-0.0118872,-0.0774095078800817));
#16195=CARTESIAN_POINT('',(0.0101854,-0.0118872,-0.0672141));
#16196=CARTESIAN_POINT('',(0.0101854,-0.0154559,-0.0672141));
#16197=CARTESIAN_POINT('',(0.0101854,-0.0118872,-0.0671125));
#16198=CARTESIAN_POINT('',(0.0066167,-0.0118872,-0.0671125));
#16199=CARTESIAN_POINT('',(0.015490000008,-1.25047070642635E-18,-0.0672141));
#16200=CARTESIAN_POINT('',(0.0101854,-0.0118872,-0.0672141));
#16201=CARTESIAN_POINT('',(0.0101854,-0.013716,-0.0672141));
#16202=CARTESIAN_POINT('',(0.0101854,-0.0118872,-0.0593401));
#16203=CARTESIAN_POINT('',(0.0101854,-0.0118872,-0.0593401));
#16204=CARTESIAN_POINT('',(0.0101854,-0.013716,-0.0593401));
#16205=CARTESIAN_POINT('',(0.0101854,0.0118872,-0.0593401));
#16206=CARTESIAN_POINT('',(0.015490000008,-1.25047070642635E-18,-0.0671125));
#16207=CARTESIAN_POINT('',(0.0101854,0.0118872,-0.0671125));
#16208=CARTESIAN_POINT('',(0.0066167,0.0118872,-0.0671125));
#16209=CARTESIAN_POINT('',(0.00276849377015875,-0.022501,-0.0671125));
#16210=CARTESIAN_POINT('',(0.0101854,0.0118872,-0.0774095078800817));
#16211=CARTESIAN_POINT('',(0.0101854,0.0118872,-0.0672141));
#16212=CARTESIAN_POINT('',(0.0101854,0.0083185,-0.0672141));
#16213=CARTESIAN_POINT('',(0.015490000008,-1.25047070642635E-18,-0.0672141));
#16214=CARTESIAN_POINT('',(0.0101854,0.0118872,-0.0672141));
#16215=CARTESIAN_POINT('',(0.0101854,0.0100584,-0.0672141));
#16216=CARTESIAN_POINT('',(0.0101854,0.0118872,-0.0593401));
#16217=CARTESIAN_POINT('',(0.0101854,0.0118872,-0.0593401));
#16218=CARTESIAN_POINT('',(0.0101854,0.0100584,-0.0593401));
#16219=CARTESIAN_POINT('',(0.0101854,0.0118872,-0.0593401));
#16220=CARTESIAN_POINT('',(0.,0.,-0.0639375));
#16221=CARTESIAN_POINT('',(0.00163831732595437,0.,-0.065112499936));
#16222=CARTESIAN_POINT('',(0.002778000032,0.,-0.065112499936));
#16223=CARTESIAN_POINT('',(0.00280614632307962,0.02156813193006,-0.0635));
#16224=CARTESIAN_POINT('',(0.00278512750713756,0.0215390686176171,-0.0647041671588448));
#16225=CARTESIAN_POINT('',(0.00276410869974555,0.0215099849967255,-0.0659083338278575));
#16226=CARTESIAN_POINT('',(0.00274308990102644,0.0214808808189848,-0.0671125));
#16227=CARTESIAN_POINT('',(0.,0.,-0.063493455762923));
#16228=CARTESIAN_POINT('',(0.00276849377015875,0.0214776214979484,-0.0671125));
#16229=CARTESIAN_POINT('',(0.00278951256891743,0.0215067052312569,-0.065908333825591));
#16230=CARTESIAN_POINT('',(0.00281053137630921,0.0215357684876127,-0.0647041671565913));
#16231=CARTESIAN_POINT('',(0.00283155019221195,0.0215648115143163,-0.0635));
#16232=CARTESIAN_POINT('',(0.00276849377015875,-0.022501,-0.0671125));
#16233=CARTESIAN_POINT('',(0.00276849377015875,-0.022501,-0.0671125));
#16234=CARTESIAN_POINT('',(0.00276849377015875,-0.022501,-0.0671125));
#16235=CARTESIAN_POINT('',(0.00283155019221195,-0.0215648115143163,-0.0635));
#16236=CARTESIAN_POINT('',(0.00281053137630921,-0.0215357684876127,-0.0647041671565913));
#16237=CARTESIAN_POINT('',(0.00278951256891743,-0.0215067052312569,-0.065908333825591));
#16238=CARTESIAN_POINT('',(0.00276849377015875,-0.0214776214979484,-0.0671125));
#16239=CARTESIAN_POINT('',(0.,0.,-0.063493455762923));
#16240=CARTESIAN_POINT('',(0.00274308990102644,-0.0214808808189848,-0.0671125));
#16241=CARTESIAN_POINT('',(0.00276410869974555,-0.0215099849967255,-0.0659083338278575));
#16242=CARTESIAN_POINT('',(0.00278512750713756,-0.0215390686176171,-0.0647041671588448));
#16243=CARTESIAN_POINT('',(0.00280614632307962,-0.0215681319300599,-0.0635));
#16244=CARTESIAN_POINT('',(0.002778000032,0.,-0.065112499936));
#16245=CARTESIAN_POINT('',(0.015490000008,-1.25047070642635E-18,-0.0671125));
#16246=CARTESIAN_POINT('',(0.015490000008,-1.25047070642635E-18,-0.0671125));
#16247=CARTESIAN_POINT('',(0.015490000008,-1.25047070642635E-18,-0.0671125));
#16248=CARTESIAN_POINT('',(0.015490000008,-1.25047070642635E-18,-0.0671125));
#16249=CARTESIAN_POINT('',(0.015490000008,-1.25047070642635E-18,-0.0671125));
#16250=CARTESIAN_POINT('',(0.00177336145159285,0.00112058996406479,-0.0671125));
#16251=CARTESIAN_POINT('',(0.00177330052501535,0.000920559498456005,-0.0671125));
#16252=CARTESIAN_POINT('',(0.0016034071949808,0.00101505010987303,-0.0671125));
#16253=CARTESIAN_POINT('',(0.015490000008,0.000920559498456008,-0.0671125));
#16254=CARTESIAN_POINT('',(0.0118072329678346,0.000920559498456007,-0.0671125));
#16255=CARTESIAN_POINT('',(0.0154646000080001,-1.4826276754244E-17,-0.0671125));
#16256=CARTESIAN_POINT('',(0.0118072329678346,-0.000920559498456034,-0.0671125));
#16257=CARTESIAN_POINT('',(0.015490000008,-0.000920559498456034,-0.0671125));
#16258=CARTESIAN_POINT('',(0.00177330052501535,-0.000920559498456033,-0.0671125));
#16259=CARTESIAN_POINT('',(0.00177336145159285,-0.00112058996406481,-0.0671125));
#16260=CARTESIAN_POINT('',(0.0016034071949808,-0.00101505010987305,-0.0671125));
#16261=CARTESIAN_POINT('',(0.0016034071949808,0.,-0.0671125));
#16262=CARTESIAN_POINT('',(0.0016034071949808,-0.00075,-0.0671125));
#16263=CARTESIAN_POINT('',(0.00163831732595437,-0.00075,-0.0671125));
#16264=CARTESIAN_POINT('',(0.0105,-0.00075,-0.0671125));
#16265=CARTESIAN_POINT('',(0.0105,0.00075,-0.0671125));
#16266=CARTESIAN_POINT('',(0.0105,0.00075,-0.0671125));
#16267=CARTESIAN_POINT('',(0.015490000008,0.00075,-0.0671125));
#16268=CARTESIAN_POINT('',(0.0016034071949808,0.00075,-0.0671125));
#16269=CARTESIAN_POINT('',(0.0016034071949808,0.,-0.0671125));
#16270=CARTESIAN_POINT('',(0.00163831732595437,0.,-0.065112499936));
#16271=CARTESIAN_POINT('',(0.00150881768541243,0.00092046060030465,-0.0725315293738447));
#16272=CARTESIAN_POINT('',(0.00150784769652478,0.000919490611417007,-0.0725871));
#16273=CARTESIAN_POINT('',(0.00160341782489735,0.000750010629916546,-0.067111891012489));
#16274=CARTESIAN_POINT('',(0.00153358693526793,0.00068017974028713,-0.0711125));
#16275=CARTESIAN_POINT('',(0.00153358693526793,0.00075,-0.0711125));
#16276=CARTESIAN_POINT('',(0.00153358693526793,-0.000680179740287131,-0.0711125));
#16277=CARTESIAN_POINT('',(0.00160341782489735,-0.000750010629916546,-0.067111891012489));
#16278=CARTESIAN_POINT('',(0.00150881768541243,-0.000920460600304677,-0.0725315293738447));
#16279=CARTESIAN_POINT('',(0.00150784769652478,-0.000919490611417034,-0.0725871));
#16280=CARTESIAN_POINT('',(0.00150784769652478,0.,-0.0725871));
#16281=CARTESIAN_POINT('',(0.00163831732595437,0.00075,-0.0671125));
#16282=CARTESIAN_POINT('',(0.0105,0.00075,-0.0671125));
#16283=CARTESIAN_POINT('',(0.0104822348431047,0.000732234843104715,-0.0681302651568953));
#16284=CARTESIAN_POINT('',(0.00656990971118561,0.00066394495390677,-0.0720425902888144));
#16285=CARTESIAN_POINT('',(0.0075,0.00068017974028713,-0.0711125));
#16286=CARTESIAN_POINT('',(0.00163831732595437,0.00068017974028713,-0.0711125));
#16287=CARTESIAN_POINT('',(0.0075,0.00075,-0.0711125));
#16288=CARTESIAN_POINT('',(0.0075,0.00075,-0.0711125));
#16289=CARTESIAN_POINT('',(0.0075,-0.00068017974028713,-0.0711125));
#16290=CARTESIAN_POINT('',(0.00163831732595437,-0.00068017974028713,-0.0711125));
#16291=CARTESIAN_POINT('',(0.00163831732595437,-0.00075,-0.0671125));
#16292=CARTESIAN_POINT('',(0.0104973016730487,-0.000747301673048748,-0.0672670870475045));
#16293=CARTESIAN_POINT('',(0.0104822348431047,-0.000732234843104715,-0.0681302651568953));
#16294=CARTESIAN_POINT('',(0.0104870630117659,-0.00073231911910218,-0.0681254369882341));
#16295=CARTESIAN_POINT('',(0.0105,0.00075,-0.0671125));
#16296=CARTESIAN_POINT('',(0.0104822348431047,0.00075,-0.0681302651568953));
#16297=CARTESIAN_POINT('',(0.0105,0.00075,-0.0681125));
#16298=CARTESIAN_POINT('',(0.00167868805579074,-0.0010259165682627,-0.0725363352129568));
#16299=CARTESIAN_POINT('',(0.00177368299419055,-0.00092094196763123,-0.067090588355628));
#16300=CARTESIAN_POINT('',(0.00167774102655933,-0.000825000000000013,-0.0725871));
#16301=CARTESIAN_POINT('',(0.00167780195313683,-0.00102503046560879,-0.0725871));
#16302=CARTESIAN_POINT('',(0.00167868805579074,0.00102591656826267,-0.0725363352129568));
#16303=CARTESIAN_POINT('',(0.00167768013708535,0.000824939110526006,-0.072590588355628));
#16304=CARTESIAN_POINT('',(0.00167774102655933,0.000824999999999985,-0.0725871));
#16305=CARTESIAN_POINT('',(0.00167780195313683,0.00102503046560877,-0.0725871));
#16306=CARTESIAN_POINT('',(0.00478791732595436,-0.0167860323653229,-0.0725871));
#16307=CARTESIAN_POINT('',(0.00478791732595436,-0.000825000000000013,-0.0725871));
#16308=CARTESIAN_POINT('',(0.0116866291240466,-0.000825000000000014,-0.0725871));
#16309=CARTESIAN_POINT('',(0.0154646000080001,-1.4826276754244E-17,-0.0725871));
#16310=CARTESIAN_POINT('',(0.0116866291240466,0.000824999999999986,-0.0725871));
#16311=CARTESIAN_POINT('',(0.00478791732595436,0.000824999999999985,-0.0725871));
#16312=CARTESIAN_POINT('',(0.00478791732595436,0.000824999999999986,-0.0725871));
#16313=CARTESIAN_POINT('',(0.0118066348014633,0.000920093157498251,-0.0671392166555767));
#16314=CARTESIAN_POINT('',(0.0118060366350921,0.000919626816540494,-0.0671659333111534));
#16315=CARTESIAN_POINT('',(7.67995306226974,-0.0020749697813377,-0.238726256988484));
#16316=CARTESIAN_POINT('',(0.0154646000080001,-1.4826276754244E-17,-0.0725871));
#16317=CARTESIAN_POINT('',(7.67621424744601,0.00207354017765526,-0.238644354869775));
#16318=CARTESIAN_POINT('',(0.00478791732595436,-0.000825000000000013,-0.0725871));
#16319=CARTESIAN_POINT('',(0.0233746,-0.0167860323653229,-0.0725871));
#16320=CARTESIAN_POINT('',(0.0235255793296031,-1.44052627120428E-18,-0.0639375));
#16321=CARTESIAN_POINT('',(0.0235255793296031,0.0009759793296031,-0.0639375));
#16322=CARTESIAN_POINT('',(0.0235255793296031,-0.000975979329603126,-0.0639375));
#16323=CARTESIAN_POINT('',(0.0233689404713711,0.000819340471371117,-0.0729113341779963));
#16324=CARTESIAN_POINT('',(0.0233746,0.000824999999999989,-0.0725871));
#16325=CARTESIAN_POINT('',(0.0233746,-0.0167860323653229,-0.0725871));
#16326=CARTESIAN_POINT('',(0.0233746,-0.000825000000000015,-0.0725871));
#16327=CARTESIAN_POINT('',(0.0233794600345313,-0.000829860034531301,-0.0723086688081785));
#16328=CARTESIAN_POINT('',(0.00478791732595436,0.000824999999999986,-0.0725871));
#16329=CARTESIAN_POINT('',(-1.81834205699549E-19,0.000975979329603096,-0.0639375));
#16330=CARTESIAN_POINT('',(0.0205884985220415,0.000975979329603099,-0.0639375));
#16331=CARTESIAN_POINT('',(-12.1156603333456,-0.0034898210615905,-0.31978303312646));
#16332=CARTESIAN_POINT('',(0.0207678126192387,0.000824999999999989,-0.0725871));
#16333=CARTESIAN_POINT('',(0.00478791732595436,0.000824999999999986,-0.0725871));
#16334=CARTESIAN_POINT('',(0.00478791732595436,-0.000825000000000013,-0.0725871));
#16335=CARTESIAN_POINT('',(-7.0265659136456E-20,-0.000975979329603124,-0.0639375));
#16336=CARTESIAN_POINT('',(0.0205884985220415,-0.000975979329603125,-0.0639375));
#16337=CARTESIAN_POINT('',(0.00478791732595436,-0.000825000000000014,-0.0725871));
#16338=CARTESIAN_POINT('',(0.0207678126192387,-0.000825000000000015,-0.0725871));
#16339=CARTESIAN_POINT('',(-12.1156603326979,0.00348982106119566,-0.319783033113038));
#16340=CARTESIAN_POINT('',(0.0154646000080001,-1.4826276754244E-17,-0.0725871));
#16341=CARTESIAN_POINT('',(0.0154646000080001,-1.4826276754244E-17,-0.0639375));
#16342=CARTESIAN_POINT('',(0.0154646000080001,-1.4826276754244E-17,-0.0725871));
#16343=CARTESIAN_POINT('',(0.00478791732595436,-0.0167860323653229,-0.0725871));
#16344=CARTESIAN_POINT('',(0.,0.,-0.0639375));
#16345=CARTESIAN_POINT('',(0.0126627606577997,0.00874268543039094,-0.0680119144856692));
#16346=MECHANICAL_DESIGN_GEOMETRIC_PRESENTATION_REPRESENTATION('',(#8667,#8668,#8669,#111,#112,#113,#114,#115,#116,#117,#118,#119,#120,#121,#122,#123,#124,#125,#126,#127,#128,#129,#130,#131,#132,#133,#134,#135,#136,#137,#138,#139,#140,#141,#142,#143,#144,#145,#146,#147,#148,#149,#150,#151,#152,#153,#154,#155,#156,#157,#158,#159,#160,#161,#162,#163,#164,#165,#166,#167,#168,#169,#170,#171,#172,#173,#174,#175,#176,#177,#178,#179,#180,#181,#182,#183,#184),#16347);
#16347=(
GEOMETRIC_REPRESENTATION_CONTEXT(3)
GLOBAL_UNCERTAINTY_ASSIGNED_CONTEXT((#16351))
GLOBAL_UNIT_ASSIGNED_CONTEXT((#16357,#16356,#16355))
REPRESENTATION_CONTEXT('drone_assembly','TOP_LEVEL_ASSEMBLY_PART')
);
#16348=(
GEOMETRIC_REPRESENTATION_CONTEXT(3)
GLOBAL_UNCERTAINTY_ASSIGNED_CONTEXT((#16352))
GLOBAL_UNIT_ASSIGNED_CONTEXT((#16357,#16356,#16355))
REPRESENTATION_CONTEXT('Part 1','COMPONENT_PART')
);
#16349=(
GEOMETRIC_REPRESENTATION_CONTEXT(3)
GLOBAL_UNCERTAINTY_ASSIGNED_CONTEXT((#16353))
GLOBAL_UNIT_ASSIGNED_CONTEXT((#16357,#16356,#16355))
REPRESENTATION_CONTEXT('Part 1','COMPONENT_PART')
);
#16350=(
GEOMETRIC_REPRESENTATION_CONTEXT(3)
GLOBAL_UNCERTAINTY_ASSIGNED_CONTEXT((#16354))
GLOBAL_UNIT_ASSIGNED_CONTEXT((#16357,#16356,#16355))
REPRESENTATION_CONTEXT('Kraken X44 Brushless Motor','COMPONENT_PART')
);
#16351=UNCERTAINTY_MEASURE_WITH_UNIT(LENGTH_MEASURE(1.E-08),#16357,'DISTANCE_ACCURACY_VALUE','Maximum Tolerance applied to model');
#16352=UNCERTAINTY_MEASURE_WITH_UNIT(LENGTH_MEASURE(2.E-05),#16357,'DISTANCE_ACCURACY_VALUE','Maximum Tolerance applied to model');
#16353=UNCERTAINTY_MEASURE_WITH_UNIT(LENGTH_MEASURE(1.E-08),#16357,'DISTANCE_ACCURACY_VALUE','Maximum Tolerance applied to model');
#16354=UNCERTAINTY_MEASURE_WITH_UNIT(LENGTH_MEASURE(3.0861639059905E-05),#16357,'DISTANCE_ACCURACY_VALUE','Maximum Tolerance applied to model');
#16355=(
NAMED_UNIT(*)
SI_UNIT($,.STERADIAN.)
SOLID_ANGLE_UNIT()
);
#16356=(
NAMED_UNIT(*)
PLANE_ANGLE_UNIT()
SI_UNIT($,.RADIAN.)
);
#16357=(
LENGTH_UNIT()
NAMED_UNIT(*)
SI_UNIT($,.METRE.)
);
#16358=PRODUCT_DEFINITION_SHAPE('','',#16365);
#16359=PRODUCT_DEFINITION_SHAPE('','',#16366);
#16360=PRODUCT_DEFINITION_SHAPE(' ','NAUO PRDDFN',#189);
#16361=PRODUCT_DEFINITION_SHAPE('','',#16367);
#16362=PRODUCT_DEFINITION_SHAPE(' ','NAUO PRDDFN',#190);
#16363=PRODUCT_DEFINITION_SHAPE('','',#16368);
#16364=PRODUCT_DEFINITION_SHAPE(' ','NAUO PRDDFN',#191);
#16365=PRODUCT_DEFINITION('','',#16373,#16369);
#16366=PRODUCT_DEFINITION('','',#16374,#16370);
#16367=PRODUCT_DEFINITION('','',#16375,#16371);
#16368=PRODUCT_DEFINITION('','',#16376,#16372);
#16369=PRODUCT_DEFINITION_CONTEXT('',#16394,'design');
#16370=PRODUCT_DEFINITION_CONTEXT('',#16394,'design');
#16371=PRODUCT_DEFINITION_CONTEXT('',#16394,'design');
#16372=PRODUCT_DEFINITION_CONTEXT('',#16394,'design');
#16373=PRODUCT_DEFINITION_FORMATION_WITH_SPECIFIED_SOURCE('','',#16381,.NOT_KNOWN.);
#16374=PRODUCT_DEFINITION_FORMATION_WITH_SPECIFIED_SOURCE('','',#16382,.NOT_KNOWN.);
#16375=PRODUCT_DEFINITION_FORMATION_WITH_SPECIFIED_SOURCE('','',#16383,.NOT_KNOWN.);
#16376=PRODUCT_DEFINITION_FORMATION_WITH_SPECIFIED_SOURCE('','',#16384,.NOT_KNOWN.);
#16377=PRODUCT_RELATED_PRODUCT_CATEGORY('','',(#16381));
#16378=PRODUCT_RELATED_PRODUCT_CATEGORY('','',(#16382));
#16379=PRODUCT_RELATED_PRODUCT_CATEGORY('','',(#16383));
#16380=PRODUCT_RELATED_PRODUCT_CATEGORY('','',(#16384));
#16381=PRODUCT('drone_assembly','drone_assembly','drone_assembly',(#16389));
#16382=PRODUCT('Part 1','Part 1','Part 1',(#16390));
#16383=PRODUCT('Part 1','Part 1','Part 1',(#16391));
#16384=PRODUCT('Kraken X44 Brushless Motor','Kraken X44 Brushless Motor','Kraken X44 Brushless Motor',(#16392));
#16385=PRODUCT_CATEGORY('','');
#16386=PRODUCT_CATEGORY('','');
#16387=PRODUCT_CATEGORY('','');
#16388=PRODUCT_CATEGORY('','');
#16389=PRODUCT_CONTEXT('',#16394,'mechanical');
#16390=PRODUCT_CONTEXT('',#16394,'mechanical');
#16391=PRODUCT_CONTEXT('',#16394,'mechanical');
#16392=PRODUCT_CONTEXT('',#16394,'mechanical');
#16393=APPLICATION_PROTOCOL_DEFINITION('international standard','ap242_managed_model_based_3d_engineering',2020,#16394);
#16394=APPLICATION_CONTEXT('managed model based 3d engineering');
ENDSEC;
END-ISO-10303-21;
